-- --------------------------------------------------------
-- Host:                         127.0.0.1
-- Versión del servidor:         8.0.30 - MySQL Community Server - GPL
-- SO del servidor:              Win64
-- HeidiSQL Versión:             12.1.0.6537
-- --------------------------------------------------------

/*!40101 SET @OLD_CHARACTER_SET_CLIENT=@@CHARACTER_SET_CLIENT */;
/*!40101 SET NAMES utf8 */;
/*!50503 SET NAMES utf8mb4 */;
/*!40103 SET @OLD_TIME_ZONE=@@TIME_ZONE */;
/*!40103 SET TIME_ZONE='+00:00' */;
/*!40014 SET @OLD_FOREIGN_KEY_CHECKS=@@FOREIGN_KEY_CHECKS, FOREIGN_KEY_CHECKS=0 */;
/*!40101 SET @OLD_SQL_MODE=@@SQL_MODE, SQL_MODE='NO_AUTO_VALUE_ON_ZERO' */;
/*!40111 SET @OLD_SQL_NOTES=@@SQL_NOTES, SQL_NOTES=0 */;


-- Volcando estructura de base de datos para bdccicsa
CREATE DATABASE IF NOT EXISTS `bdccicsa` /*!40100 DEFAULT CHARACTER SET utf8mb4 COLLATE utf8mb4_general_ci */ /*!80016 DEFAULT ENCRYPTION='N' */;
USE `bdccicsa`;

-- Volcando estructura para tabla bdccicsa.atencions
CREATE TABLE IF NOT EXISTS `atencions` (
  `id` bigint unsigned NOT NULL AUTO_INCREMENT,
  `descripcion` varchar(80) COLLATE utf8mb4_unicode_ci NOT NULL,
  `orden` int NOT NULL,
  `estado` char(1) COLLATE utf8mb4_unicode_ci NOT NULL DEFAULT '1',
  `created_at` timestamp NULL DEFAULT NULL,
  `updated_at` timestamp NULL DEFAULT NULL,
  PRIMARY KEY (`id`)
) ENGINE=InnoDB AUTO_INCREMENT=11 DEFAULT CHARSET=utf8mb4 COLLATE=utf8mb4_unicode_ci;

-- Volcando datos para la tabla bdccicsa.atencions: ~10 rows (aproximadamente)
DELETE FROM `atencions`;
INSERT INTO `atencions` (`id`, `descripcion`, `orden`, `estado`, `created_at`, `updated_at`) VALUES
	(1, 'Se informa la avería', 1, '1', NULL, NULL),
	(2, 'Brigada en sitio', 2, '1', NULL, NULL),
	(3, 'Acceso concedido', 3, '1', NULL, NULL),
	(4, 'Se realiza la medición', 4, '1', NULL, NULL),
	(5, 'Se ubica el punto de avería', 5, '1', NULL, NULL),
	(6, 'Inicio de fusión cable', 6, '1', NULL, NULL),
	(7, 'Se solicita la validación del servicio', 7, '1', NULL, NULL),
	(8, 'Se confirma la validación', 8, '1', NULL, NULL),
	(9, 'Se finaliza las fusiones', 9, '1', NULL, NULL),
	(10, 'Se culmina trabajo la brigada procede a retirarse', 10, '1', NULL, NULL);

-- Volcando estructura para tabla bdccicsa.bitacoras
CREATE TABLE IF NOT EXISTS `bitacoras` (
  `id` bigint unsigned NOT NULL AUTO_INCREMENT,
  `nombre` varchar(250) CHARACTER SET utf8mb4 COLLATE utf8mb4_unicode_ci NOT NULL,
  `fecha_inicial` timestamp NULL DEFAULT NULL,
  `sot` varchar(45) COLLATE utf8mb4_unicode_ci DEFAULT NULL,
  `insidencia` varchar(45) COLLATE utf8mb4_unicode_ci DEFAULT NULL,
  `tipo_averia_id` bigint unsigned NOT NULL,
  `latitud` varchar(25) COLLATE utf8mb4_unicode_ci DEFAULT NULL,
  `longitud` varchar(25) COLLATE utf8mb4_unicode_ci DEFAULT NULL,
  `distancia` int DEFAULT NULL,
  `red_id` bigint unsigned NOT NULL,
  `serv_id` bigint unsigned NOT NULL,
  `site_id` bigint unsigned NOT NULL,
  `resp_cicsa_id` bigint unsigned NOT NULL,
  `resp_claro_id` bigint unsigned NOT NULL,
  `estado` char(1) COLLATE utf8mb4_unicode_ci NOT NULL DEFAULT '0',
  `causa_averia_id` bigint unsigned DEFAULT NULL,
  `consecuencia_averia_id` bigint unsigned DEFAULT NULL,
  `tipo_reparacion_id` bigint unsigned DEFAULT NULL,
  `herramientas` text COLLATE utf8mb4_unicode_ci,
  `created_at` timestamp NULL DEFAULT NULL,
  `updated_at` timestamp NULL DEFAULT NULL,
  PRIMARY KEY (`id`),
  KEY `bitacoras_tipo_averia_id_foreign` (`tipo_averia_id`),
  KEY `bitacoras_red_id_foreign` (`red_id`),
  KEY `bitacoras_serv_id_foreign` (`serv_id`),
  KEY `bitacoras_site_id_foreign` (`site_id`),
  KEY `bitacoras_resp_cicsa_id_foreign` (`resp_cicsa_id`),
  KEY `bitacoras_resp_claro_id_foreign` (`resp_claro_id`),
  KEY `bitacoras_causa_averia_id_foreign` (`causa_averia_id`),
  KEY `bitacoras_consecuencia_averia_id_foreign` (`consecuencia_averia_id`),
  KEY `bitacoras_tipo_reparacion_id_foreign` (`tipo_reparacion_id`),
  CONSTRAINT `bitacoras_causa_averia_id_foreign` FOREIGN KEY (`causa_averia_id`) REFERENCES `causa_averias` (`id`),
  CONSTRAINT `bitacoras_consecuencia_averia_id_foreign` FOREIGN KEY (`consecuencia_averia_id`) REFERENCES `consecuencia_averias` (`id`),
  CONSTRAINT `bitacoras_red_id_foreign` FOREIGN KEY (`red_id`) REFERENCES `reds` (`id`),
  CONSTRAINT `bitacoras_resp_cicsa_id_foreign` FOREIGN KEY (`resp_cicsa_id`) REFERENCES `users` (`id`),
  CONSTRAINT `bitacoras_resp_claro_id_foreign` FOREIGN KEY (`resp_claro_id`) REFERENCES `users` (`id`),
  CONSTRAINT `bitacoras_serv_id_foreign` FOREIGN KEY (`serv_id`) REFERENCES `servs` (`id`),
  CONSTRAINT `bitacoras_site_id_foreign` FOREIGN KEY (`site_id`) REFERENCES `sites` (`id`),
  CONSTRAINT `bitacoras_tipo_averia_id_foreign` FOREIGN KEY (`tipo_averia_id`) REFERENCES `tipo_averias` (`id`),
  CONSTRAINT `bitacoras_tipo_reparacion_id_foreign` FOREIGN KEY (`tipo_reparacion_id`) REFERENCES `tipo_reparacions` (`id`)
) ENGINE=InnoDB AUTO_INCREMENT=13 DEFAULT CHARSET=utf8mb4 COLLATE=utf8mb4_unicode_ci;

-- Volcando datos para la tabla bdccicsa.bitacoras: ~5 rows (aproximadamente)
DELETE FROM `bitacoras`;
INSERT INTO `bitacoras` (`id`, `nombre`, `fecha_inicial`, `sot`, `insidencia`, `tipo_averia_id`, `latitud`, `longitud`, `distancia`, `red_id`, `serv_id`, `site_id`, `resp_cicsa_id`, `resp_claro_id`, `estado`, `causa_averia_id`, `consecuencia_averia_id`, `tipo_reparacion_id`, `herramientas`, `created_at`, `updated_at`) VALUES
	(7, 'AVERIA FTTH, ALARMAS POR FIBRA EN PLANOS DE LA TRONCAL 02 TAMBOGRANDE01', '2024-07-07 17:00:00', NULL, NULL, 2, NULL, NULL, 10, 3, 3, 1021, 21, 22, '4', 53, 1, 1, '- escalera telescopica\r\n- 10 mt de cable', '2024-07-08 21:42:04', '2024-07-18 00:16:16'),
	(8, 'AVERIA FTTH PLANO PIUT003-F FAT 23, NIVELES FUERA DE RANGO', '2024-07-08 17:00:00', '71976015', NULL, 2, '-4.5882', '-81.2570', 20, 3, 3, 1018, 21, 22, '0', NULL, NULL, NULL, NULL, '2024-07-08 21:46:58', '2024-07-08 21:46:58'),
	(9, 'AVERIA FTTH PLANO PIUT003-F FAT 23, NIVELES FUERA DE RANGO', '2024-07-08 17:00:00', '71976015', NULL, 2, '-4.582527923', '-81.26463897', 30, 3, 3, 1018, 21, 22, '0', NULL, NULL, NULL, NULL, '2024-07-08 21:54:13', '2024-07-08 21:54:13'),
	(10, 'AVERIA FTTH PLANO PIUT003-F FAT 23, NIVELES FUERA DE RANGO', '2024-07-08 17:00:00', '11111', NULL, 2, '-6.782489', '-79.841042', 40, 5, 5, 61, 20, 25, '0', NULL, NULL, NULL, NULL, '2024-07-08 23:07:38', '2024-07-08 23:07:38'),
	(11, 'wwwwwwwww', '2024-07-08 17:00:00', 'dddd', 'ddd', 2, NULL, NULL, 50, 3, 3, 25, 21, 26, '0', NULL, NULL, NULL, NULL, '2024-07-09 01:27:54', '2024-07-09 01:27:54'),
	(12, 'AVERIA FTTH PLANO PIUT003-F FAT 23, NIVELES FUERA DE RANGO', '2024-07-10 17:00:00', NULL, NULL, 2, NULL, NULL, NULL, 2, 2, 25, 20, 27, '0', NULL, NULL, NULL, NULL, '2024-07-11 01:34:13', '2024-07-11 01:34:13');

-- Volcando estructura para tabla bdccicsa.bitacora_atencion
CREATE TABLE IF NOT EXISTS `bitacora_atencion` (
  `id` bigint unsigned NOT NULL AUTO_INCREMENT,
  `hora` char(5) CHARACTER SET utf8mb4 COLLATE utf8mb4_unicode_ci NOT NULL,
  `descripcion` varchar(250) COLLATE utf8mb4_unicode_ci NOT NULL DEFAULT '',
  `orden` int NOT NULL,
  `is_coment` char(1) COLLATE utf8mb4_unicode_ci NOT NULL,
  `bitacora_id` bigint unsigned NOT NULL,
  `atencion_id` bigint unsigned NOT NULL,
  `parent_id` bigint unsigned DEFAULT NULL,
  `created_at` timestamp NULL DEFAULT NULL,
  `updated_at` timestamp NULL DEFAULT NULL,
  PRIMARY KEY (`id`),
  KEY `bitacora_atencion_bitacora_id_foreign` (`bitacora_id`),
  KEY `bitacora_atencion_atencion_id_foreign` (`atencion_id`),
  KEY `bitacora_atencion_parent_id_foreign` (`parent_id`),
  CONSTRAINT `bitacora_atencion_atencion_id_foreign` FOREIGN KEY (`atencion_id`) REFERENCES `atencions` (`id`),
  CONSTRAINT `bitacora_atencion_bitacora_id_foreign` FOREIGN KEY (`bitacora_id`) REFERENCES `bitacoras` (`id`),
  CONSTRAINT `bitacora_atencion_parent_id_foreign` FOREIGN KEY (`parent_id`) REFERENCES `bitacora_atencion` (`id`) ON DELETE CASCADE
) ENGINE=InnoDB AUTO_INCREMENT=181 DEFAULT CHARSET=utf8mb4 COLLATE=utf8mb4_unicode_ci;

-- Volcando datos para la tabla bdccicsa.bitacora_atencion: ~24 rows (aproximadamente)
DELETE FROM `bitacora_atencion`;
INSERT INTO `bitacora_atencion` (`id`, `hora`, `descripcion`, `orden`, `is_coment`, `bitacora_id`, `atencion_id`, `parent_id`, `created_at`, `updated_at`) VALUES
	(7, '08:00', 'otra bitacora', 1, '0', 11, 1, NULL, NULL, NULL),
	(41, '09:20', 'paso 1', 1, '0', 12, 1, NULL, '2024-07-16 16:35:59', '2024-07-16 16:35:59'),
	(42, '23:50', 'paso 1.2', 1, '0', 12, 1, 41, '2024-07-16 16:35:59', '2024-07-16 16:35:59'),
	(43, '23:55', 'ya casi se termina', 2, '0', 12, 1, 41, '2024-07-16 16:35:59', '2024-07-16 16:35:59'),
	(44, '05:24', 'brigada en sitio', 2, '0', 12, 2, NULL, '2024-07-16 16:35:59', '2024-07-16 16:35:59'),
	(45, '11:20', 'paso 3', 3, '0', 12, 3, NULL, '2024-07-16 16:35:59', '2024-07-16 16:35:59'),
	(46, '11:00', 'paso 4', 4, '0', 12, 4, NULL, '2024-07-16 16:35:59', '2024-07-16 16:35:59'),
	(47, '', '', 5, '0', 12, 9, NULL, '2024-07-16 16:35:59', '2024-07-16 16:35:59'),
	(48, '23:20', 'ultimo paso', 6, '0', 12, 10, NULL, '2024-07-16 16:35:59', '2024-07-16 16:35:59'),
	(175, '10:20', 'llega la informacion', 1, '0', 7, 1, NULL, '2024-07-17 21:37:11', '2024-07-17 21:37:11'),
	(176, '10:25', 'se verifica la informacion', 1, '0', 7, 1, 175, '2024-07-17 21:37:11', '2024-07-17 21:37:11'),
	(177, '', 'se esta imprimiendo informacion', 2, '1', 7, 1, 175, '2024-07-17 21:37:11', '2024-07-17 21:37:11'),
	(178, '', 'falto papel para imprimir', 3, '1', 7, 1, 175, '2024-07-17 21:37:11', '2024-07-17 21:37:11'),
	(179, '', 'se reanuda atencion 18/07', 4, '1', 7, 1, 175, '2024-07-17 21:37:11', '2024-07-17 21:37:11'),
	(180, '10:45', 'nos dieron la llave', 3, '0', 7, 3, NULL, '2024-07-17 21:37:11', '2024-07-17 21:37:11');

-- Volcando estructura para tabla bdccicsa.bitacora_brigada
CREATE TABLE IF NOT EXISTS `bitacora_brigada` (
  `id` bigint unsigned NOT NULL AUTO_INCREMENT,
  `brigada_id` bigint unsigned NOT NULL,
  `bitacora_id` bigint unsigned NOT NULL,
  `created_at` timestamp NULL DEFAULT NULL,
  `updated_at` timestamp NULL DEFAULT NULL,
  PRIMARY KEY (`id`),
  KEY `bitacora_brigada_brigada_id_foreign` (`brigada_id`),
  KEY `bitacora_brigada_bitacora_id_foreign` (`bitacora_id`),
  CONSTRAINT `bitacora_brigada_bitacora_id_foreign` FOREIGN KEY (`bitacora_id`) REFERENCES `bitacoras` (`id`),
  CONSTRAINT `bitacora_brigada_brigada_id_foreign` FOREIGN KEY (`brigada_id`) REFERENCES `brigadas` (`id`)
) ENGINE=InnoDB AUTO_INCREMENT=15 DEFAULT CHARSET=utf8mb4 COLLATE=utf8mb4_unicode_ci;

-- Volcando datos para la tabla bdccicsa.bitacora_brigada: ~8 rows (aproximadamente)
DELETE FROM `bitacora_brigada`;
INSERT INTO `bitacora_brigada` (`id`, `brigada_id`, `bitacora_id`, `created_at`, `updated_at`) VALUES
	(7, 2, 7, '2024-07-08 21:42:04', '2024-07-08 21:42:04'),
	(8, 4, 8, '2024-07-08 21:46:58', '2024-07-08 21:46:58'),
	(9, 4, 9, '2024-07-08 21:54:13', '2024-07-08 21:54:13'),
	(10, 5, 10, '2024-07-08 23:07:38', '2024-07-08 23:07:38'),
	(11, 5, 11, '2024-07-09 01:27:55', '2024-07-09 01:27:55'),
	(12, 4, 7, '2024-07-09 14:53:57', '2024-07-09 14:53:58'),
	(13, 5, 12, '2024-07-11 01:34:13', '2024-07-11 01:34:13'),
	(14, 4, 12, '2024-07-11 01:34:13', '2024-07-11 01:34:13');

-- Volcando estructura para tabla bdccicsa.brigadas
CREATE TABLE IF NOT EXISTS `brigadas` (
  `id` bigint unsigned NOT NULL AUTO_INCREMENT,
  `zona_id` bigint unsigned NOT NULL,
  `tipo_brigada_id` bigint unsigned NOT NULL,
  `contratista_id` bigint unsigned NOT NULL,
  `fecha_alta` date NOT NULL,
  `fecha_baja` date DEFAULT NULL,
  `estado` char(1) COLLATE utf8mb4_unicode_ci NOT NULL DEFAULT '1',
  `created_at` timestamp NULL DEFAULT NULL,
  `updated_at` timestamp NULL DEFAULT NULL,
  PRIMARY KEY (`id`),
  KEY `brigadas_zona_id_foreign` (`zona_id`),
  KEY `brigadas_tipo_brigada_id_foreign` (`tipo_brigada_id`),
  KEY `brigadas_contratista_id_foreign` (`contratista_id`),
  CONSTRAINT `brigadas_contratista_id_foreign` FOREIGN KEY (`contratista_id`) REFERENCES `contratistas` (`id`),
  CONSTRAINT `brigadas_tipo_brigada_id_foreign` FOREIGN KEY (`tipo_brigada_id`) REFERENCES `tipo_brigadas` (`id`),
  CONSTRAINT `brigadas_zona_id_foreign` FOREIGN KEY (`zona_id`) REFERENCES `zonas` (`id`)
) ENGINE=InnoDB AUTO_INCREMENT=11 DEFAULT CHARSET=utf8mb4 COLLATE=utf8mb4_unicode_ci;

-- Volcando datos para la tabla bdccicsa.brigadas: ~8 rows (aproximadamente)
DELETE FROM `brigadas`;
INSERT INTO `brigadas` (`id`, `zona_id`, `tipo_brigada_id`, `contratista_id`, `fecha_alta`, `fecha_baja`, `estado`, `created_at`, `updated_at`) VALUES
	(1, 4, 1, 1, '2024-07-04', NULL, '1', '2024-07-04 22:20:38', '2024-07-04 22:20:38'),
	(2, 9, 1, 1, '2024-07-04', NULL, '1', '2024-07-04 22:21:09', '2024-07-04 22:21:09'),
	(3, 9, 2, 1, '2024-07-04', NULL, '1', '2024-07-04 22:21:38', '2024-07-04 22:21:38'),
	(4, 14, 1, 1, '2024-07-04', NULL, '1', '2024-07-04 22:22:02', '2024-07-04 22:22:02'),
	(5, 7, 1, 1, '2024-07-04', NULL, '1', '2024-07-04 22:22:25', '2024-07-04 22:22:25'),
	(6, 5, 1, 1, '2024-07-04', NULL, '1', '2024-07-04 22:22:56', '2024-07-04 22:22:56'),
	(7, 6, 1, 1, '2024-07-04', NULL, '1', '2024-07-04 22:23:16', '2024-07-04 22:23:16'),
	(8, 3, 1, 1, '2024-07-04', NULL, '1', '2024-07-04 22:23:47', '2024-07-04 22:23:47'),
	(9, 1, 1, 1, '2024-07-04', NULL, '1', '2024-07-04 22:24:20', '2024-07-04 22:24:20'),
	(10, 1, 2, 1, '2024-07-04', NULL, '1', '2024-07-04 22:24:43', '2024-07-04 22:24:43');

-- Volcando estructura para tabla bdccicsa.brigada_user
CREATE TABLE IF NOT EXISTS `brigada_user` (
  `id` bigint unsigned NOT NULL AUTO_INCREMENT,
  `is_lider` char(1) COLLATE utf8mb4_unicode_ci NOT NULL DEFAULT '0',
  `user_id` bigint unsigned NOT NULL,
  `brigada_id` bigint unsigned NOT NULL,
  `unidad_movil_id` bigint unsigned DEFAULT NULL,
  `created_at` timestamp NULL DEFAULT NULL,
  `updated_at` timestamp NULL DEFAULT NULL,
  PRIMARY KEY (`id`),
  KEY `brigada_user_user_id_foreign` (`user_id`),
  KEY `brigada_user_brigada_id_foreign` (`brigada_id`),
  KEY `brigada_user_unidad_movil_id_foreign` (`unidad_movil_id`),
  CONSTRAINT `brigada_user_brigada_id_foreign` FOREIGN KEY (`brigada_id`) REFERENCES `brigadas` (`id`),
  CONSTRAINT `brigada_user_unidad_movil_id_foreign` FOREIGN KEY (`unidad_movil_id`) REFERENCES `unidad_movils` (`id`),
  CONSTRAINT `brigada_user_user_id_foreign` FOREIGN KEY (`user_id`) REFERENCES `users` (`id`)
) ENGINE=InnoDB AUTO_INCREMENT=19 DEFAULT CHARSET=utf8mb4 COLLATE=utf8mb4_unicode_ci;

-- Volcando datos para la tabla bdccicsa.brigada_user: ~17 rows (aproximadamente)
DELETE FROM `brigada_user`;
INSERT INTO `brigada_user` (`id`, `is_lider`, `user_id`, `brigada_id`, `unidad_movil_id`, `created_at`, `updated_at`) VALUES
	(1, '0', 3, 1, NULL, '2024-07-04 22:20:38', '2024-07-04 22:20:38'),
	(2, '1', 2, 1, 1, '2024-07-04 22:20:38', '2024-07-04 22:20:38'),
	(3, '1', 4, 2, 2, '2024-07-04 22:21:09', '2024-07-04 22:21:09'),
	(4, '0', 5, 2, NULL, '2024-07-04 22:21:09', '2024-07-04 22:21:09'),
	(5, '1', 10, 3, NULL, '2024-07-04 22:21:38', '2024-07-04 22:21:38'),
	(6, '1', 6, 4, 3, '2024-07-04 22:22:02', '2024-07-04 22:22:02'),
	(7, '0', 7, 4, NULL, '2024-07-04 22:22:02', '2024-07-04 22:22:02'),
	(8, '1', 8, 5, 4, '2024-07-04 22:22:25', '2024-07-04 22:22:25'),
	(9, '0', 9, 5, NULL, '2024-07-04 22:22:25', '2024-07-04 22:22:25'),
	(10, '1', 11, 6, 5, '2024-07-04 22:22:56', '2024-07-04 22:22:56'),
	(11, '0', 12, 6, NULL, '2024-07-04 22:22:56', '2024-07-04 22:22:56'),
	(12, '1', 13, 7, 6, '2024-07-04 22:23:16', '2024-07-04 22:23:16'),
	(13, '0', 14, 7, NULL, '2024-07-04 22:23:16', '2024-07-04 22:23:16'),
	(14, '1', 15, 8, 7, '2024-07-04 22:23:47', '2024-07-04 22:23:47'),
	(15, '0', 16, 8, NULL, '2024-07-04 22:23:47', '2024-07-04 22:23:47'),
	(16, '1', 17, 9, 9, '2024-07-04 22:24:20', '2024-07-04 22:24:20'),
	(17, '0', 18, 9, NULL, '2024-07-04 22:24:20', '2024-07-04 22:24:20'),
	(18, '1', 19, 10, NULL, '2024-07-04 22:24:43', '2024-07-04 22:24:43');

-- Volcando estructura para tabla bdccicsa.causa_averias
CREATE TABLE IF NOT EXISTS `causa_averias` (
  `id` bigint unsigned NOT NULL AUTO_INCREMENT,
  `nombre` varchar(50) COLLATE utf8mb4_unicode_ci NOT NULL,
  `created_at` timestamp NULL DEFAULT NULL,
  `updated_at` timestamp NULL DEFAULT NULL,
  PRIMARY KEY (`id`)
) ENGINE=InnoDB AUTO_INCREMENT=56 DEFAULT CHARSET=utf8mb4 COLLATE=utf8mb4_unicode_ci;

-- Volcando datos para la tabla bdccicsa.causa_averias: ~0 rows (aproximadamente)
DELETE FROM `causa_averias`;
INSERT INTO `causa_averias` (`id`, `nombre`, `created_at`, `updated_at`) VALUES
	(1, 'Cuentas Invertidas 1', NULL, NULL),
	(2, 'Cuentas Invertidas 2', NULL, NULL),
	(3, 'Habilitación de hilos', NULL, NULL),
	(4, 'Migración 1', NULL, NULL),
	(5, 'Migración 2', NULL, NULL),
	(6, 'Microcortes', NULL, NULL),
	(7, 'Cables o Mufa siniestrado', NULL, NULL),
	(8, 'Robo de terminal(Mufa,FAT)', NULL, NULL),
	(9, 'Sabotaje', NULL, NULL),
	(10, 'Acometida rota', NULL, NULL),
	(11, 'Afectación de cable aéreo (cruce, vehículo)', NULL, NULL),
	(12, 'Cambio de postes eléctricos', NULL, NULL),
	(13, 'Daño de Cola de servicio', NULL, NULL),
	(14, 'Incendio', NULL, NULL),
	(15, 'Obras civiles de terceros (Excavaciones)', NULL, NULL),
	(16, 'Poda de árboles', NULL, NULL),
	(17, 'Poste Siniestrado', NULL, NULL),
	(18, 'Drop suelto', NULL, NULL),
	(19, 'Problema de Inhouse', NULL, NULL),
	(20, 'Hilos rotos (Mufa, Bufer)', NULL, NULL),
	(21, 'Cable Drop/MPO roto', NULL, NULL),
	(22, 'Cable F.O roto por terceros', NULL, NULL),
	(23, 'Normalización de cables', NULL, NULL),
	(24, 'Cable suelto ', NULL, NULL),
	(25, 'Roedor', NULL, NULL),
	(26, 'Falsa avería', NULL, NULL),
	(27, 'Jumper en el Pop/Site/Cliente', NULL, NULL),
	(28, 'Problema de energía', NULL, NULL),
	(29, 'Problema de P. Int. (equipos/tarjetas/Accesos)', NULL, NULL),
	(30, 'Descarte PEXT CLARO', NULL, NULL),
	(31, 'Fat Sin Potencia', NULL, NULL),
	(32, 'FAT averiado', NULL, NULL),
	(33, 'Camara(siniestrada, marco y tapa)/inundada', NULL, NULL),
	(34, 'Uso de Bandeja / Mondragón', NULL, NULL),
	(35, 'Conectores deteriorados / sucios ', NULL, NULL),
	(36, 'Conectores sulfatados', NULL, NULL),
	(37, 'Ferretería deteriorada por corrosión ', NULL, NULL),
	(38, 'Mufa saturada y/o mal acondicionada', NULL, NULL),
	(39, 'Pigtail/Jumper/duplex deterioro', NULL, NULL),
	(40, 'Hilos rotos (Mufa, Bufer)', NULL, NULL),
	(41, 'Suspendido por VM', NULL, NULL),
	(42, 'Deslizamiento de tierra', NULL, NULL),
	(43, 'Huaicos / lluvias/Incendio Forestal', NULL, NULL),
	(44, 'Incendio', NULL, NULL),
	(45, 'Hilo Atenuado / Rotos (Manipulación de terceros)', NULL, NULL),
	(46, 'Manipulación de terceros POP/Site/Mufas/Clientes', NULL, NULL),
	(47, 'Derivados', NULL, NULL),
	(48, 'Problema de construccion FTTH', NULL, NULL),
	(49, 'Hilos roto en caja panduit', NULL, NULL),
	(50, 'Manipulación de Cliente (panduit / Cable)', NULL, NULL),
	(51, 'Obras civiles dentro del local Cliente', NULL, NULL),
	(52, 'Caja panduit / deteriorados', NULL, NULL),
	(53, 'Avería en tramo', NULL, NULL),
	(54, 'Monitoreo', NULL, NULL),
	(55, 'Daño de Cola de servicio', NULL, NULL);

-- Volcando estructura para tabla bdccicsa.consecuencia_averias
CREATE TABLE IF NOT EXISTS `consecuencia_averias` (
  `id` bigint unsigned NOT NULL AUTO_INCREMENT,
  `nombre` varchar(25) COLLATE utf8mb4_unicode_ci NOT NULL,
  `created_at` timestamp NULL DEFAULT NULL,
  `updated_at` timestamp NULL DEFAULT NULL,
  PRIMARY KEY (`id`)
) ENGINE=InnoDB AUTO_INCREMENT=3 DEFAULT CHARSET=utf8mb4 COLLATE=utf8mb4_unicode_ci;

-- Volcando datos para la tabla bdccicsa.consecuencia_averias: ~2 rows (aproximadamente)
DELETE FROM `consecuencia_averias`;
INSERT INTO `consecuencia_averias` (`id`, `nombre`, `created_at`, `updated_at`) VALUES
	(1, 'Caída de servicios', NULL, NULL),
	(2, 'Niveles fuera de rango', NULL, NULL);

-- Volcando estructura para tabla bdccicsa.consesionarias
CREATE TABLE IF NOT EXISTS `consesionarias` (
  `id` bigint unsigned NOT NULL AUTO_INCREMENT,
  `nombre` varchar(25) COLLATE utf8mb4_unicode_ci NOT NULL,
  `created_at` timestamp NULL DEFAULT NULL,
  `updated_at` timestamp NULL DEFAULT NULL,
  PRIMARY KEY (`id`)
) ENGINE=InnoDB AUTO_INCREMENT=50 DEFAULT CHARSET=utf8mb4 COLLATE=utf8mb4_unicode_ci;

-- Volcando datos para la tabla bdccicsa.consesionarias: ~49 rows (aproximadamente)
DELETE FROM `consesionarias`;
INSERT INTO `consesionarias` (`id`, `nombre`, `created_at`, `updated_at`) VALUES
	(1, 'HIDRANDINA S.A.', NULL, NULL),
	(2, 'HIDRANDINA', NULL, NULL),
	(3, 'ENOSA', NULL, NULL),
	(4, 'ELECTRO ORIENTE', NULL, NULL),
	(5, 'ENSA', NULL, NULL),
	(6, 'MUNICIPALIDAD', NULL, NULL),
	(7, 'MINA BARRICK', NULL, NULL),
	(8, 'TORRES UNIDAS', NULL, NULL),
	(9, 'MINA ANTAMINA', NULL, NULL),
	(10, 'PANEL SOLAR', NULL, NULL),
	(11, 'MINA EL CEDRO', NULL, NULL),
	(12, 'EMSEU', NULL, NULL),
	(13, 'ATC', NULL, NULL),
	(14, 'PHOENIX TOWER', NULL, NULL),
	(15, 'CENTRO COMERCIAL', NULL, NULL),
	(16, 'CHAVIMOCHIC', NULL, NULL),
	(17, 'HOTEL', NULL, NULL),
	(18, 'GRUPO ELECTROGENO', NULL, NULL),
	(19, 'TDP', NULL, NULL),
	(20, 'EILHICHA S.A.', NULL, NULL),
	(21, 'ENTEL', NULL, NULL),
	(22, 'mina', NULL, NULL),
	(23, 'MINA EL TORO', NULL, NULL),
	(24, 'HORTIFRUT', NULL, NULL),
	(25, 'FUNDO ACP', NULL, NULL),
	(26, 'FUNDO COMPOSITAN', NULL, NULL),
	(27, 'MINA GOLD FIELDS', NULL, NULL),
	(28, 'MINA LA ZANJA', NULL, NULL),
	(29, 'MINA MARSA', NULL, NULL),
	(30, 'MINA HORIZONTE', NULL, NULL),
	(31, 'MINA YANACOCHA', NULL, NULL),
	(32, 'PETRO PERU', NULL, NULL),
	(33, '-', NULL, NULL),
	(34, 'MINA LA ARENA', NULL, NULL),
	(35, 'COELVISAC', NULL, NULL),
	(36, 'MINA PIERINA', NULL, NULL),
	(37, 'PLANTA VIRU', NULL, NULL),
	(38, 'MINA PODEROSA', NULL, NULL),
	(39, 'PESQUERA DIAMANTE', NULL, NULL),
	(40, 'ELECTRO TOCACHE', NULL, NULL),
	(41, 'SOCIEDAD AGRICOLA VIRU', NULL, NULL),
	(42, 'ADINELSA', NULL, NULL),
	(43, 'ELECTRONOROESTE S.A.', NULL, NULL),
	(44, 'STATKRAFT PERU S.A.', NULL, NULL),
	(45, 'ELECTRO NORTE', NULL, NULL),
	(46, 'HIADRAND', NULL, NULL),
	(47, 'NUEVO', NULL, NULL),
	(48, 'YANACOCHA', NULL, NULL),
	(49, 'N/D', NULL, NULL);

-- Volcando estructura para tabla bdccicsa.contratistas
CREATE TABLE IF NOT EXISTS `contratistas` (
  `id` bigint unsigned NOT NULL AUTO_INCREMENT,
  `nombre` char(12) COLLATE utf8mb4_unicode_ci NOT NULL,
  `created_at` timestamp NULL DEFAULT NULL,
  `updated_at` timestamp NULL DEFAULT NULL,
  PRIMARY KEY (`id`)
) ENGINE=InnoDB AUTO_INCREMENT=5 DEFAULT CHARSET=utf8mb4 COLLATE=utf8mb4_unicode_ci;

-- Volcando datos para la tabla bdccicsa.contratistas: ~4 rows (aproximadamente)
DELETE FROM `contratistas`;
INSERT INTO `contratistas` (`id`, `nombre`, `created_at`, `updated_at`) VALUES
	(1, 'CICSA', NULL, NULL),
	(2, 'ADECCO', NULL, NULL),
	(3, 'CLARO', NULL, NULL),
	(4, 'N/D', NULL, NULL);

-- Volcando estructura para tabla bdccicsa.departamentos
CREATE TABLE IF NOT EXISTS `departamentos` (
  `id` bigint unsigned NOT NULL AUTO_INCREMENT,
  `nombre` varchar(25) COLLATE utf8mb4_unicode_ci NOT NULL,
  `created_at` timestamp NULL DEFAULT NULL,
  `updated_at` timestamp NULL DEFAULT NULL,
  PRIMARY KEY (`id`)
) ENGINE=InnoDB AUTO_INCREMENT=10 DEFAULT CHARSET=utf8mb4 COLLATE=utf8mb4_unicode_ci;

-- Volcando datos para la tabla bdccicsa.departamentos: ~9 rows (aproximadamente)
DELETE FROM `departamentos`;
INSERT INTO `departamentos` (`id`, `nombre`, `created_at`, `updated_at`) VALUES
	(1, 'LA LIBERTAD', NULL, NULL),
	(2, 'ANCASH', NULL, NULL),
	(3, 'TUMBES', NULL, NULL),
	(4, 'CAJAMARCA', NULL, NULL),
	(5, 'LAMBAYEQUE', NULL, NULL),
	(6, 'AMAZONAS', NULL, NULL),
	(7, 'PIURA', NULL, NULL),
	(8, 'HUANUCO', NULL, NULL),
	(9, 'N/D', NULL, NULL);

-- Volcando estructura para tabla bdccicsa.distritos
CREATE TABLE IF NOT EXISTS `distritos` (
  `id` bigint unsigned NOT NULL AUTO_INCREMENT,
  `nombre` varchar(45) COLLATE utf8mb4_unicode_ci NOT NULL,
  `provincia_id` bigint unsigned NOT NULL,
  `created_at` timestamp NULL DEFAULT NULL,
  `updated_at` timestamp NULL DEFAULT NULL,
  PRIMARY KEY (`id`),
  KEY `distritos_provincia_id_foreign` (`provincia_id`),
  CONSTRAINT `distritos_provincia_id_foreign` FOREIGN KEY (`provincia_id`) REFERENCES `provincias` (`id`)
) ENGINE=InnoDB AUTO_INCREMENT=381 DEFAULT CHARSET=utf8mb4 COLLATE=utf8mb4_unicode_ci;

-- Volcando datos para la tabla bdccicsa.distritos: ~380 rows (aproximadamente)
DELETE FROM `distritos`;
INSERT INTO `distritos` (`id`, `nombre`, `provincia_id`, `created_at`, `updated_at`) VALUES
	(1, 'FLORENCIA DE MORA', 1, NULL, NULL),
	(2, 'LA ESPERANZA', 1, NULL, NULL),
	(3, 'COISHCO', 2, NULL, NULL),
	(4, 'ACZO', 3, NULL, NULL),
	(5, 'TUMBES', 4, NULL, NULL),
	(6, 'PATAZ', 5, NULL, NULL),
	(7, 'CAJAMARCA', 6, NULL, NULL),
	(8, 'BELLAVISTA', 7, NULL, NULL),
	(9, 'JESUS', 6, NULL, NULL),
	(10, 'CAYALTI', 8, NULL, NULL),
	(11, 'PUCALA', 8, NULL, NULL),
	(12, 'LUCMA', 9, NULL, NULL),
	(13, 'CHACHAPOYAS', 10, NULL, NULL),
	(14, 'AGUAS VERDES', 11, NULL, NULL),
	(15, 'PIURA', 12, NULL, NULL),
	(16, 'AIJA', 13, NULL, NULL),
	(17, 'NUEVO CHIMBOTE', 2, NULL, NULL),
	(18, 'CHUGAY', 14, NULL, NULL),
	(19, 'CASTILLA', 12, NULL, NULL),
	(20, 'QUIRUVILCA', 15, NULL, NULL),
	(21, 'PARIÑAS', 16, NULL, NULL),
	(22, 'EL PORVENIR', 1, NULL, NULL),
	(23, 'CHICLAYO', 8, NULL, NULL),
	(24, 'SULLANA', 17, NULL, NULL),
	(25, 'TRUJILLO', 1, NULL, NULL),
	(26, 'AMOTAPE', 18, NULL, NULL),
	(27, 'LA VICTORIA', 8, NULL, NULL),
	(28, 'HUARAZ', 19, NULL, NULL),
	(29, 'JOSE LEONARDO ORTIZ', 8, NULL, NULL),
	(30, 'HUALGAYOC', 20, NULL, NULL),
	(31, 'ANGASMARCA', 15, NULL, NULL),
	(32, 'ANRA', 21, NULL, NULL),
	(33, 'SAN MARCOS', 21, NULL, NULL),
	(34, 'ARAMANGO', 22, NULL, NULL),
	(35, 'LAGUNAS', 23, NULL, NULL),
	(36, 'CAMPORREDONDO', 24, NULL, NULL),
	(37, 'ASCOPE', 25, NULL, NULL),
	(38, 'ALFONSO UGARTE', 26, NULL, NULL),
	(39, 'SAYAPULLO', 9, NULL, NULL),
	(40, 'HUANCHACO', 1, NULL, NULL),
	(41, 'AYABACA', 23, NULL, NULL),
	(42, 'BAGUA', 22, NULL, NULL),
	(43, 'BAGUA GRANDE', 27, NULL, NULL),
	(44, 'BAMBAMARCA', 20, NULL, NULL),
	(45, 'BAMBAS', 28, NULL, NULL),
	(46, 'LOS BAÑOS DEL INCA', 6, NULL, NULL),
	(47, 'SECHURA', 29, NULL, NULL),
	(48, 'VICE', 29, NULL, NULL),
	(49, 'BERNAL', 29, NULL, NULL),
	(50, 'SAN IGNACIO', 30, NULL, NULL),
	(51, 'SAN JUAN DE BIGOTE', 31, NULL, NULL),
	(52, 'CAJABAMBA', 32, NULL, NULL),
	(53, 'CHONGOYAPE', 8, NULL, NULL),
	(54, 'BOLIVAR', 33, NULL, NULL),
	(55, 'NIEPOS', 33, NULL, NULL),
	(56, 'CHUMUCH', 35, NULL, NULL),
	(57, 'BUENOS AIRES', 31, NULL, NULL),
	(58, 'BOLOGNESI', 36, NULL, NULL),
	(59, 'ZORRITOS', 37, NULL, NULL),
	(60, 'CACERES DEL PERU', 2, NULL, NULL),
	(61, 'CACHACHI', 32, NULL, NULL),
	(62, 'CACHICADAN', 15, NULL, NULL),
	(63, 'COPALLIN', 22, NULL, NULL),
	(64, 'CAJARURO', 27, NULL, NULL),
	(65, 'CULEBRAS', 38, NULL, NULL),
	(66, 'LA CRUZ', 4, NULL, NULL),
	(67, 'SAN JOSE', 39, NULL, NULL),
	(68, 'MONSEFU', 8, NULL, NULL),
	(69, 'OLMOS', 39, NULL, NULL),
	(70, 'VIRU', 40, NULL, NULL),
	(71, 'INDEPENDENCIA', 19, NULL, NULL),
	(72, 'CANOAS DE PUNTA SAL', 37, NULL, NULL),
	(73, 'CAÑARIS', 41, NULL, NULL),
	(74, 'HUALLANCA', 42, NULL, NULL),
	(75, 'LAREDO', 1, NULL, NULL),
	(76, 'CARABAMBA', 43, NULL, NULL),
	(77, 'CARAZ', 42, NULL, NULL),
	(78, 'CARHUAZ', 44, NULL, NULL),
	(79, 'CASA GRANDE', 25, NULL, NULL),
	(80, 'ENCAÑADA', 6, NULL, NULL),
	(81, 'LA HUACA', 18, NULL, NULL),
	(82, 'PIMENTEL', 8, NULL, NULL),
	(83, 'SANTIAGO DE CAO', 25, NULL, NULL),
	(84, 'LA ARENA', 12, NULL, NULL),
	(85, 'MAGDALENA', 6, NULL, NULL),
	(86, 'CASCAS', 9, NULL, NULL),
	(87, 'COLAN', 18, NULL, NULL),
	(88, 'CASITAS', 37, NULL, NULL),
	(89, 'CASMA', 45, NULL, NULL),
	(90, 'CATACAOS', 12, NULL, NULL),
	(91, 'TANTARICA', 46, NULL, NULL),
	(92, 'CONDEBAMBA', 32, NULL, NULL),
	(93, 'CELENDIN', 35, NULL, NULL),
	(94, 'SUCRE', 35, NULL, NULL),
	(95, 'CHOTA', 47, NULL, NULL),
	(96, 'HUARMEY', 38, NULL, NULL),
	(97, 'MORROPON', 31, NULL, NULL),
	(98, 'SALPO', 48, NULL, NULL),
	(99, 'RAZURI', 25, NULL, NULL),
	(100, 'CHACAS', 49, NULL, NULL),
	(101, 'SAN LUIS', 50, NULL, NULL),
	(102, 'CHALAMARCA', 47, NULL, NULL),
	(103, 'SAN PEDRO DE CHANA', 21, NULL, NULL),
	(104, 'FIDEL OIIVAS ESCUDERO', 51, NULL, NULL),
	(105, 'CHANCAY', 52, NULL, NULL),
	(106, 'CHAO', 40, NULL, NULL),
	(107, 'COLQUIOC', 53, NULL, NULL),
	(108, 'CHAVIN DE HUANTAR', 21, NULL, NULL),
	(109, 'CHEPEN', 54, NULL, NULL),
	(110, 'CHETILLA', 6, NULL, NULL),
	(111, 'CHICAMA', 25, NULL, NULL),
	(112, 'CHILETE', 46, NULL, NULL),
	(113, 'PAMPAS CHICO', 36, NULL, NULL),
	(114, 'CHIQUIAN', 53, NULL, NULL),
	(115, 'IMAZA', 22, NULL, NULL),
	(116, 'MILPUC', 55, NULL, NULL),
	(117, 'CHIRINOS', 30, NULL, NULL),
	(118, 'QUERECOTILLO', 17, NULL, NULL),
	(119, 'CHOCOPE', 25, NULL, NULL),
	(120, 'CHONTALI', 7, NULL, NULL),
	(121, 'CHULUCANAS', 31, NULL, NULL),
	(122, 'MIGUEL IGLESIAS', 35, NULL, NULL),
	(123, 'GUADALUPE', 56, NULL, NULL),
	(124, 'VICTOR LARCO HERRERA', 1, NULL, NULL),
	(125, 'COCHABAMBA', 47, NULL, NULL),
	(126, 'COLCABAMBA', 19, NULL, NULL),
	(127, 'LACABAMBA', 36, NULL, NULL),
	(128, 'CONTUMAZA', 46, NULL, NULL),
	(129, 'SAN PEDRO', 58, NULL, NULL),
	(130, 'LA PECA', 22, NULL, NULL),
	(131, 'ANTONIO RAIMONDI', 53, NULL, NULL),
	(132, 'CORIS', 13, NULL, NULL),
	(133, 'CORONGO', 28, NULL, NULL),
	(134, 'HUAMACHUCO', 14, NULL, NULL),
	(135, 'GUADALUPITO', 40, NULL, NULL),
	(136, 'TAMBOGRANDE', 12, NULL, NULL),
	(137, 'MORROPE', 39, NULL, NULL),
	(138, 'CUJILLO', 59, NULL, NULL),
	(139, 'TORIBIO CASANOVA', 59, NULL, NULL),
	(140, 'CURA MORI', 12, NULL, NULL),
	(141, 'CURGOS', 14, NULL, NULL),
	(142, 'CUTERVO', 59, NULL, NULL),
	(143, 'USQUIL', 48, NULL, NULL),
	(144, 'SAN FRANCISCO DE DAGUAS', 10, NULL, NULL),
	(145, 'CATAC', 57, NULL, NULL),
	(146, 'RECUAY', 57, NULL, NULL),
	(147, 'LLAMA', 47, NULL, NULL),
	(148, 'EL ALTO', 16, NULL, NULL),
	(149, 'FLORIDA', 60, NULL, NULL),
	(150, 'SARIN', 14, NULL, NULL),
	(151, 'JOSE SABOGAL', 52, NULL, NULL),
	(152, 'PAPAYAL', 11, NULL, NULL),
	(153, 'SIHUAS', 26, NULL, NULL),
	(154, 'UNION AGUA BLANCA', 33, NULL, NULL),
	(155, 'LA COIPA', 30, NULL, NULL),
	(156, 'SANTIAGO DE CHUCO', 15, NULL, NULL),
	(157, 'MOCHE', 1, NULL, NULL),
	(158, 'PAITA', 18, NULL, NULL),
	(159, 'ETEN', 8, NULL, NULL),
	(160, 'SAN MIGUEL DE EL FAIQUE', 61, NULL, NULL),
	(161, 'LAMBAYEQUE', 39, NULL, NULL),
	(162, 'PUEBLO NUEVO', 41, NULL, NULL),
	(163, 'FRIAS', 23, NULL, NULL),
	(164, 'PACANGA', 54, NULL, NULL),
	(165, 'YONAN', 46, NULL, NULL),
	(166, 'MOLLEBAMBA', 15, NULL, NULL),
	(167, 'GUZMANGO', 46, NULL, NULL),
	(168, 'JAEN', 7, NULL, NULL),
	(169, 'ELEAZAR GUZMAN BARRON', 51, NULL, NULL),
	(170, 'HUACCHIS', 21, NULL, NULL),
	(171, 'HUACHIS', 21, NULL, NULL),
	(172, 'HUACRACHUCO', 62, NULL, NULL),
	(173, 'SAMANCO', 2, NULL, NULL),
	(174, 'HUAMBOS', 47, NULL, NULL),
	(175, 'HUANCABAMBA', 61, NULL, NULL),
	(176, 'HUANCASPATA', 5, NULL, NULL),
	(177, 'COCHAS', 58, NULL, NULL),
	(178, 'HUANDOVAL', 36, NULL, NULL),
	(179, 'ACOBAMBA', 26, NULL, NULL),
	(180, 'HUANTAR', 21, NULL, NULL),
	(181, 'HUARANGO', 30, NULL, NULL),
	(182, 'CAJAY', 21, NULL, NULL),
	(183, 'SANTA CRUZ', 42, NULL, NULL),
	(184, 'HUASO', 43, NULL, NULL),
	(185, 'HUARMACA', 61, NULL, NULL),
	(186, 'PACAIPAMPA', 23, NULL, NULL),
	(187, 'HUAYAN', 38, NULL, NULL),
	(188, 'HUAYLAS', 42, NULL, NULL),
	(189, 'TUCUME', 39, NULL, NULL),
	(190, 'INCAHUASI', 41, NULL, NULL),
	(191, 'JAMALCA', 27, NULL, NULL),
	(192, 'JAYANCA', 39, NULL, NULL),
	(193, 'JEQUETEPEQUE', 56, NULL, NULL),
	(194, 'JULCAN', 43, NULL, NULL),
	(195, 'COROSHA', 60, NULL, NULL),
	(196, 'SALAS', 39, NULL, NULL),
	(197, 'TINGO', 24, NULL, NULL),
	(198, 'SAN MIGUEL', 33, NULL, NULL),
	(199, 'LA BREA', 16, NULL, NULL),
	(200, 'NAMORA', 6, NULL, NULL),
	(201, 'SEXI', 63, NULL, NULL),
	(202, 'OXAMARCA', 35, NULL, NULL),
	(203, 'LA LIBERTAD DE PALLAN', 35, NULL, NULL),
	(204, 'LA MATANZA', 31, NULL, NULL),
	(205, 'LAS LOMAS', 12, NULL, NULL),
	(206, 'LA UNION', 12, NULL, NULL),
	(207, 'SARTIMBAMBA', 14, NULL, NULL),
	(208, 'PULAN', 63, NULL, NULL),
	(209, 'SAN JUAN', 6, NULL, NULL),
	(210, 'LAJAS', 47, NULL, NULL),
	(211, 'SAN FELIPE', 7, NULL, NULL),
	(212, 'LEIMEBAMBA', 10, NULL, NULL),
	(213, 'LEVANTO', 10, NULL, NULL),
	(214, 'SAN JOSE DE LOURDES', 30, NULL, NULL),
	(215, 'SAN JUAN DE LICUPIS', 47, NULL, NULL),
	(216, 'HUANCAS', 10, NULL, NULL),
	(217, 'LLACANORA', 6, NULL, NULL),
	(218, 'PARCOY', 5, NULL, NULL),
	(219, 'PIRA', 19, NULL, NULL),
	(220, 'LLAMELLIN', 3, NULL, NULL),
	(221, 'LLAPO', 36, NULL, NULL),
	(222, 'LLIPA', 58, NULL, NULL),
	(223, 'SITACOCHA', 32, NULL, NULL),
	(224, 'LONGOTEA', 34, NULL, NULL),
	(225, 'LONYA GRANDE', 27, NULL, NULL),
	(226, 'CALAMARCA', 43, NULL, NULL),
	(227, 'SANAGORAN', 14, NULL, NULL),
	(228, 'LOS ORGANOS', 16, NULL, NULL),
	(229, 'LUYA', 24, NULL, NULL),
	(230, 'MARCAVELICA', 17, NULL, NULL),
	(231, 'MANCORA', 16, NULL, NULL),
	(232, 'MANCOS', 64, NULL, NULL),
	(233, 'MANSERICHE', 65, NULL, NULL),
	(234, 'YAUYA', 50, NULL, NULL),
	(235, 'MARCARA', 44, NULL, NULL),
	(236, 'CHIRIMOTO', 55, NULL, NULL),
	(237, 'MATAPALO', 11, NULL, NULL),
	(238, 'MATARA', 6, NULL, NULL),
	(239, 'MIRACOSTA', 47, NULL, NULL),
	(240, 'MOCHUMI', 39, NULL, NULL),
	(241, 'MOLINOPAMPA', 10, NULL, NULL),
	(242, 'PACORA', 39, NULL, NULL),
	(243, 'MONTERO', 23, NULL, NULL),
	(244, 'MORO', 2, NULL, NULL),
	(245, 'MOTUPE', 39, NULL, NULL),
	(246, 'PITIPO', 41, NULL, NULL),
	(247, 'CHIMBOTE', 2, NULL, NULL),
	(248, 'NAMBALLE', 30, NULL, NULL),
	(249, 'NANCHOC', 33, NULL, NULL),
	(250, 'FERREÑAFE', 41, NULL, NULL),
	(251, 'PACASMAYO', 56, NULL, NULL),
	(252, 'IGNACIO ESCUDERO', 17, NULL, NULL),
	(253, 'ANDABAMBA', 63, NULL, NULL),
	(254, 'SALLIQUE', 7, NULL, NULL),
	(255, 'OCALLI', 24, NULL, NULL),
	(256, 'OCROS', 58, NULL, NULL),
	(257, 'POMAHUACA', 7, NULL, NULL),
	(258, 'OLLEROS', 19, NULL, NULL),
	(259, 'ONGON', 5, NULL, NULL),
	(260, 'OTUZCO', 48, NULL, NULL),
	(261, 'HUAYO', 5, NULL, NULL),
	(262, 'OYOTUN', 8, NULL, NULL),
	(263, 'PAIJAN', 25, NULL, NULL),
	(264, 'PAIMAS', 23, NULL, NULL),
	(265, 'PAMPAROMAS', 42, NULL, NULL),
	(266, 'PAMPAS DE HOSPITAL', 4, NULL, NULL),
	(267, 'ICHOCAN', 52, NULL, NULL),
	(268, 'PATAPO', 8, NULL, NULL),
	(269, 'TUMBADEN', 66, NULL, NULL),
	(270, 'JAZAN', 60, NULL, NULL),
	(271, 'PICSI', 8, NULL, NULL),
	(272, 'JANGAS', 19, NULL, NULL),
	(273, 'CALLAYUC', 59, NULL, NULL),
	(274, 'PISCOBAMBA', 51, NULL, NULL),
	(275, 'LOBITOS', 16, NULL, NULL),
	(276, 'SAN JACINTO', 4, NULL, NULL),
	(277, 'POMABAMBA', 67, NULL, NULL),
	(278, 'POMALCA', 8, NULL, NULL),
	(279, 'POROTO', 1, NULL, NULL),
	(280, 'PUCARA', 7, NULL, NULL),
	(281, 'QUEROCOTO', 47, NULL, NULL),
	(282, 'SOCOTA', 59, NULL, NULL),
	(283, 'QUILLO', 64, NULL, NULL),
	(284, 'CONCHUCOS', 36, NULL, NULL),
	(285, 'SAPILLICA', 23, NULL, NULL),
	(286, 'COCHORCO', 14, NULL, NULL),
	(287, 'MARIA', 24, NULL, NULL),
	(288, 'REQUE', 8, NULL, NULL),
	(289, 'SALAVERRY', 1, NULL, NULL),
	(290, 'SAN NICOLAS', 55, NULL, NULL),
	(291, 'SALITRAL', 17, NULL, NULL),
	(292, 'SAN BENITO', 46, NULL, NULL),
	(293, 'SAN BUENAVENTURA', 62, NULL, NULL),
	(294, 'SAN GREGORIO', 33, NULL, NULL),
	(295, 'SINSICAP', 48, NULL, NULL),
	(296, 'CORRALES', 4, NULL, NULL),
	(297, 'NEPEÑA', 2, NULL, NULL),
	(298, 'SAN JERONIMO', 24, NULL, NULL),
	(299, 'SAN JUAN DE LA VIRGEN', 4, NULL, NULL),
	(300, 'SAN JUAN DE RONTOY', 3, NULL, NULL),
	(301, 'ANGUIA', 47, NULL, NULL),
	(302, 'SANTA', 2, NULL, NULL),
	(303, 'PEDRO GALVEZ', 52, NULL, NULL),
	(304, 'VALERA', 60, NULL, NULL),
	(305, 'SAN PABLO', 66, NULL, NULL),
	(306, 'CHOLON', 62, NULL, NULL),
	(307, 'CONCHAN', 47, NULL, NULL),
	(308, 'SAN PEDRO DE LLOC', 56, NULL, NULL),
	(309, 'SUYO', 23, NULL, NULL),
	(310, 'COCHAPETI', 38, NULL, NULL),
	(311, 'NIEVA', 68, NULL, NULL),
	(312, 'SANTA ROSA', 8, NULL, NULL),
	(313, 'CHALACO', 31, NULL, NULL),
	(314, 'SANTO TOMAS', 59, NULL, NULL),
	(315, 'TINCO', 44, NULL, NULL),
	(316, 'JOSE MANUEL QUIROZ', 52, NULL, NULL),
	(317, 'SHUPLUY', 64, NULL, NULL),
	(318, 'TAYABAMBA', 5, NULL, NULL),
	(319, 'SIMBAL', 1, NULL, NULL),
	(320, 'SAÑA', 8, NULL, NULL),
	(321, 'SITABAMBA', 15, NULL, NULL),
	(322, 'SONDORILLO', 61, NULL, NULL),
	(323, 'SOROCHUCO', 35, NULL, NULL),
	(324, 'JOSE GALVEZ', 35, NULL, NULL),
	(325, 'TABACONAS', 30, NULL, NULL),
	(326, 'TACABAMBA', 47, NULL, NULL),
	(327, 'TARICA', 19, NULL, NULL),
	(328, 'ILLIMO', 39, NULL, NULL),
	(329, 'TOCMOCHE', 47, NULL, NULL),
	(330, 'COMANDANTE NOEL', 45, NULL, NULL),
	(331, 'CUPISNIQUE', 46, NULL, NULL),
	(332, 'TUMAN', 8, NULL, NULL),
	(333, 'UCHUMARCA', 34, NULL, NULL),
	(334, 'CHINGAS', 3, NULL, NULL),
	(335, 'CATACHE', 63, NULL, NULL),
	(336, 'UTCO', 35, NULL, NULL),
	(337, 'YAMANGO', 31, NULL, NULL),
	(338, 'YAMBRASBAMBA', 60, NULL, NULL),
	(339, 'YAUTAN', 45, NULL, NULL),
	(340, 'SAN LUIS DE LUCMA', 59, NULL, NULL),
	(341, 'HUAYLLACAYAN', 53, NULL, NULL),
	(342, 'YUNGAY', 64, NULL, NULL),
	(343, 'YUPAN', 28, NULL, NULL),
	(344, 'YURACMARCA', 42, NULL, NULL),
	(345, 'ZARUMILLA', 11, NULL, NULL),
	(346, 'HUASMIN', 35, NULL, NULL),
	(347, 'CHARAT', 48, NULL, NULL),
	(348, 'ASUNCION', 6, NULL, NULL),
	(349, 'SANTA CRUZ DE CHUCA', 15, NULL, NULL),
	(350, 'CHUGUR', 20, NULL, NULL),
	(351, 'HUARI', 21, NULL, NULL),
	(352, 'RANRAHIRCA', 64, NULL, NULL),
	(353, 'AQUIA', 53, NULL, NULL),
	(354, 'VEINTISEIS DE OCTUBRE', 12, NULL, NULL),
	(355, 'LA JALCA', 10, NULL, NULL),
	(356, 'PARIAHUANCA', 44, NULL, NULL),
	(357, 'NUEVA ARICA', 8, NULL, NULL),
	(358, 'COLASAY', 7, NULL, NULL),
	(359, 'TAMARINDO', 18, NULL, NULL),
	(360, 'VICHAYAL', 18, NULL, NULL),
	(361, 'CRISTO NOS VALGA', 29, NULL, NULL),
	(362, 'MANUEL ANTONIO MESONES MURO', 41, NULL, NULL),
	(363, 'ACOPAMPA', 44, NULL, NULL),
	(364, 'UTICYACU', 63, NULL, NULL),
	(365, 'PUEBLO LIBRE', 42, NULL, NULL),
	(366, 'MACHE', 48, NULL, NULL),
	(367, 'SAN JOSE DEL ALTO', 7, NULL, NULL),
	(368, 'SANTO DOMINGO', 31, NULL, NULL),
	(369, 'RINCONADA-LLICUAR', 29, NULL, NULL),
	(370, 'JILILI', 23, NULL, NULL),
	(371, 'EL MILAGRO', 27, NULL, NULL),
	(372, 'CHOROS', 59, NULL, NULL),
	(373, 'MIGUEL CHECA', 17, NULL, NULL),
	(374, 'HUASTA', 53, NULL, NULL),
	(375, 'BUENA VISTA ALTA', 45, NULL, NULL),
	(376, 'CHILLIA', 5, NULL, NULL),
	(377, 'MAGDALENA DE CAO', 25, NULL, NULL),
	(378, 'LONGUITA', 24, NULL, NULL),
	(379, 'MOLLEPATA', 15, NULL, NULL),
	(380, 'N/D', 69, NULL, NULL);

-- Volcando estructura para tabla bdccicsa.educacions
CREATE TABLE IF NOT EXISTS `educacions` (
  `id` bigint unsigned NOT NULL AUTO_INCREMENT,
  `nombre` varchar(50) COLLATE utf8mb4_unicode_ci NOT NULL,
  `created_at` timestamp NULL DEFAULT NULL,
  `updated_at` timestamp NULL DEFAULT NULL,
  PRIMARY KEY (`id`)
) ENGINE=InnoDB AUTO_INCREMENT=18 DEFAULT CHARSET=utf8mb4 COLLATE=utf8mb4_unicode_ci;

-- Volcando datos para la tabla bdccicsa.educacions: ~17 rows (aproximadamente)
DELETE FROM `educacions`;
INSERT INTO `educacions` (`id`, `nombre`, `created_at`, `updated_at`) VALUES
	(1, 'ED. PRIMARIA INCOMPLETA', NULL, NULL),
	(2, 'ED. PRIMARIA COMPLETA', NULL, NULL),
	(3, 'ED. SECUND INCOMPLETA', NULL, NULL),
	(4, 'ED. SECUND COMPLETA', NULL, NULL),
	(5, 'ED. SUPERIOR TECNICA INCOMPLETA', NULL, NULL),
	(6, 'ED. SUPERIOR TECNICA COMPLETA', NULL, NULL),
	(7, 'ED. UNIVERSITARIA INCOMPLETA', NULL, NULL),
	(8, 'ED. UNIVERSITARIA COMPLETA', NULL, NULL),
	(9, 'GRADO BACHILLER', NULL, NULL),
	(10, 'TITULADO', NULL, NULL),
	(11, 'MAESTRIA INCOMPLETA', NULL, NULL),
	(12, 'MAESTRIA COMPLETA', NULL, NULL),
	(13, 'GRADO DE MAESTRIA', NULL, NULL),
	(14, 'DOCTORADO INCOMPLETO', NULL, NULL),
	(15, 'DOCTORADO COMPLETO', NULL, NULL),
	(16, 'GRADO DE DOCTOR', NULL, NULL),
	(17, 'N/D', NULL, NULL);

-- Volcando estructura para tabla bdccicsa.failed_jobs
CREATE TABLE IF NOT EXISTS `failed_jobs` (
  `id` bigint unsigned NOT NULL AUTO_INCREMENT,
  `uuid` varchar(255) COLLATE utf8mb4_unicode_ci NOT NULL,
  `connection` text COLLATE utf8mb4_unicode_ci NOT NULL,
  `queue` text COLLATE utf8mb4_unicode_ci NOT NULL,
  `payload` longtext COLLATE utf8mb4_unicode_ci NOT NULL,
  `exception` longtext COLLATE utf8mb4_unicode_ci NOT NULL,
  `failed_at` timestamp NOT NULL DEFAULT CURRENT_TIMESTAMP,
  PRIMARY KEY (`id`),
  UNIQUE KEY `failed_jobs_uuid_unique` (`uuid`)
) ENGINE=InnoDB DEFAULT CHARSET=utf8mb4 COLLATE=utf8mb4_unicode_ci;

-- Volcando datos para la tabla bdccicsa.failed_jobs: ~0 rows (aproximadamente)
DELETE FROM `failed_jobs`;

-- Volcando estructura para tabla bdccicsa.migrations
CREATE TABLE IF NOT EXISTS `migrations` (
  `id` int unsigned NOT NULL AUTO_INCREMENT,
  `migration` varchar(255) COLLATE utf8mb4_unicode_ci NOT NULL,
  `batch` int NOT NULL,
  PRIMARY KEY (`id`)
) ENGINE=InnoDB AUTO_INCREMENT=46 DEFAULT CHARSET=utf8mb4 COLLATE=utf8mb4_unicode_ci;

-- Volcando datos para la tabla bdccicsa.migrations: ~0 rows (aproximadamente)
DELETE FROM `migrations`;
INSERT INTO `migrations` (`id`, `migration`, `batch`) VALUES
	(1, '2014_10_12_000000_create_users_table', 1),
	(2, '2014_10_12_100000_create_password_reset_tokens_table', 1),
	(3, '2019_08_19_000000_create_failed_jobs_table', 1),
	(4, '2019_12_14_000001_create_personal_access_tokens_table', 1),
	(5, '2024_05_20_141928_create_permission_tables', 1),
	(6, '2024_06_03_155621_create_room_types_table', 1),
	(7, '2024_06_03_161306_create_contratistas_table', 1),
	(8, '2024_06_03_161529_create_tipo_accesos_table', 1),
	(9, '2024_06_03_161714_create_prioridad_sites_table', 1),
	(10, '2024_06_03_162136_create_municipalidades_table', 1),
	(11, '2024_06_03_162304_create_region_geograficas_table', 1),
	(12, '2024_06_03_162507_create_regions_table', 1),
	(13, '2024_06_03_162947_create_tipo_sites_table', 1),
	(14, '2024_06_03_163136_create_tipo_energias_table', 1),
	(15, '2024_06_03_163250_create_zonas_table', 1),
	(16, '2024_06_03_163420_create_consesionarias_table', 1),
	(17, '2024_06_03_163621_create_departamentos_table', 1),
	(18, '2024_06_03_163931_create_provincias_table', 1),
	(19, '2024_06_03_164610_create_distritos_table', 1),
	(20, '2024_06_03_164821_create_sites_table', 1),
	(21, '2024_06_04_161853_create_educacions_table', 1),
	(22, '2024_06_04_171830_add_campos_user_to_users', 1),
	(23, '2024_06_17_171837_create_tipo_brigadas_table', 1),
	(24, '2024_06_17_172846_create_brigadas_table', 1),
	(25, '2024_06_17_233254_create_reds_table', 1),
	(26, '2024_06_17_233307_create_servs_table', 1),
	(27, '2024_06_17_233323_create_tipo_averias_table', 1),
	(28, '2024_06_21_210110_create_unidad_movils_table', 1),
	(29, '2024_06_21_210337_create_unidad_movil_user_table', 1),
	(30, '2024_06_21_211843_create_brigada_user_table', 1),
	(31, '2024_06_21_212037_create_bitacoras_table', 1),
	(32, '2024_06_21_214025_create_bitacora_brigada_table', 1),
	(33, '2024_07_04_211432_create_tipo_plantas_table', 1),
	(34, '2024_07_04_211534_create_zona_user_table', 1),
	(35, '2024_07_10_204201_create_atencions_table', 2),
	(36, '2024_07_10_204311_create_bitacora_atencion_table', 2),
	(37, '2024_07_17_193246_add_iscoment_user_to_bitacora_atencion_table', 3),
	(38, '2024_07_17_193851_create_causa_averias_table', 3),
	(39, '2024_07_17_222435_create_consecuencia_averias_table', 4),
	(41, '2024_07_17_223229_create_tipo_reparacions_table', 5),
	(42, '2024_07_17_235307_add_campos_bitacora_bitacoras_table', 6),
	(45, '2024_07_18_000344_add_herramienta_bitacora_bitacoras_table', 7);

-- Volcando estructura para tabla bdccicsa.model_has_permissions
CREATE TABLE IF NOT EXISTS `model_has_permissions` (
  `permission_id` bigint unsigned NOT NULL,
  `model_type` varchar(255) COLLATE utf8mb4_unicode_ci NOT NULL,
  `model_id` bigint unsigned NOT NULL,
  PRIMARY KEY (`permission_id`,`model_id`,`model_type`),
  KEY `model_has_permissions_model_id_model_type_index` (`model_id`,`model_type`),
  CONSTRAINT `model_has_permissions_permission_id_foreign` FOREIGN KEY (`permission_id`) REFERENCES `permissions` (`id`) ON DELETE CASCADE
) ENGINE=InnoDB DEFAULT CHARSET=utf8mb4 COLLATE=utf8mb4_unicode_ci;

-- Volcando datos para la tabla bdccicsa.model_has_permissions: ~0 rows (aproximadamente)
DELETE FROM `model_has_permissions`;

-- Volcando estructura para tabla bdccicsa.model_has_roles
CREATE TABLE IF NOT EXISTS `model_has_roles` (
  `role_id` bigint unsigned NOT NULL,
  `model_type` varchar(255) COLLATE utf8mb4_unicode_ci NOT NULL,
  `model_id` bigint unsigned NOT NULL,
  PRIMARY KEY (`role_id`,`model_id`,`model_type`),
  KEY `model_has_roles_model_id_model_type_index` (`model_id`,`model_type`),
  CONSTRAINT `model_has_roles_role_id_foreign` FOREIGN KEY (`role_id`) REFERENCES `roles` (`id`) ON DELETE CASCADE
) ENGINE=InnoDB DEFAULT CHARSET=utf8mb4 COLLATE=utf8mb4_unicode_ci;

-- Volcando datos para la tabla bdccicsa.model_has_roles: ~27 rows (aproximadamente)
DELETE FROM `model_has_roles`;
INSERT INTO `model_has_roles` (`role_id`, `model_type`, `model_id`) VALUES
	(1, 'App\\Models\\User', 1),
	(3, 'App\\Models\\User', 2),
	(3, 'App\\Models\\User', 3),
	(3, 'App\\Models\\User', 4),
	(3, 'App\\Models\\User', 5),
	(3, 'App\\Models\\User', 6),
	(3, 'App\\Models\\User', 7),
	(3, 'App\\Models\\User', 8),
	(3, 'App\\Models\\User', 9),
	(3, 'App\\Models\\User', 10),
	(3, 'App\\Models\\User', 11),
	(3, 'App\\Models\\User', 12),
	(3, 'App\\Models\\User', 13),
	(3, 'App\\Models\\User', 14),
	(3, 'App\\Models\\User', 15),
	(3, 'App\\Models\\User', 16),
	(3, 'App\\Models\\User', 17),
	(3, 'App\\Models\\User', 18),
	(3, 'App\\Models\\User', 19),
	(4, 'App\\Models\\User', 20),
	(4, 'App\\Models\\User', 21),
	(5, 'App\\Models\\User', 22),
	(5, 'App\\Models\\User', 23),
	(5, 'App\\Models\\User', 24),
	(5, 'App\\Models\\User', 25),
	(5, 'App\\Models\\User', 26),
	(5, 'App\\Models\\User', 27),
	(5, 'App\\Models\\User', 29),
	(5, 'App\\Models\\User', 30);

-- Volcando estructura para tabla bdccicsa.municipalidades
CREATE TABLE IF NOT EXISTS `municipalidades` (
  `id` bigint unsigned NOT NULL AUTO_INCREMENT,
  `nombre` varchar(45) COLLATE utf8mb4_unicode_ci NOT NULL,
  `created_at` timestamp NULL DEFAULT NULL,
  `updated_at` timestamp NULL DEFAULT NULL,
  PRIMARY KEY (`id`)
) ENGINE=InnoDB AUTO_INCREMENT=349 DEFAULT CHARSET=utf8mb4 COLLATE=utf8mb4_unicode_ci;

-- Volcando datos para la tabla bdccicsa.municipalidades: ~348 rows (aproximadamente)
DELETE FROM `municipalidades`;
INSERT INTO `municipalidades` (`id`, `nombre`, `created_at`, `updated_at`) VALUES
	(1, '26 DE OCTUBRE', NULL, NULL),
	(2, 'ACOBAMBA', NULL, NULL),
	(3, 'ACZO', NULL, NULL),
	(4, 'AGUAS VERDES', NULL, NULL),
	(5, 'AIJA', NULL, NULL),
	(6, 'ALFONSO UGARTE', NULL, NULL),
	(7, 'AMOTAPE', NULL, NULL),
	(8, 'ANDABAMBA', NULL, NULL),
	(9, 'ANGASMARCA', NULL, NULL),
	(10, 'ANGUIA', NULL, NULL),
	(11, 'ANRA', NULL, NULL),
	(12, 'ANTONIO RAYMONDI', NULL, NULL),
	(13, 'ARAMANGO', NULL, NULL),
	(14, 'ASCOPE', NULL, NULL),
	(15, 'AYABACA', NULL, NULL),
	(16, 'BAGUA', NULL, NULL),
	(17, 'BAGUA GRANDE', NULL, NULL),
	(18, 'BAMBAMARCA', NULL, NULL),
	(19, 'BAMBAS', NULL, NULL),
	(20, 'BAÑOS DEL INCA', NULL, NULL),
	(21, 'BELLAVISTA', NULL, NULL),
	(22, 'BELLAVISTA SULLANA', NULL, NULL),
	(23, 'BERNAL', NULL, NULL),
	(24, 'BOLIVAR', NULL, NULL),
	(25, 'BOLOGNESI', NULL, NULL),
	(26, 'BUENA VISTA ALTA', NULL, NULL),
	(27, 'BUENOS AIRES', NULL, NULL),
	(28, 'CACERES DEL PERU', NULL, NULL),
	(29, 'CACHACHI', NULL, NULL),
	(30, 'CACHICADAN', NULL, NULL),
	(31, 'CAJABAMBA', NULL, NULL),
	(32, 'CAJAMARCA', NULL, NULL),
	(33, 'CAJARURO', NULL, NULL),
	(34, 'CAJAY', NULL, NULL),
	(35, 'CALAMARCA', NULL, NULL),
	(36, 'CALLAYUC', NULL, NULL),
	(37, 'CAMPORREDONDO', NULL, NULL),
	(38, 'CANOAS DE PUNTA SAL', NULL, NULL),
	(39, 'CAÑARIS', NULL, NULL),
	(40, 'CARABAMBA', NULL, NULL),
	(41, 'CARAZ', NULL, NULL),
	(42, 'CARHUAZ', NULL, NULL),
	(43, 'CASA GRANDE', NULL, NULL),
	(44, 'CASCAS', NULL, NULL),
	(45, 'CASITAS', NULL, NULL),
	(46, 'CASMA', NULL, NULL),
	(47, 'CASTILLA', NULL, NULL),
	(48, 'CATACAOS', NULL, NULL),
	(49, 'CATACHE', NULL, NULL),
	(50, 'CAYALTI', NULL, NULL),
	(51, 'CELENDIN', NULL, NULL),
	(52, 'CHACAS', NULL, NULL),
	(53, 'CHACHAPOYAS', NULL, NULL),
	(54, 'CHALACO', NULL, NULL),
	(55, 'CHALAMARCA', NULL, NULL),
	(56, 'CHAMAYA', NULL, NULL),
	(57, 'CHANCAY', NULL, NULL),
	(58, 'CHAO', NULL, NULL),
	(59, 'CHAVIN DE HUANTAR', NULL, NULL),
	(60, 'CHEPEN', NULL, NULL),
	(61, 'CHETILLA', NULL, NULL),
	(62, 'CHICAMA', NULL, NULL),
	(63, 'CHICLAYO', NULL, NULL),
	(64, 'CHILETE', NULL, NULL),
	(65, 'CHILLIA', NULL, NULL),
	(66, 'CHIMBOTE', NULL, NULL),
	(67, 'CHINGAS', NULL, NULL),
	(68, 'CHIQUIAN', NULL, NULL),
	(69, 'CHIQUITOY', NULL, NULL),
	(70, 'CHIRIMOTO', NULL, NULL),
	(71, 'CHIRINOS', NULL, NULL),
	(72, 'CHOCOPE', NULL, NULL),
	(73, 'CHONGOYAPE', NULL, NULL),
	(74, 'CHONTALI', NULL, NULL),
	(75, 'CHOTA', NULL, NULL),
	(76, 'CHUGAY', NULL, NULL),
	(77, 'CHULUCANAS', NULL, NULL),
	(78, 'CHUMUCH', NULL, NULL),
	(79, 'COCHABAMBA', NULL, NULL),
	(80, 'COCHAPETI', NULL, NULL),
	(81, 'COCHAS', NULL, NULL),
	(82, 'COISHCO', NULL, NULL),
	(83, 'COLAN', NULL, NULL),
	(84, 'COLCABAMBA', NULL, NULL),
	(85, 'COLQUIOC', NULL, NULL),
	(86, 'COMANDANTE NOEL', NULL, NULL),
	(87, 'CONCHAN', NULL, NULL),
	(88, 'CONCHUCOS', NULL, NULL),
	(89, 'CONDEBAMBA', NULL, NULL),
	(90, 'CONTUMAZA', NULL, NULL),
	(91, 'CORIS', NULL, NULL),
	(92, 'CORONGO', NULL, NULL),
	(93, 'COROSHA', NULL, NULL),
	(94, 'CORRALES', NULL, NULL),
	(95, 'CUJILLO', NULL, NULL),
	(96, 'CULEBRAS', NULL, NULL),
	(97, 'CUPISNIQUE', NULL, NULL),
	(98, 'CURA MORI', NULL, NULL),
	(99, 'CURGOS', NULL, NULL),
	(100, 'CUTERVO', NULL, NULL),
	(101, 'EL ALTO', NULL, NULL),
	(102, 'EL PORVENIR', NULL, NULL),
	(103, 'ELEAZAR GUZMAN BARRON', NULL, NULL),
	(104, 'ENCAÑADA', NULL, NULL),
	(105, 'ETEN', NULL, NULL),
	(106, 'FERREÑAFE', NULL, NULL),
	(107, 'FIDEL OLIVAS ESCUDERO', NULL, NULL),
	(108, 'FLORENCIA DE MORA', NULL, NULL),
	(109, 'FLORIDA', NULL, NULL),
	(110, 'FRIAS', NULL, NULL),
	(111, 'GUADALUPE', NULL, NULL),
	(112, 'GUADALUPITO', NULL, NULL),
	(113, 'GUZMANGO', NULL, NULL),
	(114, 'HUACCHIS', NULL, NULL),
	(115, 'HUACHIS', NULL, NULL),
	(116, 'HUALGAYOC', NULL, NULL),
	(117, 'HUALLANCA', NULL, NULL),
	(118, 'HUAMACHUCO', NULL, NULL),
	(119, 'HUAMBOS', NULL, NULL),
	(120, 'HUANCABAMBA', NULL, NULL),
	(121, 'HUANCASPATA', NULL, NULL),
	(122, 'HUANCHACO', NULL, NULL),
	(123, 'HUANDOVAL', NULL, NULL),
	(124, 'HUANTAR', NULL, NULL),
	(125, 'HUARANGO', NULL, NULL),
	(126, 'HUARAZ', NULL, NULL),
	(127, 'HUARMACA', NULL, NULL),
	(128, 'HUARMEY', NULL, NULL),
	(129, 'HUASO', NULL, NULL),
	(130, 'HUAYAN', NULL, NULL),
	(131, 'HUAYLAS', NULL, NULL),
	(132, 'HUAYLLACAYAN', NULL, NULL),
	(133, 'HUAYO', NULL, NULL),
	(134, 'ICHOCAN', NULL, NULL),
	(135, 'IGNACIO ESCUDERO', NULL, NULL),
	(136, 'ILLIMO', NULL, NULL),
	(137, 'IMAZA', NULL, NULL),
	(138, 'INCAHUASI', NULL, NULL),
	(139, 'INDEPENDENCIA', NULL, NULL),
	(140, 'JAEN', NULL, NULL),
	(141, 'JAMALCA', NULL, NULL),
	(142, 'JANGAS', NULL, NULL),
	(143, 'JAYANCA', NULL, NULL),
	(144, 'JAZAN', NULL, NULL),
	(145, 'JEQUETEPEQUE', NULL, NULL),
	(146, 'JESUS', NULL, NULL),
	(147, 'JOSE GALVEZ', NULL, NULL),
	(148, 'JOSE LEONARDO ORTIZ', NULL, NULL),
	(149, 'JOSE MANUEL QUIROZ', NULL, NULL),
	(150, 'JOSE SABOGAL', NULL, NULL),
	(151, 'JULCAN', NULL, NULL),
	(152, 'LA ARENA', NULL, NULL),
	(153, 'LA BREA', NULL, NULL),
	(154, 'LA COIPA', NULL, NULL),
	(155, 'LA CRUZ', NULL, NULL),
	(156, 'LA ESPERANZA', NULL, NULL),
	(157, 'LA HUACA', NULL, NULL),
	(158, 'LA LIBERTAD DE PALLAN', NULL, NULL),
	(159, 'LA MATANZA', NULL, NULL),
	(160, 'LA PECA', NULL, NULL),
	(161, 'LA UNION', NULL, NULL),
	(162, 'LA VICTORIA', NULL, NULL),
	(163, 'LACABAMBA', NULL, NULL),
	(164, 'LAGUNAS', NULL, NULL),
	(165, 'LAJAS', NULL, NULL),
	(166, 'LAMBAYEQUE', NULL, NULL),
	(167, 'LAMUD', NULL, NULL),
	(168, 'LAREDO', NULL, NULL),
	(169, 'LAS LOMAS', NULL, NULL),
	(170, 'LEIMEBAMBA', NULL, NULL),
	(171, 'LEVANTO', NULL, NULL),
	(172, 'LLACANORA', NULL, NULL),
	(173, 'LLAMA', NULL, NULL),
	(174, 'LLAMELLIN', NULL, NULL),
	(175, 'LLAPO', NULL, NULL),
	(176, 'LLIPA', NULL, NULL),
	(177, 'LOBITOS', NULL, NULL),
	(178, 'LONGOTEA', NULL, NULL),
	(179, 'LONYA GRANDE', NULL, NULL),
	(180, 'LOS BAÑOS DEL INCA', NULL, NULL),
	(181, 'LOS ORGANOS', NULL, NULL),
	(182, 'LUCMA', NULL, NULL),
	(183, 'LUYA', NULL, NULL),
	(184, 'MAGDALENA', NULL, NULL),
	(185, 'MANCORA', NULL, NULL),
	(186, 'MANCOS', NULL, NULL),
	(187, 'Mansiche, Trujillo', NULL, NULL),
	(188, 'MARCARA', NULL, NULL),
	(189, 'MARCAVELICA', NULL, NULL),
	(190, 'MARIA', NULL, NULL),
	(191, 'MATAPALO', NULL, NULL),
	(192, 'MATARA', NULL, NULL),
	(193, 'MIGUEL IGLESIAS', NULL, NULL),
	(194, 'MILPUC', NULL, NULL),
	(195, 'MIRACOSTA', NULL, NULL),
	(196, 'MOCHE', NULL, NULL),
	(197, 'MOCHUMI', NULL, NULL),
	(198, 'MOLINOPAMPA', NULL, NULL),
	(199, 'MONSEFU', NULL, NULL),
	(200, 'MONTERO', NULL, NULL),
	(201, 'MORO', NULL, NULL),
	(202, 'MORROPE', NULL, NULL),
	(203, 'MORROPON', NULL, NULL),
	(204, 'MOTUPE', NULL, NULL),
	(205, 'Municipalidad Morropon', NULL, NULL),
	(206, 'NAMBALLE', NULL, NULL),
	(207, 'NAMORA', NULL, NULL),
	(208, 'NANCHOC', NULL, NULL),
	(209, 'NEPEÑA', NULL, NULL),
	(210, 'NIEPOS', NULL, NULL),
	(211, 'NIEVA', NULL, NULL),
	(212, 'NUEVO CHIMBOTE', NULL, NULL),
	(213, 'OCALLI', NULL, NULL),
	(214, 'OCROS', NULL, NULL),
	(215, 'OLMOS', NULL, NULL),
	(216, 'ONGON', NULL, NULL),
	(217, 'OTUZCO', NULL, NULL),
	(218, 'OXAMARCA', NULL, NULL),
	(219, 'OYOTUN', NULL, NULL),
	(220, 'PACAIPAMPA', NULL, NULL),
	(221, 'PACANGA', NULL, NULL),
	(222, 'PACASMAYO', NULL, NULL),
	(223, 'PACORA', NULL, NULL),
	(224, 'PAIJAN', NULL, NULL),
	(225, 'PAIMAS', NULL, NULL),
	(226, 'PAITA', NULL, NULL),
	(227, 'PAMPAROMAS', NULL, NULL),
	(228, 'PAMPAS CHICO', NULL, NULL),
	(229, 'PAMPAS DE HOSPITAL', NULL, NULL),
	(230, 'PAMPAS PALLASCA', NULL, NULL),
	(231, 'PAPAYAL', NULL, NULL),
	(232, 'PARCOY', NULL, NULL),
	(233, 'PARIÑAS', NULL, NULL),
	(234, 'PATAPO', NULL, NULL),
	(235, 'PATAZ', NULL, NULL),
	(236, 'PEDRO GALVEZ', NULL, NULL),
	(237, 'PICSI', NULL, NULL),
	(238, 'PIMENTEL', NULL, NULL),
	(239, 'PIRA', NULL, NULL),
	(240, 'PISCOBAMBA', NULL, NULL),
	(241, 'PITIPO', NULL, NULL),
	(242, 'PIURA', NULL, NULL),
	(243, 'POMABAMBA', NULL, NULL),
	(244, 'POMAHUACA', NULL, NULL),
	(245, 'POMALCA', NULL, NULL),
	(246, 'POROTO', NULL, NULL),
	(247, 'PUCALA', NULL, NULL),
	(248, 'PUCARA', NULL, NULL),
	(249, 'PUEBLO NUEVO', NULL, NULL),
	(250, 'PULAN', NULL, NULL),
	(251, 'QUERECOTILLO', NULL, NULL),
	(252, 'QUEROCOTO', NULL, NULL),
	(253, 'QUILLO', NULL, NULL),
	(254, 'QUIRUVILCA', NULL, NULL),
	(255, 'RAZURI', NULL, NULL),
	(256, 'RECUAY', NULL, NULL),
	(257, 'REQUE', NULL, NULL),
	(258, 'SALAS', NULL, NULL),
	(259, 'SALAVERRY', NULL, NULL),
	(260, 'SALITRAL', NULL, NULL),
	(261, 'SALLIQUE', NULL, NULL),
	(262, 'SALPO', NULL, NULL),
	(263, 'SAMANCO', NULL, NULL),
	(264, 'SAN BENITO', NULL, NULL),
	(265, 'SAN FELIPE', NULL, NULL),
	(266, 'SAN FRANCISCO DE DAGUAS', NULL, NULL),
	(267, 'SAN GREGORIO', NULL, NULL),
	(268, 'SAN IGNACIO', NULL, NULL),
	(269, 'SAN JACINTO', NULL, NULL),
	(270, 'SAN JERONIMO', NULL, NULL),
	(271, 'SAN JOSE', NULL, NULL),
	(272, 'SAN JOSE DE LOURDES', NULL, NULL),
	(273, 'SAN JUAN', NULL, NULL),
	(274, 'SAN JUAN DE BIGOTE', NULL, NULL),
	(275, 'SAN JUAN DE LA VIRGEN', NULL, NULL),
	(276, 'SAN JUAN DE LICUPIS', NULL, NULL),
	(277, 'SAN JUAN DE RONTOY', NULL, NULL),
	(278, 'SAN LUIS', NULL, NULL),
	(279, 'SAN LUIS DE LUCMA', NULL, NULL),
	(280, 'SAN MARCOS', NULL, NULL),
	(281, 'SAN MIGUEL', NULL, NULL),
	(282, 'SAN MIGUEL DE EL FAIQUE', NULL, NULL),
	(283, 'SAN NICOLAS', NULL, NULL),
	(284, 'SAN PABLO', NULL, NULL),
	(285, 'SAN PEDRO', NULL, NULL),
	(286, 'SAN PEDRO DE CHANA', NULL, NULL),
	(287, 'SAN PEDRO DE LLOC', NULL, NULL),
	(288, 'SANAGORAN', NULL, NULL),
	(289, 'SANCHEZ CARRION', NULL, NULL),
	(290, 'SANTA', NULL, NULL),
	(291, 'SANTA CRUZ', NULL, NULL),
	(292, 'SANTA ROSA', NULL, NULL),
	(293, 'SANTIAGO DE CAO', NULL, NULL),
	(294, 'SANTIAGO DE CHUCO', NULL, NULL),
	(295, 'SANTO TOMAS', NULL, NULL),
	(296, 'SAÑA', NULL, NULL),
	(297, 'SAPILLICA', NULL, NULL),
	(298, 'SARIN', NULL, NULL),
	(299, 'SARTIMBAMBA', NULL, NULL),
	(300, 'SAYAPULLO', NULL, NULL),
	(301, 'SECHURA', NULL, NULL),
	(302, 'SEXI', NULL, NULL),
	(303, 'SHUPLUY', NULL, NULL),
	(304, 'SIHUAS', NULL, NULL),
	(305, 'SIMBAL', NULL, NULL),
	(306, 'SINSICAP', NULL, NULL),
	(307, 'SITABAMBA', NULL, NULL),
	(308, 'SITACOCHA', NULL, NULL),
	(309, 'SOCOTA', NULL, NULL),
	(310, 'SONDORILLO', NULL, NULL),
	(311, 'SOROCHUCO', NULL, NULL),
	(312, 'SUCRE', NULL, NULL),
	(313, 'SULLANA', NULL, NULL),
	(314, 'SUYO', NULL, NULL),
	(315, 'TABACONAS', NULL, NULL),
	(316, 'TACABAMBA', NULL, NULL),
	(317, 'TAMBO GRANDE', NULL, NULL),
	(318, 'TANTARICA', NULL, NULL),
	(319, 'TARICA', NULL, NULL),
	(320, 'TAYABAMBA', NULL, NULL),
	(321, 'TINCO', NULL, NULL),
	(322, 'TINGO', NULL, NULL),
	(323, 'TOCMOCHE', NULL, NULL),
	(324, 'TORIBIO CASANOVA', NULL, NULL),
	(325, 'TRUJILLO', NULL, NULL),
	(326, 'TUCUME', NULL, NULL),
	(327, 'TUMAN', NULL, NULL),
	(328, 'TUMBADEN', NULL, NULL),
	(329, 'TUMBES', NULL, NULL),
	(330, 'UCHUMARCA', NULL, NULL),
	(331, 'UNION', NULL, NULL),
	(332, 'UNION AGUA BLANCA', NULL, NULL),
	(333, 'USQUIL', NULL, NULL),
	(334, 'UTCO', NULL, NULL),
	(335, 'VICE', NULL, NULL),
	(336, 'VICTOR LARCO HERRERA', NULL, NULL),
	(337, 'VIRU', NULL, NULL),
	(338, 'YAMANGO', NULL, NULL),
	(339, 'YAMBRASBAMBA', NULL, NULL),
	(340, 'YAUTAN', NULL, NULL),
	(341, 'YAUYA', NULL, NULL),
	(342, 'YONAN', NULL, NULL),
	(343, 'YUNGAY', NULL, NULL),
	(344, 'YUPAN', NULL, NULL),
	(345, 'YURACMARCA', NULL, NULL),
	(346, 'ZARUMILLA', NULL, NULL),
	(347, 'ZORRITOS', NULL, NULL),
	(348, 'N/D', NULL, NULL);

-- Volcando estructura para tabla bdccicsa.password_reset_tokens
CREATE TABLE IF NOT EXISTS `password_reset_tokens` (
  `email` varchar(255) COLLATE utf8mb4_unicode_ci NOT NULL,
  `token` varchar(255) COLLATE utf8mb4_unicode_ci NOT NULL,
  `created_at` timestamp NULL DEFAULT NULL,
  PRIMARY KEY (`email`)
) ENGINE=InnoDB DEFAULT CHARSET=utf8mb4 COLLATE=utf8mb4_unicode_ci;

-- Volcando datos para la tabla bdccicsa.password_reset_tokens: ~0 rows (aproximadamente)
DELETE FROM `password_reset_tokens`;

-- Volcando estructura para tabla bdccicsa.permissions
CREATE TABLE IF NOT EXISTS `permissions` (
  `id` bigint unsigned NOT NULL AUTO_INCREMENT,
  `name` varchar(255) COLLATE utf8mb4_unicode_ci NOT NULL,
  `guard_name` varchar(255) COLLATE utf8mb4_unicode_ci NOT NULL,
  `created_at` timestamp NULL DEFAULT NULL,
  `updated_at` timestamp NULL DEFAULT NULL,
  PRIMARY KEY (`id`),
  UNIQUE KEY `permissions_name_guard_name_unique` (`name`,`guard_name`)
) ENGINE=InnoDB AUTO_INCREMENT=34 DEFAULT CHARSET=utf8mb4 COLLATE=utf8mb4_unicode_ci;

-- Volcando datos para la tabla bdccicsa.permissions: ~33 rows (aproximadamente)
DELETE FROM `permissions`;
INSERT INTO `permissions` (`id`, `name`, `guard_name`, `created_at`, `updated_at`) VALUES
	(1, 'register_rol', 'api', '2024-07-05 03:13:29', '2024-07-05 03:13:29'),
	(2, 'list_rol', 'api', '2024-07-05 03:13:29', '2024-07-05 03:13:29'),
	(3, 'edit_rol', 'api', '2024-07-05 03:13:29', '2024-07-05 03:13:29'),
	(4, 'delete_rol', 'api', '2024-07-05 03:13:29', '2024-07-05 03:13:29'),
	(5, 'register_doctor', 'api', '2024-07-05 03:13:29', '2024-07-05 03:13:29'),
	(6, 'list_doctor', 'api', '2024-07-05 03:13:29', '2024-07-05 03:13:29'),
	(7, 'edit_doctor', 'api', '2024-07-05 03:13:29', '2024-07-05 03:13:29'),
	(8, 'delete_doctor', 'api', '2024-07-05 03:13:29', '2024-07-05 03:13:29'),
	(9, 'profile_doctor', 'api', '2024-07-05 03:13:29', '2024-07-05 03:13:29'),
	(10, 'register_patient', 'api', '2024-07-05 03:13:29', '2024-07-05 03:13:29'),
	(11, 'list_patient', 'api', '2024-07-05 03:13:29', '2024-07-05 03:13:29'),
	(12, 'edit_patient', 'api', '2024-07-05 03:13:29', '2024-07-05 03:13:29'),
	(13, 'delete_patient', 'api', '2024-07-05 03:13:29', '2024-07-05 03:13:29'),
	(14, 'profile_patient', 'api', '2024-07-05 03:13:29', '2024-07-05 03:13:29'),
	(15, 'register_staff', 'api', '2024-07-05 03:13:29', '2024-07-05 03:13:29'),
	(16, 'list_staff', 'api', '2024-07-05 03:13:29', '2024-07-05 03:13:29'),
	(17, 'edit_staff', 'api', '2024-07-05 03:13:29', '2024-07-05 03:13:29'),
	(18, 'delete_staff', 'api', '2024-07-05 03:13:29', '2024-07-05 03:13:29'),
	(19, 'register_appointment', 'api', '2024-07-05 03:13:29', '2024-07-05 03:13:29'),
	(20, 'list_appointment', 'api', '2024-07-05 03:13:29', '2024-07-05 03:13:29'),
	(21, 'edit_appointment', 'api', '2024-07-05 03:13:29', '2024-07-05 03:13:29'),
	(22, 'delete_appointment', 'api', '2024-07-05 03:13:29', '2024-07-05 03:13:29'),
	(23, 'register_specialty', 'api', '2024-07-05 03:13:29', '2024-07-05 03:13:29'),
	(24, 'list_specialty', 'api', '2024-07-05 03:13:29', '2024-07-05 03:13:29'),
	(25, 'edit_specialty', 'api', '2024-07-05 03:13:29', '2024-07-05 03:13:29'),
	(26, 'delete_specialty', 'api', '2024-07-05 03:13:29', '2024-07-05 03:13:29'),
	(27, 'show_payment', 'api', '2024-07-05 03:13:29', '2024-07-05 03:13:29'),
	(28, 'edit_payment', 'api', '2024-07-05 03:13:29', '2024-07-05 03:13:29'),
	(29, 'activitie', 'api', '2024-07-05 03:13:29', '2024-07-05 03:13:29'),
	(30, 'calendar', 'api', '2024-07-05 03:13:29', '2024-07-05 03:13:29'),
	(31, 'expense_report', 'api', '2024-07-05 03:13:29', '2024-07-05 03:13:29'),
	(32, 'invoice_report', 'api', '2024-07-05 03:13:29', '2024-07-05 03:13:29'),
	(33, 'settings', 'api', '2024-07-05 03:13:29', '2024-07-05 03:13:29');

-- Volcando estructura para tabla bdccicsa.personal_access_tokens
CREATE TABLE IF NOT EXISTS `personal_access_tokens` (
  `id` bigint unsigned NOT NULL AUTO_INCREMENT,
  `tokenable_type` varchar(255) COLLATE utf8mb4_unicode_ci NOT NULL,
  `tokenable_id` bigint unsigned NOT NULL,
  `name` varchar(255) COLLATE utf8mb4_unicode_ci NOT NULL,
  `token` varchar(64) COLLATE utf8mb4_unicode_ci NOT NULL,
  `abilities` text COLLATE utf8mb4_unicode_ci,
  `last_used_at` timestamp NULL DEFAULT NULL,
  `expires_at` timestamp NULL DEFAULT NULL,
  `created_at` timestamp NULL DEFAULT NULL,
  `updated_at` timestamp NULL DEFAULT NULL,
  PRIMARY KEY (`id`),
  UNIQUE KEY `personal_access_tokens_token_unique` (`token`),
  KEY `personal_access_tokens_tokenable_type_tokenable_id_index` (`tokenable_type`,`tokenable_id`)
) ENGINE=InnoDB DEFAULT CHARSET=utf8mb4 COLLATE=utf8mb4_unicode_ci;

-- Volcando datos para la tabla bdccicsa.personal_access_tokens: ~0 rows (aproximadamente)
DELETE FROM `personal_access_tokens`;

-- Volcando estructura para tabla bdccicsa.prioridad_sites
CREATE TABLE IF NOT EXISTS `prioridad_sites` (
  `id` bigint unsigned NOT NULL AUTO_INCREMENT,
  `nombre` varchar(25) COLLATE utf8mb4_unicode_ci NOT NULL,
  `created_at` timestamp NULL DEFAULT NULL,
  `updated_at` timestamp NULL DEFAULT NULL,
  PRIMARY KEY (`id`)
) ENGINE=InnoDB AUTO_INCREMENT=7 DEFAULT CHARSET=utf8mb4 COLLATE=utf8mb4_unicode_ci;

-- Volcando datos para la tabla bdccicsa.prioridad_sites: ~6 rows (aproximadamente)
DELETE FROM `prioridad_sites`;
INSERT INTO `prioridad_sites` (`id`, `nombre`, `created_at`, `updated_at`) VALUES
	(1, 'CONVERGENTE 1', NULL, NULL),
	(2, 'CONVERGENTE 2', NULL, NULL),
	(3, 'SEDE ADMINISTRATIVA', NULL, NULL),
	(4, 'LOCAL COMERCIAL', NULL, NULL),
	(5, 'TERMINALES', NULL, NULL),
	(6, 'N/D', NULL, NULL);

-- Volcando estructura para tabla bdccicsa.provincias
CREATE TABLE IF NOT EXISTS `provincias` (
  `id` bigint unsigned NOT NULL AUTO_INCREMENT,
  `nombre` varchar(25) COLLATE utf8mb4_unicode_ci NOT NULL,
  `departamento_id` bigint unsigned NOT NULL,
  `created_at` timestamp NULL DEFAULT NULL,
  `updated_at` timestamp NULL DEFAULT NULL,
  PRIMARY KEY (`id`),
  KEY `provincias_departamento_id_foreign` (`departamento_id`),
  CONSTRAINT `provincias_departamento_id_foreign` FOREIGN KEY (`departamento_id`) REFERENCES `departamentos` (`id`)
) ENGINE=InnoDB AUTO_INCREMENT=70 DEFAULT CHARSET=utf8mb4 COLLATE=utf8mb4_unicode_ci;

-- Volcando datos para la tabla bdccicsa.provincias: ~69 rows (aproximadamente)
DELETE FROM `provincias`;
INSERT INTO `provincias` (`id`, `nombre`, `departamento_id`, `created_at`, `updated_at`) VALUES
	(1, 'TRUJILLO', 1, NULL, NULL),
	(2, 'SANTA', 2, NULL, NULL),
	(3, 'ANTONIO RAYMONDI', 2, NULL, NULL),
	(4, 'TUMBES', 3, NULL, NULL),
	(5, 'PATAZ', 1, NULL, NULL),
	(6, 'CAJAMARCA', 4, NULL, NULL),
	(7, 'JAEN', 4, NULL, NULL),
	(8, 'CHICLAYO', 5, NULL, NULL),
	(9, 'GRAN CHIMU', 1, NULL, NULL),
	(10, 'CHACHAPOYAS', 6, NULL, NULL),
	(11, 'ZARUMILLA', 3, NULL, NULL),
	(12, 'PIURA', 7, NULL, NULL),
	(13, 'AIJA', 2, NULL, NULL),
	(14, 'SANCHEZ CARRION', 1, NULL, NULL),
	(15, 'SANTIAGO DE CHUCO', 1, NULL, NULL),
	(16, 'TALARA', 7, NULL, NULL),
	(17, 'SULLANA', 7, NULL, NULL),
	(18, 'PAITA', 7, NULL, NULL),
	(19, 'HUARAZ', 2, NULL, NULL),
	(20, 'HUALGAYOC', 4, NULL, NULL),
	(21, 'HUARI', 2, NULL, NULL),
	(22, 'BAGUA', 6, NULL, NULL),
	(23, 'AYABACA', 7, NULL, NULL),
	(24, 'LUYA', 6, NULL, NULL),
	(25, 'ASCOPE', 1, NULL, NULL),
	(26, 'SIHUAS', 2, NULL, NULL),
	(27, 'UTCUBAMBA', 6, NULL, NULL),
	(28, 'CORONGO', 2, NULL, NULL),
	(29, 'SECHURA', 7, NULL, NULL),
	(30, 'SAN IGNACIO', 4, NULL, NULL),
	(31, 'MORROPON', 7, NULL, NULL),
	(32, 'CAJABAMBA', 4, NULL, NULL),
	(33, 'SAN MIGUEL', 4, NULL, NULL),
	(34, 'BOLIVAR', 1, NULL, NULL),
	(35, 'CELENDIN', 4, NULL, NULL),
	(36, 'PALLASCA', 2, NULL, NULL),
	(37, 'CONTRALMIRANTE VILLAR', 3, NULL, NULL),
	(38, 'HUARMEY', 2, NULL, NULL),
	(39, 'LAMBAYEQUE', 5, NULL, NULL),
	(40, 'VIRU', 1, NULL, NULL),
	(41, 'FERREÑAFE', 5, NULL, NULL),
	(42, 'HUAYLAS', 2, NULL, NULL),
	(43, 'JULCAN', 1, NULL, NULL),
	(44, 'CARHUAZ', 2, NULL, NULL),
	(45, 'CASMA', 2, NULL, NULL),
	(46, 'CONTUMAZA', 4, NULL, NULL),
	(47, 'CHOTA', 4, NULL, NULL),
	(48, 'OTUZCO', 1, NULL, NULL),
	(49, 'ASUNCION', 2, NULL, NULL),
	(50, 'CARLOS FERMIN FITZCARRALD', 2, NULL, NULL),
	(51, 'MARISCAL LUZURIAGA', 2, NULL, NULL),
	(52, 'SAN MARCOS', 4, NULL, NULL),
	(53, 'BOLOGNESI', 2, NULL, NULL),
	(54, 'CHEPEN', 1, NULL, NULL),
	(55, 'RODRIGUEZ DE MENDOZA', 6, NULL, NULL),
	(56, 'PACASMAYO', 1, NULL, NULL),
	(57, 'RECUAY', 2, NULL, NULL),
	(58, 'OCROS', 2, NULL, NULL),
	(59, 'CUTERVO', 4, NULL, NULL),
	(60, 'BONGARA', 6, NULL, NULL),
	(61, 'HUANCABAMBA', 7, NULL, NULL),
	(62, 'MARAÑON', 8, NULL, NULL),
	(63, 'SANTA CRUZ', 4, NULL, NULL),
	(64, 'YUNGAY', 2, NULL, NULL),
	(65, 'DATEM DEL MARAÑON', 6, NULL, NULL),
	(66, 'SAN PABLO', 4, NULL, NULL),
	(67, 'POMABAMBA', 2, NULL, NULL),
	(68, 'CONDORCANQUI', 6, NULL, NULL),
	(69, 'N/D', 9, NULL, NULL);

-- Volcando estructura para tabla bdccicsa.reds
CREATE TABLE IF NOT EXISTS `reds` (
  `id` bigint unsigned NOT NULL AUTO_INCREMENT,
  `nombre` char(10) COLLATE utf8mb4_unicode_ci NOT NULL,
  `created_at` timestamp NULL DEFAULT NULL,
  `updated_at` timestamp NULL DEFAULT NULL,
  PRIMARY KEY (`id`)
) ENGINE=InnoDB AUTO_INCREMENT=6 DEFAULT CHARSET=utf8mb4 COLLATE=utf8mb4_unicode_ci;

-- Volcando datos para la tabla bdccicsa.reds: ~5 rows (aproximadamente)
DELETE FROM `reds`;
INSERT INTO `reds` (`id`, `nombre`, `created_at`, `updated_at`) VALUES
	(1, 'CORP', NULL, NULL),
	(2, 'HFC', NULL, NULL),
	(3, 'FTTH', NULL, NULL),
	(4, 'MOVIL', NULL, NULL),
	(5, 'DORSAL', NULL, NULL);

-- Volcando estructura para tabla bdccicsa.regions
CREATE TABLE IF NOT EXISTS `regions` (
  `id` bigint unsigned NOT NULL AUTO_INCREMENT,
  `nombre` varchar(45) COLLATE utf8mb4_unicode_ci NOT NULL,
  `created_at` timestamp NULL DEFAULT NULL,
  `updated_at` timestamp NULL DEFAULT NULL,
  PRIMARY KEY (`id`)
) ENGINE=InnoDB AUTO_INCREMENT=5 DEFAULT CHARSET=utf8mb4 COLLATE=utf8mb4_unicode_ci;

-- Volcando datos para la tabla bdccicsa.regions: ~4 rows (aproximadamente)
DELETE FROM `regions`;
INSERT INTO `regions` (`id`, `nombre`, `created_at`, `updated_at`) VALUES
	(1, 'NORTE', NULL, NULL),
	(2, 'SUR', NULL, NULL),
	(3, 'LIMA', NULL, NULL),
	(4, 'CENTRO', NULL, NULL);

-- Volcando estructura para tabla bdccicsa.region_geograficas
CREATE TABLE IF NOT EXISTS `region_geograficas` (
  `id` bigint unsigned NOT NULL AUTO_INCREMENT,
  `nombre` char(10) COLLATE utf8mb4_unicode_ci NOT NULL,
  `created_at` timestamp NULL DEFAULT NULL,
  `updated_at` timestamp NULL DEFAULT NULL,
  PRIMARY KEY (`id`)
) ENGINE=InnoDB AUTO_INCREMENT=5 DEFAULT CHARSET=utf8mb4 COLLATE=utf8mb4_unicode_ci;

-- Volcando datos para la tabla bdccicsa.region_geograficas: ~4 rows (aproximadamente)
DELETE FROM `region_geograficas`;
INSERT INTO `region_geograficas` (`id`, `nombre`, `created_at`, `updated_at`) VALUES
	(1, 'COSTA', NULL, NULL),
	(2, 'SIERRA', NULL, NULL),
	(3, 'SELVA', NULL, NULL),
	(4, 'N/D', NULL, NULL);

-- Volcando estructura para tabla bdccicsa.roles
CREATE TABLE IF NOT EXISTS `roles` (
  `id` bigint unsigned NOT NULL AUTO_INCREMENT,
  `name` varchar(255) COLLATE utf8mb4_unicode_ci NOT NULL,
  `guard_name` varchar(255) COLLATE utf8mb4_unicode_ci NOT NULL,
  `created_at` timestamp NULL DEFAULT NULL,
  `updated_at` timestamp NULL DEFAULT NULL,
  PRIMARY KEY (`id`),
  UNIQUE KEY `roles_name_guard_name_unique` (`name`,`guard_name`)
) ENGINE=InnoDB AUTO_INCREMENT=6 DEFAULT CHARSET=utf8mb4 COLLATE=utf8mb4_unicode_ci;

-- Volcando datos para la tabla bdccicsa.roles: ~4 rows (aproximadamente)
DELETE FROM `roles`;
INSERT INTO `roles` (`id`, `name`, `guard_name`, `created_at`, `updated_at`) VALUES
	(1, 'Admin', 'api', '2024-07-05 03:13:29', '2024-07-05 03:13:29'),
	(2, 'Held Desk', 'api', '2024-07-05 03:13:29', '2024-07-05 03:13:29'),
	(3, 'Tecnico', 'api', '2024-07-05 03:13:29', '2024-07-05 03:13:29'),
	(4, 'Lider', 'api', '2024-07-05 03:13:29', '2024-07-05 03:13:29'),
	(5, 'Claro', 'api', '2024-07-04 22:42:28', '2024-07-04 22:42:29');

-- Volcando estructura para tabla bdccicsa.role_has_permissions
CREATE TABLE IF NOT EXISTS `role_has_permissions` (
  `permission_id` bigint unsigned NOT NULL,
  `role_id` bigint unsigned NOT NULL,
  PRIMARY KEY (`permission_id`,`role_id`),
  KEY `role_has_permissions_role_id_foreign` (`role_id`),
  CONSTRAINT `role_has_permissions_permission_id_foreign` FOREIGN KEY (`permission_id`) REFERENCES `permissions` (`id`) ON DELETE CASCADE,
  CONSTRAINT `role_has_permissions_role_id_foreign` FOREIGN KEY (`role_id`) REFERENCES `roles` (`id`) ON DELETE CASCADE
) ENGINE=InnoDB DEFAULT CHARSET=utf8mb4 COLLATE=utf8mb4_unicode_ci;

-- Volcando datos para la tabla bdccicsa.role_has_permissions: ~8 rows (aproximadamente)
DELETE FROM `role_has_permissions`;
INSERT INTO `role_has_permissions` (`permission_id`, `role_id`) VALUES
	(1, 2),
	(2, 2),
	(3, 2),
	(4, 2),
	(1, 3),
	(2, 3),
	(3, 3),
	(4, 3);

-- Volcando estructura para tabla bdccicsa.room_types
CREATE TABLE IF NOT EXISTS `room_types` (
  `id` bigint unsigned NOT NULL AUTO_INCREMENT,
  `nombre` char(15) COLLATE utf8mb4_unicode_ci NOT NULL,
  `created_at` timestamp NULL DEFAULT NULL,
  `updated_at` timestamp NULL DEFAULT NULL,
  PRIMARY KEY (`id`)
) ENGINE=InnoDB AUTO_INCREMENT=8 DEFAULT CHARSET=utf8mb4 COLLATE=utf8mb4_unicode_ci;

-- Volcando datos para la tabla bdccicsa.room_types: ~7 rows (aproximadamente)
DELETE FROM `room_types`;
INSERT INTO `room_types` (`id`, `nombre`, `created_at`, `updated_at`) VALUES
	(1, 'OUTDOOR', NULL, NULL),
	(2, 'PICO', NULL, NULL),
	(3, 'RRU-IN', NULL, NULL),
	(4, 'INDOOR', NULL, NULL),
	(5, 'RRU-OUT', NULL, NULL),
	(6, 'POSTE', NULL, NULL),
	(7, 'N/D', NULL, NULL);

-- Volcando estructura para tabla bdccicsa.servs
CREATE TABLE IF NOT EXISTS `servs` (
  `id` bigint unsigned NOT NULL AUTO_INCREMENT,
  `nombre` char(10) COLLATE utf8mb4_unicode_ci NOT NULL,
  `created_at` timestamp NULL DEFAULT NULL,
  `updated_at` timestamp NULL DEFAULT NULL,
  PRIMARY KEY (`id`)
) ENGINE=InnoDB AUTO_INCREMENT=10 DEFAULT CHARSET=utf8mb4 COLLATE=utf8mb4_unicode_ci;

-- Volcando datos para la tabla bdccicsa.servs: ~7 rows (aproximadamente)
DELETE FROM `servs`;
INSERT INTO `servs` (`id`, `nombre`, `created_at`, `updated_at`) VALUES
	(1, 'CORP', NULL, NULL),
	(2, 'HFC', NULL, NULL),
	(3, 'FTTH', NULL, NULL),
	(4, 'MOVIL', NULL, NULL),
	(5, 'DORSAL', NULL, NULL),
	(6, 'SITES', NULL, NULL),
	(7, 'OTROS', NULL, NULL);

-- Volcando estructura para tabla bdccicsa.sites
CREATE TABLE IF NOT EXISTS `sites` (
  `id` bigint unsigned NOT NULL AUTO_INCREMENT,
  `codigo` varchar(20) COLLATE utf8mb4_unicode_ci NOT NULL,
  `nombre` varchar(45) COLLATE utf8mb4_unicode_ci NOT NULL,
  `latitud` varchar(25) COLLATE utf8mb4_unicode_ci DEFAULT NULL,
  `longitud` varchar(25) COLLATE utf8mb4_unicode_ci DEFAULT NULL,
  `direccion` varchar(200) COLLATE utf8mb4_unicode_ci DEFAULT NULL,
  `municipalidade_id` bigint unsigned NOT NULL,
  `distrito_id` bigint unsigned NOT NULL,
  `tipo_site_id` bigint unsigned NOT NULL,
  `zona_id` bigint unsigned NOT NULL,
  `region_id` bigint unsigned NOT NULL,
  `region_geografica_id` bigint unsigned NOT NULL,
  `tiempo_sla` varchar(25) COLLATE utf8mb4_unicode_ci DEFAULT NULL,
  `autonomia_bts` varchar(25) COLLATE utf8mb4_unicode_ci DEFAULT NULL,
  `autonomia_tx` varchar(25) COLLATE utf8mb4_unicode_ci DEFAULT NULL,
  `tiempo_auto` varchar(25) COLLATE utf8mb4_unicode_ci DEFAULT NULL,
  `tiempo_caminata` varchar(25) COLLATE utf8mb4_unicode_ci DEFAULT NULL,
  `tiempo_acceso` varchar(25) COLLATE utf8mb4_unicode_ci DEFAULT NULL,
  `suministro` varchar(20) COLLATE utf8mb4_unicode_ci DEFAULT NULL,
  `consesionaria_id` bigint unsigned NOT NULL,
  `room_type_id` bigint unsigned NOT NULL,
  `contratista_id` bigint unsigned NOT NULL,
  `tipo_acceso_id` bigint unsigned NOT NULL,
  `prioridad_site_id` bigint unsigned NOT NULL,
  `tipo_energia_id` bigint unsigned NOT NULL,
  `observacion` varchar(255) COLLATE utf8mb4_unicode_ci DEFAULT NULL,
  `created_at` timestamp NULL DEFAULT NULL,
  `updated_at` timestamp NULL DEFAULT NULL,
  PRIMARY KEY (`id`),
  KEY `sites_municipalidade_id_foreign` (`municipalidade_id`),
  KEY `sites_distrito_id_foreign` (`distrito_id`),
  KEY `sites_tipo_site_id_foreign` (`tipo_site_id`),
  KEY `sites_zona_id_foreign` (`zona_id`),
  KEY `sites_region_id_foreign` (`region_id`),
  KEY `sites_region_geografica_id_foreign` (`region_geografica_id`),
  KEY `sites_consesionaria_id_foreign` (`consesionaria_id`),
  KEY `sites_room_type_id_foreign` (`room_type_id`),
  KEY `sites_contratista_id_foreign` (`contratista_id`),
  KEY `sites_tipo_acceso_id_foreign` (`tipo_acceso_id`),
  KEY `sites_prioridad_site_id_foreign` (`prioridad_site_id`),
  KEY `sites_tipo_energia_id_foreign` (`tipo_energia_id`),
  CONSTRAINT `sites_consesionaria_id_foreign` FOREIGN KEY (`consesionaria_id`) REFERENCES `consesionarias` (`id`),
  CONSTRAINT `sites_contratista_id_foreign` FOREIGN KEY (`contratista_id`) REFERENCES `contratistas` (`id`),
  CONSTRAINT `sites_distrito_id_foreign` FOREIGN KEY (`distrito_id`) REFERENCES `distritos` (`id`),
  CONSTRAINT `sites_municipalidade_id_foreign` FOREIGN KEY (`municipalidade_id`) REFERENCES `municipalidades` (`id`),
  CONSTRAINT `sites_prioridad_site_id_foreign` FOREIGN KEY (`prioridad_site_id`) REFERENCES `prioridad_sites` (`id`),
  CONSTRAINT `sites_region_geografica_id_foreign` FOREIGN KEY (`region_geografica_id`) REFERENCES `region_geograficas` (`id`),
  CONSTRAINT `sites_region_id_foreign` FOREIGN KEY (`region_id`) REFERENCES `regions` (`id`),
  CONSTRAINT `sites_room_type_id_foreign` FOREIGN KEY (`room_type_id`) REFERENCES `room_types` (`id`),
  CONSTRAINT `sites_tipo_acceso_id_foreign` FOREIGN KEY (`tipo_acceso_id`) REFERENCES `tipo_accesos` (`id`),
  CONSTRAINT `sites_tipo_energia_id_foreign` FOREIGN KEY (`tipo_energia_id`) REFERENCES `tipo_energias` (`id`),
  CONSTRAINT `sites_tipo_site_id_foreign` FOREIGN KEY (`tipo_site_id`) REFERENCES `tipo_sites` (`id`),
  CONSTRAINT `sites_zona_id_foreign` FOREIGN KEY (`zona_id`) REFERENCES `zonas` (`id`)
) ENGINE=InnoDB AUTO_INCREMENT=1498 DEFAULT CHARSET=utf8mb4 COLLATE=utf8mb4_unicode_ci;

-- Volcando datos para la tabla bdccicsa.sites: ~1,436 rows (aproximadamente)
DELETE FROM `sites`;
INSERT INTO `sites` (`id`, `codigo`, `nombre`, `latitud`, `longitud`, `direccion`, `municipalidade_id`, `distrito_id`, `tipo_site_id`, `zona_id`, `region_id`, `region_geografica_id`, `tiempo_sla`, `autonomia_bts`, `autonomia_tx`, `tiempo_auto`, `tiempo_caminata`, `tiempo_acceso`, `suministro`, `consesionaria_id`, `room_type_id`, `contratista_id`, `tipo_acceso_id`, `prioridad_site_id`, `tipo_energia_id`, `observacion`, `created_at`, `updated_at`) VALUES
	(1, '	TJ4839', '20 DE JUNIO', '-8.0839', '-79.0267', '', 348, 1, 33, 1, 1, 1, '	1:30', '3:30', 'SOLO BTS', '0:30', '0:00', '0:30', '64743730', 1, 7, 1, 1, 1, 1, '', NULL, NULL),
	(2, '	TJ5205', '26 DE MARZO', '-8.087250025', '-79.02416669', 'AV. 26 DE MARZO 1161 - FLORENCIA DE MORA. REF.A DOS CUADRAS DE LA COMISARIA DE FLORENCIA DE MORA', 108, 1, 33, 1, 1, 1, '	1:30', '3:00', 'SOLO BTS', '0:40', '0:00', '0:40', '64743730', 1, 1, 1, 1, 1, 1, '', NULL, NULL),
	(3, '	TJ3485', 'LOS HUERTOS', '-8.063474', '-79.079101', 'CALLE DEAN SAAVEDRA / MZ. 20 LOTE 04', 348, 2, 33, 1, 1, 1, '	', '', 'SOLO BTS', '', '', '', '70428457', 2, 1, 1, 2, 1, 1, '', NULL, NULL),
	(4, '	TJ0142', '4 SUYOS', '-8.045', '-79.066722', 'SECTOR SOL NACIENTE I MZ G LT 4- ESPERANZA BAJA', 348, 2, 2, 1, 1, 1, '	1:30', '3:00', 'SOLO BTS', '0:50', '0:00', '0:50', '60532792', 1, 1, 1, 1, 1, 1, '', NULL, NULL),
	(5, '	TJ5225', '9 DE OCTUBRE', '-8.080222263', '-79.02783336', 'AA.HH. FLORENCIA DE MORA BARRIO 10 MZ.6 LT.20. SECTOR VICTOR RAUL HAYA DE LA TORRE', 108, 1, 13, 1, 1, 1, '	1:30', '0:10', 'PENDIENTE', '0:40', '0:00', '0:40', '58062222', 1, 1, 1, 1, 1, 1, '', NULL, NULL),
	(6, '	TA0478', 'MACATE', '', '', 'PANAMERICANA ANTIGUA -COISHCO, MZ. H2, LOTE 23', 348, 3, 33, 2, 1, 1, '	', '', '', '', '', '', '69143356', 2, 7, 1, 2, 2, 1, '', NULL, NULL),
	(7, '	TA5730', 'ACZO', '-9.14574', '-76.9812', 'Carretera Aczo - Llamellín (a la mano izquierda en el primer cruce)', 3, 4, 13, 3, 1, 2, '	6:00', '0:00', 'SOLO BTS', '6:00', '0:00', '6:00', '61336964', 1, 1, 1, 3, 2, 1, '	CONSTANTES DESCARGAS ELÉCTRICAS, LLUVIAS, DESLIZAMIENTOS, FALLAS CON EL CONCESIONARIO ELECTRÍCO, RUTA ACCIDENTADA	 ', NULL, NULL),
	(8, '	TT1228', 'AERO TUMBES', '-3.536744', '-80.382458', '', 329, 5, 12, 4, 1, 1, '	2:00', '5:00', 'SOLO BTS', '1:00', '0:00', '1:00', '17385411', 3, 1, 1, 2, 1, 1, '', NULL, NULL),
	(9, '	TJ6328', 'AERODROMO CHAGUAL', '-7.801806', '-77.646853', 'CASERIO CHAGUAL REFERENCIA AERODROMO DE LA PODEROSA', 235, 6, 33, 1, 1, 2, '	12:00', '', 'SOLO BTS', '', '', '0:00', '', 49, 1, 1, 4, 1, 1, '', NULL, NULL),
	(10, '	TC6427', 'AEROPUERTO CAJAMARCA', '-7.145361162', '-78.49558345', 'MZ. A LT. 10 UR . LA PRADERA', 32, 7, 2, 5, 1, 2, '	1:30', '0:00', 'SOLO BTS', '0:20', '0:00', '0:20', '59368521', 1, 1, 1, 1, 1, 1, '', NULL, NULL),
	(11, '	TC5366', 'AEROPUERTO SHUMBA', '-5.600454', '-78.7826', 'SECTOR EL PUQUIO PREDIO BUENA VISTA', 21, 8, 33, 6, 1, 2, '	2:00', '2:30', 'SOLO BTS', '0:30', '0:00', '0:30', '90428300', 4, 1, 1, 2, 1, 1, '', NULL, NULL),
	(12, '	TC5871', 'AGOPITI DORSAL', '-7.339500079', '-78.34902788', 'CERRO AGOPITI', 146, 9, 6, 5, 1, 2, '	2:30', '1:00', '27:00', '2:00', '0:00', '2:00', '45864386', 1, 1, 1, 1, 1, 2, '	 CONSTANTES FALLAS CON CONCESIONARIO ELÉCTRICO	 ', NULL, NULL),
	(13, '	TL4227', 'AGROINDUSTRIA CAYALTI', '-6.892139', '-79.560833', 'AV 28 DE JULIO S/N COOPERATIVA AGRARIA CAYALTI', 50, 10, 33, 7, 1, 1, '	2:00', '', 'SOLO BTS', '', '', '0:00', '37434738', 5, 1, 1, 1, 1, 1, '', NULL, NULL),
	(14, '	TL4521', 'AGROPUCALA P1', '-6.780011', '-79.611694', 'SECTOR INMACULADA CP PUCALA', 247, 11, 12, 7, 1, 1, '	2:30', '', 'SOLO BTS', '1:10', '', '1:10', '37833868', 5, 1, 1, 1, 1, 1, '', NULL, NULL),
	(15, '	TJ18105', 'AGUA AGRIA', '-7.635306', '-78.58128', 'CASERIO AGUA AGRIA. LUCMA. GRAN CHIMU. LA LIBERTAD', 182, 12, 33, 1, 1, 2, '	4:30', '', 'SOLO BTS', '', '', '0:00', '60477574', 1, 2, 1, 3, 1, 1, '', NULL, NULL),
	(16, '	TM4059', 'AGUA DULCE', '-5.698592', '-77.861558', '', 348, 13, 33, 8, 1, 3, '	2:30', '8:00', 'SOLO BTS', '', '', '0:00', '36434102', 4, 7, 1, 1, 1, 1, '', NULL, NULL),
	(17, '	TT6304', 'AGUAS VERDES', '-3.480916789', '-80.24591674', 'CALLE SAN MARTIN MZ. R-2 / LOTE 3 Y 4', 4, 14, 2, 4, 1, 1, '	1:30', '10:00', 'SOLO BTS', '0:30', '0:00', '0:30', '07814736', 3, 1, 1, 1, 1, 1, '', NULL, NULL),
	(18, '	TP5417', 'AH SAN MARTIN', '-5.18642', '-80.6706', '', 1, 15, 33, 9, 1, 1, '	1:30', '4:00', 'SOLO BTS', '0:30', '0:00', '0:30', '', 49, 7, 1, 2, 1, 1, '', NULL, NULL),
	(19, '	TA5775', 'AIJA', '-9.783889047', '-77.62577792', 'Ciudad de Aija (en la estación municipal)', 5, 16, 32, 3, 1, 2, '	2:00', '2:00', 'SOLO BTS', '3:30', '0:00', '3:30', '52812002', 1, 1, 1, 2, 1, 1, '	CONSTANTES CORTES, DESLIZAMIENTOS, DESCARGAS ELÉCTRICAS, LLUVIAS, FALLAS CON EL CONCESIONARIO ELECTRÍCO, RUTA ACCIDENTADA	 ', NULL, NULL),
	(20, '	TA0593', 'UGARTE', '-9.071388889', '-78.56966667', 'AA.HH SAN MIGUEL MZ A LT 17', 66, 17, 2, 2, 1, 1, '	1:30', '4:00', 'SOLO BTS', '1:30', '0:00', '1:30', '60688167', 1, 1, 1, 1, 1, 1, '', NULL, NULL),
	(21, '	TJ5764', 'ALIZAR', '-7.9673', '-77.676531', 'CASERIO EL ALIZAR S/N', 76, 18, 13, 1, 1, 2, '	12:00', '12:00', 'PENDIENTE', '4:00', '0:00', '4:00', 'S/N', 6, 1, 1, 2, 1, 2, '', NULL, NULL),
	(22, '	TP1598', 'ALMENDRO PIURA', '-5.194389', '-80.608413', 'CL LAS ORQUIDEAS MZ F LT 20 AH LOS JARDINES', 47, 19, 33, 9, 1, 1, '	1:30', '7:00', 'SOLO BTS', '0:20', '0:00', '0:20', '16167300', 3, 1, 1, 1, 1, 1, '', NULL, NULL),
	(23, '	TJ5121', 'ALTO CHICAMA', '-7.971833537', '-78.25158339', 'CAMPAMENTO ALTO CHICAMA BARRICK', 254, 20, 13, 1, 1, 2, '	2:00', '6:40', 'PENDIENTE', '4:30', '0:00', '4:30', 'S/N', 7, 1, 1, 1, 1, 1, '	ZONA DE DIFICIL ACCESO, ZONA DE CONSTANTES DESCARGAS ATMOSFÉRICAS	 ', NULL, NULL),
	(24, '	TP6141', 'ALTO TALARA', '-4.59211', '-81.25869', 'AH MICAELA BASTIDAS MZ A LT 23', 233, 21, 31, 9, 1, 1, '	2:30', '6:00', 'SOLO BTS', '2:00', '0:00', '2:00', '08702583', 3, 1, 1, 1, 1, 1, '', NULL, NULL),
	(25, '	TJ5211', 'ALTO TRUJILLO', '-8.067083348', '-79.01055558', 'AA.HH. ALTO TRUJILLO  BARRIO 5  SECTOR T2  MZ.T LT.16', 102, 22, 33, 1, 1, 1, '	1:30', '0:50', 'SOLO BTS', '1:00', '0:00', '1:00', '55092667', 1, 1, 1, 1, 1, 1, '', NULL, NULL),
	(26, '	TL5979', 'AMAUTAS CHICLAYO', '-6.787666832', '-79.84952798', 'URB. EL AMAUTA - MZ. D LOTE 35', 348, 23, 33, 7, 1, 1, '	1:30', '0:30', 'SOLO BTS', '0:20', '0:00', '0:20', '25839330', 5, 1, 1, 5, 1, 1, '', NULL, NULL),
	(27, '	TP6252', 'AMBEV SULLANA', '-4.927444649', '-80.63141682', 'CANAL DE RIEGO FRENTE A AMBEV (REFERENCIA TROCHA JUAN VELASCO)', 313, 24, 18, 9, 1, 1, '	2:00', '2:00', 'PENDIENTE', '0:40', '0:00', '0:40', '11006782', 3, 1, 1, 1, 1, 1, '', NULL, NULL),
	(28, '	TJ5190', 'AMERICA DEL NORTE', '-8.102666692', '-79.03305559', 'AV. AMERICA DEL NORTE 2316', 325, 25, 2, 1, 1, 1, '	1:30', '0:30', 'SOLO BTS', '0:30', '0:00', '0:30', '55027186', 1, 1, 1, 1, 1, 1, '', NULL, NULL),
	(29, '	TP2144', 'AMERICA PIURA', '-5.195086', '-80.630483', 'AV GRAU CON AV SULLANA NORTE - SEDE AMERICA TV', 242, 15, 33, 9, 1, 1, '	1:30', '4:00', 'SOLO BTS', '0:20', '0:00', '0:20', '16466622', 3, 1, 1, 5, 1, 1, '', NULL, NULL),
	(30, '	TP6352', 'AMOTAPE', '-4.883222429', '-81.01208336', 'CERRO AMOTAPE', 7, 26, 33, 9, 1, 1, '	2:00', '4:00', 'SOLO BTS', '1:00', '0:00', '1:00', '12588476', 3, 1, 1, 1, 1, 1, '', NULL, NULL),
	(31, '	TL2617', 'ANDES', '-6.79921', '-79.8449', 'CL LOS ANDES LT 1 A2 MZ ME', 162, 27, 33, 7, 1, 1, '	1:30', '0:00', 'SOLO BTS', '0:20', '0:00', '0:20', '36455288', 5, 1, 1, 1, 1, 1, '', NULL, NULL),
	(32, '	TA0247', 'ANDINO', '-9.538622', '-77.5231', 'CL PERU CON CL AGUSTIN LARREA (POSTE)', 348, 28, 33, 3, 1, 2, '	1:30', '5:30', 'SOLO BTS', '0:30', '0:00', '0:30', '63541051', 1, 1, 1, 1, 1, 1, '', NULL, NULL),
	(33, '	TL3115', 'ANDRES EUSEBIO', '-6.753131', '-79.826289', '', 148, 29, 13, 7, 1, 1, '	1:30', '0:30', 'SOLO BTS', '0:30', '0:00', '0:30', '38574546', 5, 1, 1, 1, 1, 1, '', NULL, NULL),
	(34, '	TC6088', 'ANEXO CHILON', '-6.82625', '-78.58753', 'CERRO LOS LIRIOS ANEXO SACSAPUQUIO HUALGAYOC', 116, 30, 13, 10, 1, 2, '	3:00', '4:00', 'PENDIENTE', '3:00', '0:30', '3:30', '37827898', 5, 1, 1, 6, 1, 1, '', NULL, NULL),
	(35, '	TJ0004', 'ANGASMARCA', '-8.122583', '-78.078444', 'ANEXO LAS MANZANAS, ANGASMARCA', 9, 31, 33, 1, 1, 2, '	6:00', '3:15', 'SOLO BTS', '', '', '0:00', 'S/N', 8, 1, 1, 1, 1, 1, '', NULL, NULL),
	(36, '	TJ3303', 'ANGEL GABRIEL', '-8.0494', '', 'PJ EL TRIUNFO MZ 3 LT 12', 156, 2, 13, 1, 1, 1, '	1:30', '6:00', 'PENDIENTE', '0:40', '0:00', '0:40', 'S/N', 8, 1, 1, 1, 1, 1, '', NULL, NULL),
	(37, '	TA6456', 'ANRA', '-9.237416', '-76.948', 'COMUNIDAD CAMPESINA BAJO CASCAY. CERRO CRUZCIRCAN. ANRA. HUARI. ANCASH', 11, 32, 33, 3, 1, 2, '	6:00', '1:20', 'SOLO BTS', '6:00', '0:00', '6:00', '59084841', 1, 1, 1, 1, 1, 1, '	CONSTANTES CORTES, DESLIZAMIENTOS, DESCARGAS ELÉCTRICAS, LLUVIAS, FALLAS CON EL CONCESIONARIO ELECTRÍCO, RUTA ACCIDENTADA	 ', NULL, NULL),
	(38, '	TA4976', 'ANTAMINA', '-9.5795', '-77.027194', 'Campamento Yanacancha / Antamina', 280, 33, 2, 3, 1, 2, '	2:00', '', 'SOLO BTS', '', '', '0:00', 'S/N', 9, 1, 1, 1, 1, 1, '', NULL, NULL),
	(39, '	TA49769', 'ANTAMINA INDOOR', '-9.5795', '-77.027194', 'CAMPAMENTO CIA MINERA ANTAMINA', 280, 33, 12, 3, 1, 2, '	2:00', '', 'SOLO BTS', '', '', '0:00', 'S/N', 9, 3, 1, 12, 1, 1, '', NULL, NULL),
	(40, '	TJ5323', 'APIAT', '-8.108638926', '-79.01966668', 'JR. SABOGAL N° 339 URB. PALERMO', 325, 25, 33, 1, 1, 1, '	1:30', '1:30', 'SOLO BTS', '0:40', '0:00', '0:40', '60240377', 1, 1, 1, 1, 1, 1, '', NULL, NULL),
	(41, '	TM5605', 'ARAMANGO', '-5.419638978', '-78.44636122', 'PREDIO SAN JOSE. SECTOR EL MUYO', 13, 34, 33, 8, 1, 3, '	1:30', '12:00', 'SOLO BTS', '4:00', '0:10', '4:10', '35645312', 4, 1, 1, 1, 1, 1, '	CONSTANTES PROBLEMAS CLIMATOLÓGICOS (LLUVIAS)/ZONA DE ALTO RIESGO	 ', NULL, NULL),
	(42, '	TP0501', 'ARGUEDAS', '-5.201278', '-80.638139', 'AH VICTOR RAUL PIURA MZ B  LT 2', 242, 15, 33, 9, 1, 1, '	1:30', '2:30', 'SOLO BTS', '0:20', '0:00', '0:20', '16133358', 3, 1, 1, 1, 1, 1, '', NULL, NULL),
	(43, '	TL59884', 'ARICA BALTA', '-6.76657', '-79.838', 'AV ARICA CDRA 10 CON AV JOSE BALTA CDRA 14', 63, 23, 12, 7, 1, 1, '	2:30', '5:00', 'SOLO BTS', '', '', '0:00', '38446546', 5, 4, 1, 12, 1, 1, '', NULL, NULL),
	(44, '	TJ5403', 'ARICAPAMPA', '-7.810639', '-77.765333', 'CRUCE DE HUAGIL CON DIRECCION A PATAS', 76, 18, 15, 1, 1, 2, '	7:30', '5:00', '17:00', '4:00', '1:00', '5:00', 'S/N', 6, 1, 1, 1, 1, 2, '', NULL, NULL),
	(45, '	TP18640', 'ARRENDAMIENTOS', '-4.8300195', '-79.8949', 'LAGUNAS. AYABACA. PIURA', 164, 35, 33, 9, 1, 2, '	4:30', '', 'SOLO BTS', '5:00', '0:00', '5:00', 'S/N', 10, 2, 1, 3, 1, 3, '	CONSTANTES PROBLEMAS CLIMATOLÓGICOS (LLUVIAS)	 ', NULL, NULL),
	(46, '	TM5623', 'ARROYO NEGRO', '-6.188694492', '-78.35966676', 'PREDIO DENOMINADO CUAJAQUILLA', 37, 36, 33, 6, 1, 3, '	6:00', '1:00', 'SOLO BTS', '8:00', '1:00', '9:00', '90037219', 4, 1, 1, 1, 1, 1, '	CONSTANTES DESLIZAMIENTOS	 ', NULL, NULL),
	(47, '	TJ5114', 'ASCOPE', '-7.712189', '-79.108812', 'CL LOS JAZMINES S/N MZ A LT 4 AH VISTA ALEGRE', 14, 37, 32, 1, 1, 1, '	2:30', '3:30', 'SOLO BTS', '1:30', '0:00', '1:30', '48736479', 1, 1, 1, 1, 1, 1, '	ZONA DE RIESGO PARA EL PERSONAL, PRINCIPALMENTE DE NOCHE	 ', NULL, NULL),
	(48, '	TA5660', 'ASUY', '-8.4662', '-77.43126944', 'CASERIO DE ASUY S/N', 6, 38, 13, 1, 1, 2, '	13:30', '12:00', '12:00', '', '', '0:00', '60544158', 1, 2, 1, 3, 1, 1, '', NULL, NULL),
	(49, '	TJ5174', 'ATACOCHA CASCAMINAS', '-7.62189', '-78.62622', 'CAMPAMENTO CASCAMINAS', 182, 12, 13, 1, 1, 2, '	4:30', '6:30', 'PENDIENTE', '3:30', '1:00', '4:30', '59195493', 1, 1, 1, 1, 1, 1, '', NULL, NULL),
	(50, '	TJ5176', 'ATACOCHA EL CEDRO', '-7.745111281', '-77.62777792', 'CAMPAMENTO MINERO EL CEDRO', 235, 6, 13, 1, 1, 2, '	13:30', '3:30', 'PENDIENTE', '8:30', '1:00', '9:30', 'S/N', 11, 1, 1, 1, 1, 1, '', NULL, NULL),
	(51, '	TJU5176', 'ATACOCHA EL CEDRO CM PARAIZO', '-7.745111281', '-77.62777792', 'CAMPAMENTO MINERO EL CEDRO', 235, 6, 12, 1, 1, 2, '	13:30', '', 'SOLO BTS', '', '', '0:00', 'S/N', 11, 5, 1, 12, 6, 1, '', NULL, NULL),
	(52, '	TJL5176', 'ATACOCHA EL CEDRO CM SANTA MARIA', '-7.745111281', '-77.62777792', 'MINA EL CEDRO', 348, 6, 12, 1, 1, 2, '	13:30', '', 'SOLO BTS', '9:00', '0:30', '9:30', 'S/N', 11, 6, 1, 12, 1, 1, '', NULL, NULL),
	(53, '	TJP5176', 'ATACOCHA EL CEDRO CM VIJUS', '-7.745111281', '-77.62777792', '', 348, 380, 12, 1, 1, 2, '	13:30', '', 'SOLO BTS', '', '', '0:00', 'S/N', 11, 7, 4, 12, 6, 1, '', NULL, NULL),
	(54, '	TJ5175', 'ATACOCHA QUIRIPUSCO', '-7.58514', '-78.46433', 'UNIDAD CATASTRAL N  02854 DE 46 3961', 300, 39, 33, 1, 1, 2, '	4:30', '5:00', 'SOLO BTS', '3:00', '0:30', '3:30', '58592022', 1, 1, 1, 1, 1, 1, '', NULL, NULL),
	(55, '	TJ5177', 'ATACOCHA ZARUMILLA PATAZ', '-7.761694618', '-77.59788903', 'ALTO BLANCO. ANEXO ZARUMILLA', 235, 6, 15, 1, 1, 2, '	13:30', '2:00', 'PENDIENTE', '9:00', '0:30', '9:30', 'S/N', 11, 1, 1, 1, 1, 1, '', NULL, NULL),
	(56, '	TC5827', 'ATAHUALPA', '-7.167138923', '-78.50408344', 'CALLE EL TRIUNFO 167. BARRIO SAN MARTIN DE PORRAS', 32, 7, 6, 5, 1, 2, '	1:30', '6:30', 'PENDIENTE', '0:20', '0:00', '0:20', '45656688', 1, 1, 1, 1, 1, 2, '', NULL, NULL),
	(57, '	TJ5385', 'ATG', '-8.101694', '-79.064133', 'AV MANSICHE - URBANIZACION VILLA DEL MAR', 348, 40, 33, 1, 1, 1, '	1:30', '4:00', 'SOLO BTS', '0:40', '0:00', '0:40', '54668801', 2, 1, 1, 1, 1, 1, '', NULL, NULL),
	(58, '	TA5770', 'ATUSPARIA', '-9.534194553', '-77.52180567', 'Av. Confraternidad Este (antes y al frente del colegio Fe y Alegría)', 126, 28, 33, 3, 1, 2, '	1:30', '2:40', 'SOLO BTS', '0:30', '0:00', '0:30', '52770889', 1, 1, 1, 1, 1, 1, '	CONSTANTES DESCARGAS ELÉCTRICAS, LLUVIAS, FALLAS CON EL CONCESIONARIO ELECTRÍCO	 ', NULL, NULL),
	(59, '	TJ6200', 'AV 20 DE SETIEMBRE', '-8.076042', '-79.021075', 'AV 9 DE MAYO 283', 102, 22, 33, 1, 1, 1, '	1:30', '0:50', 'SOLO BTS', '0:40', '0:00', '0:40', '59604727', 1, 1, 1, 1, 1, 1, '', NULL, NULL),
	(60, '	TA5737', 'AV CENTRAL CHIMBOTE', '-9.13272', '-78.51597', 'MZA L LOTE 1 - URBANIZACI#N BUENOS AIRES', 212, 17, 18, 2, 1, 1, '	1:30', '4:00', 'PENDIENTE', '1:30', '0:00', '1:30', '49659900', 1, 1, 1, 1, 1, 1, '	CONSTANTES ROBOS Y/O PERJUICIOS A BTS.	 ', NULL, NULL),
	(61, '	TL5428', 'AV LA LIBERTAD CHICLAYO', '-6.782489', '-79.841042', '', 63, 23, 33, 7, 1, 1, '	1:30', '1:30', 'SOLO BTS', '0:30', '0:00', '0:30', '38525470', 5, 1, 1, 7, 1, 1, '', NULL, NULL),
	(62, '	TC0476', 'AV LA PAZ', '-7.18025', '-78.504444', '', 32, 7, 33, 5, 1, 2, '	1:30', '', 'SOLO BTS', '0:30', '0:00', '0:30', '63692270', 1, 1, 1, 2, 1, 1, '', NULL, NULL),
	(63, '	TL6008', 'AV. CHICLAYO', '-6.748694622', '-79.83522239', 'Av Jose Balta cuadra 42', 148, 29, 33, 7, 1, 1, '	1:30', '2:00', 'SOLO BTS', '0:40', '0:00', '0:40', '26332355', 5, 1, 1, 1, 1, 1, '', NULL, NULL),
	(64, '	TP5359', 'AV. COUNTRY 2', '-5.175447222', '-80.632203', 'CL S/N URB VICUS (FRENTE A MZ G)', 242, 15, 33, 9, 1, 1, '	1:30', '0:00', 'SOLO BTS', '0:20', '0:00', '0:20', '5819330', 3, 1, 1, 5, 1, 1, '', NULL, NULL),
	(65, '	TJ5206', 'AV. PESQUEDA', '-8.091361144', '-79.00705557', 'CL PROLONG UNION CDRA 21 MZ M LT 17', 325, 25, 33, 1, 1, 1, '	1:30', '3:00', 'SOLO BTS', '0:40', '0:00', '0:40', '55049540', 1, 1, 1, 1, 1, 1, '', NULL, NULL),
	(66, '	TA5628', 'AVIACION', '-9.075277808', '-78.58644457', 'AV. AVIACION N° 536.  PUEBLO LIBRE', 66, 17, 2, 2, 1, 1, '	1:30', '3:00', 'SOLO BTS', '1:00', '0:00', '1:00', '49564978', 1, 1, 1, 1, 1, 1, '', NULL, NULL),
	(67, '	TP6152', 'AYABACA', '-4.597666812', '-79.70533348', 'CERRO CHACAS LA ANTENA', 15, 41, 18, 9, 1, 2, '	4:30', '5:00', 'PENDIENTE', '4:00', '1:00', '5:00', '11119900', 3, 1, 1, 2, 1, 2, '	ESTACIÓN CON DIFÍCIL ACCESO	 ', NULL, NULL),
	(68, '	TM5578', 'BAGUA CHICA', '-5.63286', '-78.53989', 'JR COSMOS CDRA 4', 16, 42, 6, 6, 1, 3, '	2:30', '3:30', 'PENDIENTE', '1:00', '0:00', '1:00', '32276860', 4, 1, 1, 1, 1, 2, '	ZONA DE ALTO RIESGO PERSONAL (ROBO)	 ', NULL, NULL),
	(69, '	TM5577', 'BAGUA GRANDE', '-5.757750166', '-78.44419455', 'MZA V-12 LT 15C AV. MARIANO MELGAR', 17, 43, 15, 8, 1, 3, '	1:30', '6:00', 'PENDIENTE', '3:00', '0:00', '3:00', '5050', 12, 1, 1, 1, 1, 1, '	ZONA DE ALTO RIESGO PERSONAL (ROBO)	 ', NULL, NULL),
	(70, '	TP5438', 'BAJO PIURA', '-5.3824065', '-80.7243483', 'TORRES UNIDAS', 331, 15, 33, 9, 1, 1, '	1:30', '0:00', 'SOLO BTS', '0:30', '0:00', '0:30', '14673404', 8, 1, 1, 2, 1, 1, '', NULL, NULL),
	(71, '	TP6140', 'BAJO TALARA', '-4.581889033', '-81.27388896', 'PARQUE 59-3', 233, 21, 31, 9, 1, 1, '	2:30', '6:00', 'SOLO BTS', '2:00', '0:00', '2:00', '8702592', 3, 1, 1, 1, 1, 1, '', NULL, NULL),
	(72, '	TP2453', 'BALESIA 10', '-5.181433', '-80.607372', 'JR LAS CIDRAS MZ G LT 9 ASOC DE INTERES SOCIAL 3RA ETAPA - L', 47, 19, 33, 9, 1, 1, '	1:30', '2:30', 'SOLO BTS', '0:25', '0:00', '0:25', '16430728', 3, 1, 1, 1, 1, 1, '', NULL, NULL),
	(73, '	TC5845', 'BAMBAMARCA', '-7.166166729', '-78.46333345', 'CERRO CHUNGOS - BAMBAMARCA', 18, 44, 13, 10, 1, 2, '	1:30', '5:00', 'PENDIENTE', '1:30', '0:00', '1:30', '28566658', 5, 1, 1, 2, 1, 1, '	COMUNEROS Y RONDAS CAMPESINAS NO DEJAN TRABAJAR EN HORAS DE LA NOCHE. EXPOSICIÓN A LA AGRESIÓN FÍSICA. 	 ', NULL, NULL),
	(74, '	TC2821', 'BAMBAMARQUITA', '-6.679972', '-78.520306', 'JR SAN CARLOS 763 CP BAMBAMARCA', 18, 44, 33, 10, 1, 2, '	1:30', '7:30', 'SOLO BTS', '1:30', '0:00', '1:30', '38257790', 5, 1, 1, 1, 1, 1, '', NULL, NULL),
	(75, '	TA6454', 'BAMBAS', '-8.61182', '-77.99236', 'LOMA CANCHAN. BAMBAS. CORONGO. ANCASH', 19, 45, 33, 2, 1, 2, '	4:30', '15:00', 'SOLO BTS', '7:00', '0:00', '7:00', 'S/N', 6, 1, 1, 1, 1, 1, '	ESTACIÓN CON DIFÍCIL ACCESO EN TEMPORADAS DE LLUVIAS/CONSTANTES FALLAS CON CONCESIONARIO ELÉCTRICO	 ', NULL, NULL),
	(76, '	TC5844', 'BAÑOS DEL INCA', '-7.166166729', '-78.46333345', 'CUARTEL DEL EJERCITO BIM ZEPITA N° 7. JR. MAYTA CAPAC Y JR. CAPAC YUPANQUI', 180, 46, 15, 5, 1, 2, '	1:30', '4:00', 'PENDIENTE', '0:30', '0:00', '0:30', '45660027', 1, 1, 1, 1, 1, 1, '', NULL, NULL),
	(77, '	TJ6197', 'BARRICK DISPATCH', '-7.954194', '-78.249958', 'MINA BARRICK LAGUNA NORTE', 254, 20, 33, 1, 1, 2, '	4:30', '', 'SOLO BTS', '', '', '0:00', 'S/N', 7, 1, 1, 2, 1, 1, '', NULL, NULL),
	(78, '	TJ5235', 'BARRICK LA LIBERTAD', '-7.947527993', '-78.21836116', 'CAMPAMENTO ALTO CHICAMA BARRICK', 254, 20, 13, 1, 1, 2, '	4:30', '7:00', 'PENDIENTE', '4:30', '0:00', '4:30', 'S/N', 7, 1, 1, 1, 1, 1, '', NULL, NULL),
	(79, '	TJ4940', 'BARRIO 3B', '-8.068567', '-79.024639', '', 348, 22, 33, 1, 1, 1, '	1:30', '3:00', 'SOLO BTS', '0:30', '0:00', '0:30', '', 49, 7, 1, 1, 1, 1, '', NULL, NULL),
	(80, '	TC3483', 'BARRIO URUBAMBA', '-7.157706', '-78.524586', 'BARRIO URUBAMBA', 32, 7, 33, 5, 1, 2, '	1:30', '', 'SOLO BTS', '0:30', '0:00', '0:30', '', 49, 1, 1, 1, 1, 1, '', NULL, NULL),
	(81, '	TP6144', 'BAYOVAR', '-5.814694634', '-81.04536114', 'LADERAS DE BAYOVAR', 301, 47, 33, 9, 1, 1, '	2:30', '1:15', 'SOLO BTS', '2:00', '0:00', '2:00', 'S/N', 13, 1, 1, 1, 1, 1, '', NULL, NULL),
	(82, '	TP3222', 'BECARA', '-5.4559225', '-80.8076857', '', 335, 48, 33, 9, 1, 1, '	2:30', '0:00', 'SOLO BTS', '', '', '0:00', '', 49, 1, 1, 1, 1, 1, '', NULL, NULL),
	(83, '	TM3368', 'BELAUNDE', '-5.752231', '-78.449764', '', 348, 43, 33, 8, 1, 3, '	2:30', '2:00', 'SOLO BTS', '', '', '0:00', 'S/N', 14, 7, 1, 1, 1, 1, '', NULL, NULL),
	(84, '	TA6321', 'BELLAMAR', '-9.1168911', '-78.5084658', 'Entre la calle 4 y la av. Universitaria .Nuevo Chimbote', 212, 17, 33, 2, 1, 1, '	1:30', '7:30', 'SOLO BTS', '1:30', '1:00', '2:30', '62286722', 1, 1, 1, 8, 1, 1, '', NULL, NULL),
	(85, '	TC5851', 'BELLAVISTA CAJAMARCA', '-5.64269459', '-78.7275835', 'CERRO EL RESERVORIO', 21, 8, 15, 6, 1, 2, '	4:30', '1:45', 'PENDIENTE', '0:20', '0:00', '0:20', '31261147', 4, 1, 1, 1, 1, 2, '', NULL, NULL),
	(86, '	TP6165', 'BELLAVISTA SULLANA', '-4.89808', '-80.66969', 'CIENEGUILLO NORTE-PARCELA LUIS INMANUEL -ZONA AGRARIA', 313, 24, 32, 9, 1, 1, '	1:30', '3:00', 'SOLO BTS', '0:40', '0:00', '0:40', '11117075', 3, 1, 1, 1, 1, 1, '	 ZONA DE ALTO RIESGO PERSONAL (ROBO)	 ', NULL, NULL),
	(87, '	TC4066', 'BELLAVISTA VIEJO', '-5.664556', '-78.678722', '', 140, 8, 33, 6, 1, 2, '	4:30', '8:00', 'SOLO BTS', '', '', '0:00', '36434641', 4, 7, 1, 1, 1, 1, '', NULL, NULL),
	(88, '	TP2068', 'BERNAL', '-5.457972', '-80.742667', 'CL LIMA CON CL BOLIVAR', 23, 49, 33, 9, 1, 1, '	1:30', '6:00', 'SOLO BTS', '0:30', '0:45', '1:15', '16189095', 3, 1, 1, 1, 1, 1, '', NULL, NULL),
	(89, '	TC3500', 'BETO MASIAS', '-7.18702', '-78.48147', '', 32, 50, 33, 5, 1, 2, '	1:30', '6:00', 'SOLO BTS', '0:30', '0:00', '0:30', '64338096', 1, 7, 1, 1, 1, 1, '', NULL, NULL),
	(90, '	TP6290', 'BIGOTE', '-5.321', '-79.79252', 'CERRO LA CRUZ, SAN JUAN DE BIGOTE, MORROPON, PIURA', 274, 51, 33, 9, 1, 1, '	2:30', '6:00', 'SOLO BTS', '2:00', '0:00', '2:00', '10188395', 3, 1, 1, 1, 1, 1, '', NULL, NULL),
	(91, '	TJ5204', 'BLANCO ENCALADA', '-8.079138927', '-79.04480559', 'AV. TAHUANTINSUYO N° 1364', 156, 2, 33, 1, 1, 1, '	1:30', '2:00', 'SOLO BTS', '0:40', '0:00', '0:40', '55068634', 1, 1, 1, 1, 1, 1, '', NULL, NULL),
	(92, '	TJ5187', 'BLAS PASCAL', '-8.103750028', '-79.00486112', 'CALLE JUAN DEL CORRAL N° 959 LT.40 MZ.F. UR . EL BOSQUE', 325, 25, 33, 1, 1, 1, '	1:30', '1:30', 'SOLO BTS', '0:40', '0:20', '1:00', '55059930', 1, 1, 1, 1, 1, 1, '', NULL, NULL),
	(93, '	TC1893', 'BLONDEL', '-7.623111', '-78.044417', 'CL ALFONSO UGARTE CON LA TORRE 699', 31, 52, 33, 5, 1, 2, '	2:00', '0:40', 'SOLO BTS', '3:00', '', '3:00', '62148501', 1, 1, 1, 1, 1, 1, '', NULL, NULL),
	(94, '	TL2146', 'BOCA DE TIGRE', '-6.7482', '-79.479989', 'AV ANGAMOS 263 URB EL PORVENIR', 73, 53, 33, 7, 1, 1, '	2:30', '5:40', 'SOLO BTS', '', '', '0:00', '38530532', 5, 1, 1, 1, 1, 1, '', NULL, NULL),
	(95, '	TC6503', 'BOLIVAR CARAHUASI', '-6.997416892', '-79.1681667', 'CERRO FALELI', 24, 54, 33, 7, 1, 2, '	6:00', '7:00', 'SOLO BTS', '', '', '0:00', 'S/N', 6, 1, 1, 1, 1, 1, '	DERRUMBES EN EPOCA DE LLUVIA	 ', NULL, NULL),
	(96, '	TC5875', 'BOLIVAR NIEPOS LA FLORIDA', '-6.914194653', '-79.12683338', 'CASERIA MEMBRILLAR', 210, 55, 33, 7, 1, 2, '	3:00', '1:40', 'SOLO BTS', '4:00', '0:00', '4:00', '28917280', 5, 1, 1, 1, 1, 1, '	CORTES INTERMITENTES, DERRUMBES EN EPOCA DE LLUVIAS	 ', NULL, NULL),
	(97, '	TJ5231', 'BOLIVAR TRUJILLO', '-7.166500063', '-77.69438905', 'CERRO EL PORVENIR', 24, 54, 33, 5, 1, 2, '	3:00', '3:00', 'SOLO BTS', '8:00', '1:30', '9:30', '58228080', 1, 1, 1, 1, 1, 1, '', NULL, NULL),
	(98, '	TJ5149', 'BOLOGNESI', '-8.11563894', '-79.02661113', 'JR. GRAU 369', 348, 25, 2, 1, 1, 1, '	1:30', '4:00', 'SOLO BTS', '0:40', '0:00', '0:40', '47497820', 1, 1, 1, 5, 1, 1, '', NULL, NULL),
	(99, '	TJ5115', 'BOTADERO BARRICK', '-7.943861319', '-78.23338894', 'CAMPAMENTO ALTO CHICAMA BARRICK', 254, 20, 13, 1, 1, 2, '	4:30', '7:00', 'PENDIENTE', '4:30', '0:00', '4:30', 'S/N', 7, 1, 1, 1, 1, 1, '	ZONA DE DIFICIL ACCESO, ZONA DE CONSTANTES DESCARGAS ATMOSFÉRICAS	 ', NULL, NULL),
	(100, '	TL5997', 'BOULEVARD CHICLAYO', '-6.77494017', '-79.8325002', 'AV. MARISCAL NIETO 368', 63, 23, 2, 7, 1, 1, '	1:30', '2:00', 'SOLO BTS', '0:20', '1:30', '1:50', '25923855', 5, 1, 1, 5, 1, 1, '', NULL, NULL),
	(101, '	TC18703', 'BUENA VISTA', '-6.544942', '-78.190335', 'CASERIO BUENA VISTA', 78, 56, 33, 5, 1, 2, '	6:00', '6:00', 'SOLO BTS', '6:00', '1:00', '7:00', '60593564', 1, 2, 1, 3, 1, 1, '', NULL, NULL),
	(102, '	TP6153', 'BUENOS AIRES', '-5.33503', '-79.90919', 'CERRO HUALAS (CARRETERA A SAN JUAN BIGOTES)', 27, 57, 15, 9, 1, 1, '	2:30', '6:00', '', '2:00', '0:00', '2:00', '10181901', 3, 1, 1, 1, 1, 1, '	ESTACIÓN CON DIFÍCIL ACCESO	 ', NULL, NULL),
	(103, '	TP6355', 'BUENOS AIRES MORROPON', '-5.2648691', '-79.9702331', 'BARRIO SAN JOSE', 27, 57, 33, 9, 1, 1, '	2:30', '4:00', 'SOLO BTS', '', '', '0:00', '15221975', 3, 1, 1, 1, 1, 1, '', NULL, NULL),
	(104, '	TP6341', 'BUENOS AIRES SULLANA', '-4.906347415', '-80.68056127', 'CALLE ORBEGOZO N° 109  MZ.I LT.5. SECTOR A - AA.HH. EL OBRERO', 313, 24, 33, 9, 1, 1, '	1:30', '3:00', 'SOLO BTS', '0:40', '0:00', '0:40', '11215049', 3, 1, 1, 2, 1, 1, '', NULL, NULL),
	(105, '	TA5774', 'CABANA', '-8.36061', '-78.03019', 'CERRO POCCHA', 25, 58, 13, 2, 1, 2, '	3:00', '1:20', 'SOLO BTS', '7:00', '0:00', '7:00', '49571767', 1, 1, 1, 2, 1, 1, '	ESTACIÓN CON DIFÍCIL ACCESO EN TEMPORADA DE LLUVIA/CONSTANTES FALLAS CON CONCESIONARIO ELÉCTRICO	 ', NULL, NULL),
	(106, '	TT1215', 'CABO MERLIN', '-3.714008', '-80.737083', 'CA PANAMERICANA NORTE KM 1230', 347, 59, 33, 4, 1, 1, '	1:30', '2:00', 'SOLO BTS', '0:30', '0:00', '0:30', '', 49, 1, 1, 1, 1, 1, '', NULL, NULL),
	(107, '	TL5992', 'CAC CHICLAYO 1', '-6.777222', '-79.832694', 'AV AVELINO CACERES 222 CC REAL PLAZA CHICLAYO', 63, 23, 28, 7, 1, 1, '	1:30', '0:00', 'SOLO BTS', '0:20', '0:00', '0:20', 'S/N', 15, 1, 1, 2, 1, 1, '', NULL, NULL),
	(108, '	TJ5286', 'CAC TRUJILLO 1', '-8.11180556', '-79.0276944', 'AV ORBEGOSO 503-509', 325, 25, 29, 1, 1, 1, '	1:30', '3:00', 'SOLO BTS', '0:30', '0:00', '0:30', '47319408', 1, 4, 1, 7, 1, 1, '', NULL, NULL),
	(109, '	TJ5288', 'CAC TRUJILLO 3', '-8.101856', '-79.049391', 'AV MANSICHE S/N CC MALL AVENTURA PLAZA', 325, 25, 28, 1, 1, 1, '	1:30', '4:00', 'SOLO BTS', '0:30', '0:00', '0:30', 'S/N', 15, 4, 1, 2, 1, 1, '', NULL, NULL),
	(110, '	TA5814', 'CACERES DEL PERU', '-8.9751513', '-78.1158801', 'INMUEBLE UBICADO EN EL PREDIO PUCAPAMPA', 28, 60, 33, 2, 1, 1, '	2:00', '7:00', 'SOLO BTS', '4:00', '0:00', '4:00', '59217975', 1, 1, 1, 1, 1, 1, '	ESTACIÓN CON DIFÍCIL ACCESO EN TEMPORADA DE LLUVIA/ CONSTANTES ROBOS Y/O PERJUICIOS A BTS.	 ', NULL, NULL),
	(111, '	TC5901', 'CACHACHI', '-7.47552', '-78.275', 'PREDIO LA FRONTERA SECTOR MARABAMBA ALTO', 29, 61, 13, 5, 1, 2, '	4:30', '0:45', '7:20', '3:00', '0:20', '3:20', 'S/N', 6, 1, 1, 1, 1, 1, '', NULL, NULL),
	(112, '	TJ3193', 'CACHICADAN', '-8.087519', '-78.148461', '', 30, 62, 33, 1, 1, 2, '	6:00', '0:00', 'SOLO BTS', '4:00', '', '4:00', '63925560', 1, 7, 1, 1, 1, 1, '', NULL, NULL),
	(113, '	TC5857', 'CAJABAMBA', '-7.63442', '-78.065', 'PREDIO LA LOMA', 31, 52, 18, 5, 1, 2, '	2:30', '5:00', 'PENDIENTE', '3:00', '0:00', '3:00', '71591791', 1, 1, 1, 2, 1, 1, '', NULL, NULL),
	(114, '	TM5357', 'CAJALLIN', '-5.71344', '-78.4947', '', 53, 63, 33, 8, 1, 3, '	2:30', '8:00', 'SOLO BTS', '', '', '0:00', 'S/N', 13, 7, 1, 2, 1, 1, '', NULL, NULL),
	(115, '	TC5826', 'CAJAMARCA CENTRO', '-7.152777813', '-78.51502791', 'CALLE BAMBAMARCA LOTE A / ESQUINA AV. REVILLA PEREZ 163', 32, 7, 9, 5, 1, 2, '	1:30', '4:00', 'PENDIENTE', '0:20', '0:00', '0:20', '45656982', 1, 1, 1, 2, 1, 2, '', NULL, NULL),
	(116, '	TC5834', 'CAJAMARCA ESTADIO', '-7.150027808', '-78.52252789', 'JR. ARROSPI DE LOYOLA 476', 348, 7, 2, 5, 1, 2, '	1:30', '1:30', 'SOLO BTS', '0:30', '0:00', '0:30', '45760980', 1, 1, 1, 1, 1, 1, '', NULL, NULL),
	(117, '	TC5833', 'CAJAMARCA HISTORICO', '-7.16446772', '-78.511108', 'JR. SILVA SANTISTEBAN 1200', 348, 7, 2, 5, 1, 2, '	1:30', '2:30', 'SOLO BTS', '0:20', '0:00', '0:20', '45750474', 1, 1, 1, 2, 1, 1, '', NULL, NULL),
	(118, '	TC5832', 'CAJAMARCA MIRADOR', '-7.158500047', '-78.51880566', 'CL SAN MARTIN 271', 32, 7, 31, 5, 1, 2, '	1:30', '10:00', 'SOLO BTS', '1:30', '0:00', '1:30', '45413429', 1, 1, 1, 9, 1, 1, '', NULL, NULL),
	(119, '	TM6084', 'CAJARURITO', '-5.737231', '-78.426611', 'MZ 61 LT 6 CAJARURO', 33, 64, 33, 6, 1, 3, '	2:00', '0:20', 'SOLO BTS', '1:20', '0:00', '1:20', '', 49, 1, 1, 1, 1, 1, '', NULL, NULL),
	(120, '	TM5585', 'CAJARURO SAN JUAN', '-5.693222379', '-78.36005565', 'ZONA EL BALCON. CENTRO POBLADO SAN JUAN DE LA LIBERTAD', 33, 64, 13, 8, 1, 3, '	3:00', '6:00', 'PENDIENTE', '4:20', '0:00', '4:20', '31261156', 4, 1, 1, 1, 1, 1, '	CONSTANTES DESCARGAS ELÉCTRICAS ATMOSFÉRICAS/CONSTANTES PROBLEMAS CLIMATOLÓGICOS (LLUVIAS)/ZONA DE ALTO RIESGO PERSONAL (ROBO)	 ', NULL, NULL),
	(121, '	TA1072', 'CALETA CULEBRA', '-9.951296', '-78.215104', 'CERRO CULEBRAS', 96, 65, 13, 2, 1, 1, '	1:30', '7:00', 'PENDIENTE', '3:30', '0:00', '3:30', '49551844', 1, 1, 1, 1, 1, 1, '', NULL, NULL),
	(122, '	TT5893', 'CALETA GRAU', '-3.666302', '-80.63142', 'JR LOS ZAFIROS 122 CON CASERIO CALETA GRAU MZ 20 LT 2', 347, 59, 33, 4, 1, 1, '	1:30', '2:00', 'SOLO BTS', '0:45', '0:00', '0:45', '', 49, 1, 1, 1, 1, 1, '', NULL, NULL),
	(123, '	TT6326', 'CALETA LA CRUZ', 'eta', '-80.5975557', 'LT.1 MZ.L - AA.HH. SATELITE LA CRUZ', 155, 66, 33, 4, 1, 1, '	2:00', '2:30', 'SOLO BTS', '0:40', '0:00', '0:40', '8260632', 3, 1, 1, 1, 1, 1, '', NULL, NULL),
	(124, '	TL6014', 'CALETA SAN JOSE', '-6.768169601', '-79.96873075', 'CALLE GRAU N° 381 LT.19 MZ.32 - PUEBLO TRADICIONAL SAN JOSE', 271, 67, 33, 7, 1, 1, '	1:30', '3:00', 'SOLO BTS', '0:30', '0:00', '0:30', '35551815', 5, 1, 1, 1, 1, 1, '', NULL, NULL),
	(125, '	TL6004', 'CALLE IMPERIO', '-6.801305718', '-79.8529724', 'AV. GRAN CHIMU S/N. ALT. KM.4', 162, 27, 2, 7, 1, 1, '	1:30', '0:05', 'SOLO BTS', '0:20', '0:00', '0:20', '25993377', 5, 1, 1, 1, 1, 1, '	DIFICIL ACCESO POR LAS NOCHES	 ', NULL, NULL),
	(126, '	TL6006', 'CALLE TUPAC', '-6.842872', '-79.8155', 'PREDIO DE SEMBRIO EL MAMEY', 199, 68, 15, 7, 1, 1, '	1:30', '1:00', 'PENDIENTE', '0:30', '0:00', '0:30', '36898278', 5, 1, 1, 1, 1, 1, '', NULL, NULL),
	(127, '	TA3807', 'CAMBIO PUENTE', '-8.9965', '-78.5471', 'ZONA SUR CEMENTERIO CAMBIO PUENTE', 66, 17, 33, 2, 1, 1, '	1:30', '5:00', 'SOLO BTS', '2:20', '0:00', '2:20', '57940201', 1, 1, 1, 1, 1, 1, '', NULL, NULL),
	(128, '	TL6065', 'CAMPAMENTO OLMOS IRRIGACION', '-6.06192', '-79.91191667', 'CAMPAMENTO IRRIGACI#N', 215, 69, 33, 7, 1, 1, '	2:30', '4:00', 'SOLO BTS', '', '', '0:00', '', 49, 1, 1, 1, 1, 1, '', NULL, NULL),
	(129, '	TL6018', 'CAMPEON KO', '-6.76038906', '-79.84116685', 'AV. AMERICA N° 320 - URB. SAN CARLOS', 148, 29, 2, 7, 1, 1, '	1:30', '3:00', 'SOLO BTS', '0:20', '0:00', '0:20', '26470638', 5, 1, 1, 1, 1, 1, '', NULL, NULL),
	(130, '	TL5977', 'CAMPODONICO CHICLAYO', '-6.768805713', '-79.82991686', 'AV. JORGE CHAVEZ 725', 63, 23, 2, 7, 1, 1, '	1:30', '4:00', 'SOLO BTS', '0:30', '1:00', '1:30', '25839359', 5, 1, 1, 5, 1, 1, '', NULL, NULL),
	(131, '	TJ5127', 'CAMPOSOL', '-8.489888999', '-78.67327792', 'PANAMERICANA NORTE KM. 511 (CERRO GLORIA)', 337, 70, 2, 1, 1, 1, '	2:30', '1:30', 'SOLO BTS', '1:20', '0:00', '1:20', 'S/N', 16, 1, 1, 1, 1, 1, '	ZONA DE DIFICIL ACCESO, CAMINATA SIN PESO 45 MINUTOS.	 ', NULL, NULL),
	(132, '	TP3939', 'CANAL 7 PIURA', '-5.196722', '-80.63917', 'AV CADALZO SALAZAR CON JR BOLIVAR (POSTE EN BERMA CENTRAL)', 242, 15, 33, 9, 1, 1, '	1:30', '2:00', 'SOLO BTS', '0:20', '0:00', '0:20', '16764965', 3, 1, 1, 5, 1, 1, '', NULL, NULL),
	(133, '	TL5386', 'CAÑAVERALES', '-6.74765', '-79.8152', '', 348, 29, 33, 7, 1, 1, '	1:30', '6:00', 'SOLO BTS', '0:30', '0:00', '0:30', '39141987', 5, 7, 1, 2, 1, 1, '', NULL, NULL),
	(134, '	TA5810', 'CANCARYACO', '-9.501055658', '-77.53997234', 'Ciudad de Huaraz (cruzando el río, frente al gobierno regional)', 139, 71, 2, 3, 1, 2, '	1:30', '2:35', 'SOLO BTS', '0:45', '0:00', '0:45', '52809849', 1, 1, 1, 1, 1, 1, '	CONSTANTES DESCARGAS ELÉCTRICAS, LLUVIAS, FALLAS CON EL CONCESIONARIO ELECTRÍCO	 ', NULL, NULL),
	(135, '	TT4324', 'CANCAS', '-3.937156', '-80.923444', '', 38, 72, 33, 4, 1, 1, '	2:00', '2:00', 'SOLO BTS', '1:00', '', '1:00', '16995283', 3, 1, 1, 2, 1, 1, '', NULL, NULL),
	(136, '	TJ5712', 'CANUCUBAMBA', '-7.783472', '-77.808806', 'CP CANUCUBAMBA CHUGAY', 76, 18, 33, 1, 1, 2, '	6:00', '14:00', 'SOLO BTS', '3:30', '0:30', '4:00', '62123899', 1, 1, 1, 1, 1, 1, '', NULL, NULL),
	(137, '	TC18057', 'CAÑA VIEJA', '-7.4574', '-78.19899', 'CASERIO CAÑA VIEJA. CACHACHI. CAJABAMBA. CAJAMARCA', 29, 61, 33, 5, 1, 2, '	3:00', '', 'SOLO BTS', '', '', '0:00', '64270703', 1, 2, 1, 3, 1, 1, '', NULL, NULL),
	(138, '	TL18674', 'CAÑARIS', '-6.04428', '-79.26447', 'PREDIO DENOMINADO MULLACAPUCRO', 39, 73, 33, 6, 1, 2, '	4:30', '24:00', 'SOLO BTS', '3:30', '0:00', '3:30', '35839942', 5, 2, 1, 3, 1, 1, '	CONSTANTES PROBLEMAS CLIMATOLOGICOS	 ', NULL, NULL),
	(139, '	TA5303', 'CAÑON DEL PATO', '-8.817178', '-77.859786', 'BARRIO MOROCHA S/N CA HACIA CARAZ', 117, 74, 33, 3, 1, 2, '	3:00', '10:45', 'SOLO BTS', '3:00', '0:00', '3:00', '63092895', 1, 1, 1, 1, 1, 1, '', NULL, NULL),
	(140, '	TJ1494', 'CAPIRONA', '-8.0644', '-78.979786', 'URB VALLE DEL SOL 2DA ETAPA (POSTE EN VÍA PÚBLICA)', 168, 75, 33, 1, 1, 1, '	1:30', '2:30', 'SOLO BTS', '0:30', '0:00', '0:30', '63353982', 1, 1, 1, 1, 1, 1, '', NULL, NULL),
	(141, '	TJ5081', 'CAQUETA', '-8.104166695', '-79.0213889', 'AV. CAQUETA 294 SECTOR EL MOLINO TRUJILLO - HOSTAL AMAZONAS', 325, 25, 33, 1, 1, 1, '	1:30', '5:20', 'SOLO BTS', '0:40', '0:00', '0:40', '47271940', 1, 1, 1, 1, 1, 1, '', NULL, NULL),
	(142, '	TJ5230', 'CARABAMBA', '-8.129333382', '-78.59094458', 'CACERIO SAN ISIDRO LT.01 - SECTOR SULCHA', 40, 76, 13, 1, 1, 2, '	3:00', '4:30', 'PENDIENTE', '3:00', '0:00', '3:00', '59019932', 1, 1, 1, 1, 1, 1, '', NULL, NULL),
	(143, '	TA5729', 'CARAZ', '-9.039000018', '-77.80505573', 'Cerro San Juan - Ciudad de Caraz', 41, 77, 17, 3, 1, 2, '	2:30', '5:20', 'PENDIENTE', '2:00', '0:00', '2:00', '50159324', 1, 1, 1, 2, 1, 2, '	CONSTANTES DESCARGAS ELÉCTRICAS, LLUVIAS, FALLAS CON EL CONCESIONARIO ELECTRÍCO	 ', NULL, NULL),
	(144, '	TA5731', 'CARHUAZ', '-9.272388954', '-77.64363904', 'Ciudad de Carhuaz (Zona de estaciones celulares)', 42, 78, 31, 3, 1, 2, '	2:00', '9:00', 'SOLO BTS', '1:00', '0:00', '1:00', '50153661', 1, 1, 1, 1, 1, 1, '	CONSTANTES DESCARGAS ELÉCTRICAS, LLUVIAS, FALLAS CON EL CONCESIONARIO ELECTRÍCO	 ', NULL, NULL),
	(145, '	TJ4098', 'CARRETA ROMA', '-7.763545', '-79.15055', '', 62, 79, 33, 1, 1, 1, '	2:30', '3:30', 'SOLO BTS', '1:30', '0:00', '1:30', '62020372', 1, 7, 1, 1, 1, 1, '', NULL, NULL),
	(146, '	TC6464', 'CARRETA SHUGARES', '-6.956250203', '-78.46538901', 'CA A TAJO MAQUI MAQUI-CERRO SHUGARES', 104, 80, 33, 5, 1, 2, '	2:30', '5:30', 'SOLO BTS', '1:45', '0:00', '1:45', 'S/N', 7, 1, 1, 1, 1, 1, '', NULL, NULL),
	(147, '	TC6500', 'CARRETERA BAÑOS DEL INCA', '-7.1665', '-78.47114', 'AV ATAHUALPA CON JR INCA TUPAC YUPANQUI - CA BAÑOS DE INCA KM 5.7. LOS BAÑOS DEL INCA. CAJAMARCA. CAJAMARCA"', 180, 46, 2, 5, 1, 2, '	1:30', '5:00', 'SOLO BTS', '0:20', '0:00', '0:20', '59521811', 1, 1, 1, 1, 1, 1, '', NULL, NULL),
	(148, '	TP6162', 'CARRETERA PAITA SULLANA', '-4.915305766', '-80.88322243', 'CERRO DE NOMARA', 157, 81, 13, 9, 1, 1, '	2:30', '4:00', 'PENDIENTE', '1:00', '0:00', '1:00', '12532425', 3, 1, 1, 1, 1, 1, '', NULL, NULL),
	(149, '	TL5985', 'CARRETERA PIMENTEL', '-6.813889077', '-79.90583353', 'CARRETERA A PIMENTEL KM. 8', 238, 82, 33, 7, 1, 1, '	1:30', '4:00', 'SOLO BTS', '0:30', '0:00', '0:30', '26540680', 5, 1, 1, 1, 1, 1, '	SIN ACCESO EN LAS NOCHES Y FINES DE SEMANA	 ', NULL, NULL),
	(150, '	TJ5280', 'CARTAVIO CIUDAD', '-7.883416844', '-79.22230561', 'CACHITO CON UC 04761 UBICADO EN EL VALLE CHICAMA', 293, 83, 2, 1, 1, 1, '	2:30', '2:30', 'SOLO BTS', '1:00', '0:00', '1:00', '59366189', 1, 1, 1, 1, 1, 1, '', NULL, NULL),
	(151, '	TL59548', 'CASA ANDINA SELECT CHICLAYO', '-6.77171', '-79.8464', 'AV FEDERICO VILLARREAL 115', 63, 23, 33, 7, 1, 1, '	1:30', '1:00', 'SOLO BTS', '0:30', '0:00', '0:30', 'S/N', 17, 3, 1, 12, 1, 1, '', NULL, NULL),
	(152, '	TP1343', 'CASA GRANDE PIURA', '-5.318389', '-80.752444', '', 152, 84, 33, 9, 1, 1, '	2:30', '', 'SOLO BTS', '', '', '0:00', '17099706', 3, 1, 1, 1, 1, 1, '', NULL, NULL),
	(153, '	TC18672', 'CASADEN', '-7.2086387', '-78.663536', 'MAGDALENA. CAJAMARCA. CAJAMARCA', 184, 85, 33, 5, 1, 2, '	2:30', '4:00', 'SOLO BTS', '2:30', '0:00', '2:30', 'S/N', 10, 2, 1, 3, 2, 3, '	CONSTANTES CORTES	 ', NULL, NULL),
	(154, '	TC18680', 'CASADENCITO', '-7.1954', '-78.6759', 'CASERIO CASADENCITO', 184, 85, 33, 5, 1, 2, '	3:00', '20:00', 'SOLO BTS', '2:00', '0:00', '2:00', 'S/N', 6, 2, 1, 3, 2, 1, '', NULL, NULL),
	(155, '	TJ5148', 'CASCAS', '-7.481772346', '-78.80150016', 'ANEXO CATACHE FILA EL ESPINO (LAS HUACAS)', 44, 86, 13, 1, 1, 2, '	3:00', '5:00', '7:00', '2:30', '0:00', '2:30', '58027850', 1, 1, 1, 1, 1, 2, '', NULL, NULL),
	(156, '	TP5013', 'CASINO COLAN', '-5.011481', '-81.061928', 'CL LOS CLAVELES LADO SUR LA ESMERALDA DE COLAN', 83, 87, 33, 9, 1, 1, '	2:00', '5:00', 'SOLO BTS', '1:00', '0:00', '1:00', '16758574', 3, 1, 1, 2, 1, 1, '', NULL, NULL),
	(157, '	TT6329', 'CASITAS ', '-3.906394637', '-80.64891682', 'CERRO FRENTE AL CENTRO POBLADO DE RINCONADA', 45, 88, 13, 4, 1, 1, '	2:30', '4:00', 'SOLO BTS', '3:00', '0:00', '3:00', '15479626', 3, 1, 1, 1, 1, 2, '', NULL, NULL),
	(158, '	TA5639', 'CASMA', '-9.479639008', '-78.31133064', 'Av. Nepeña S/N. Casma', 46, 89, 18, 2, 1, 1, '	2:30', '2:00', 'PENDIENTE', '2:00', '0:00', '2:00', '49642368', 1, 1, 1, 8, 1, 1, '	ZONA DE ALTO RIESGO PERSONAL EN HORARIO NOCTURNO(ATENTA CONTRA NUESTRA INTEGRIDAD FISICA)	 ', NULL, NULL),
	(159, '	TP6170', 'PROGRESO CASTILLA', '-5.202111155', '-80.62097235', 'AV. GRAU 408 - CASTILLA', 47, 19, 33, 9, 1, 1, '	1:30', '4:00', 'SOLO BTS', '0:20', '0:00', '0:20', '5816240', 3, 1, 1, 5, 1, 1, '	PROBLEMA CON INSTALACION DE GRUPO ELECTRÓGENO DE RESPALDO	 ', NULL, NULL),
	(160, '	TA6496', 'CASUARINAS CHIMBOTE', '-9.12744', '-78.52278', 'AV EL PACIFICO MZ G CON AV ANCHOVETA - ZONA INDUSTRIAL', 212, 17, 33, 2, 1, 1, '	1:30', '4:00', 'SOLO BTS', '1:30', '0:00', '1:30', '62975226', 1, 1, 1, 1, 1, 1, '	SÓLO SE PUEDE ACCEDER EN HORARIOS DEFINIDOS, PREVIA AUTORIZACION DEL PROPIETARIO	 ', NULL, NULL),
	(161, '	TJ5182', 'CASUARINAS TRUJILLO', '-8.1238', '-79.01697223', 'CALLE INCLAN MZA. A LOTE 5 URB. CASUARINAS 2DA ETAPA', 325, 25, 2, 1, 1, 1, '	1:30', '0:20', 'SOLO BTS', '0:40', '0:00', '0:40', '54894295', 1, 1, 1, 1, 1, 1, '', NULL, NULL),
	(162, '	TP6129', 'CATACAOS', '-5.265305636', '-80.67222237', 'AV CAYETANO HEREDIA S/N - CATACAOS - PIURA', 48, 90, 11, 9, 1, 1, '	1:30', '4:30', 'SOLO BTS', '0:30', '0:00', '0:30', '05687231', 3, 1, 1, 2, 1, 1, '	MALA CALIDAD DE ENERGÍA	 ', NULL, NULL),
	(163, '	TP0573', 'CATALEYA', '-4.909306', '-80.696972', 'CL ROSARIO 1019', 313, 24, 2, 9, 1, 1, '	1:30', '1:10', 'SOLO BTS', '0:40', '0:15', '0:55', '16777346', 3, 1, 1, 2, 1, 1, '', NULL, NULL),
	(164, '	TC5920', 'CATAN', '-7.33601', '-78.9357', 'ALTAMISA. TANTARICA. CONTUMAZA. CAJAMARCA', 318, 91, 33, 5, 1, 2, '	3:00', '7:00', 'SOLO BTS', '4:30', '0:00', '4:30', '58806110', 1, 1, 1, 1, 1, 1, '', NULL, NULL),
	(165, '	TC6409', 'CATEDRAL CAJAMARCA', '-7.15563893', '-78.52005567', 'JR. AMALIA PUGA N°S 406-412-418-424. ZONA LA MERCED', 32, 7, 33, 5, 1, 2, '	1:30', '0:15', 'SOLO BTS', '0:20', '0:10', '0:30', '', 49, 1, 1, 1, 1, 1, '', NULL, NULL),
	(166, '	TC6434', 'CAUDAY', '-7.577416802', '-78.07155558', 'UNIDAD CATASTRAL N° 18983. PREDIO EL TAYO SECTOR CAUDAY', 89, 92, 13, 5, 1, 2, '	2:30', '4:15', '10:00', '3:00', '0:00', '3:00', '59071001', 1, 1, 1, 1, 1, 1, '', NULL, NULL),
	(167, '	TL5984', 'CAYALTI', '-6.880361312', '-79.54936125', 'CARRETERA A CAYALTI', 50, 10, 15, 7, 1, 1, '	2:00', '3:00', 'PENDIENTE', '1:15', '0:00', '1:15', '25864520', 5, 1, 1, 1, 1, 1, '', NULL, NULL),
	(168, '	TC5836', 'CELENDIN', '-6.887972408', '-78.13127783', 'PREDIO RUSTICO EL PAUCO SECTOR DE TERESA CONGA', 51, 93, 18, 5, 1, 2, '	3:00', '0:15', '8:00', '2:40', '0:00', '2:40', '53278196', 1, 1, 1, 2, 1, 4, '', NULL, NULL),
	(169, '	TC4070', 'CELENDIN AYACUCHO', '-6.856667', '-78.14589', '', 51, 94, 33, 5, 1, 2, '	4:30', '6:00', 'SOLO BTS', '', '', '0:00', '63852294', 1, 7, 1, 1, 1, 1, '', NULL, NULL),
	(170, '	TC5835', 'CELENDIN CENTRO', '-6.994635', '-78.185039', 'AV CELENDIN S/N', 312, 94, 33, 5, 1, 2, '	4:30', '0:40', 'SOLO BTS', '', '', '0:00', '62937904', 1, 1, 1, 1, 1, 1, '', NULL, NULL),
	(171, '	TC1702', 'CEMENTERIO', '-6.568378', '-78.651403', 'AV CELSO CARVAJAL MZ A15 LT 12 CP CHOTA SECTOR 2', 75, 95, 33, 10, 1, 2, '	1:30', '8:00', 'SOLO BTS', '0:20', '0:00', '0:20', '38273506', 5, 1, 1, 1, 1, 1, '', NULL, NULL),
	(172, '	TA5641', 'CERRO BAUL', '-10.39433343', '-77.90697242', 'CERRO  BAUL. PANAMERICANA NORTE KM. 239.9', 128, 96, 3, 2, 1, 1, '	2:30', '11:00', 'PENDIENTE', '4:30', '0:00', '4:30', 'S/N', 18, 1, 1, 1, 1, 5, '	ZONA DE ALTO RIESGO PERSONAL EN HORARIO NOCTURNO(ATENTA CONTRA NUESTRA INTEGRIDAD FISICA)	 ', NULL, NULL),
	(173, '	TL5962', 'CERRO BOLICHE', '-6.003555563', '-79.68319461', 'CERRO PORTACHUELO ALT. KM. 84.89 ANT. PANAMERICANA NORTE', 215, 69, 3, 7, 1, 1, '	3:00', '3:00', 'PENDIENTE', '2:40', '0:00', '2:40', '36655494', 5, 1, 1, 1, 1, 2, '	DORSAL	 ', NULL, NULL),
	(174, '	TT6313', 'CERRO CONCHUDOS', '-3.972000204', '-80.91383354', 'PANAMERICANA NORTE KM. 1191', 38, 72, 33, 4, 1, 1, '	2:30', '3:00', 'PENDIENTE', '2:00', '0:00', '2:00', '17251973', 3, 1, 1, 1, 1, 2, '', NULL, NULL),
	(175, '	TA5645', 'CERRO GRANDE', '-9.32861', '-78.38333', 'CERRO GRANDE P  NORTE KM  392 2', 46, 89, 13, 2, 1, 1, '	2:00', '5:00', 'PENDIENTE', '1:00', '0:30', '1:30', '49561680', 1, 1, 1, 1, 1, 2, '	ESTACIÓN CON DIFÍCIL ACCESO	 ', NULL, NULL),
	(176, '	TA5647', 'CERRO INFIERNILLO', '-9.846668', '-78.19197', 'KM 325 A ESPALDA DE UNA TIENDA DE CHOZA', 96, 65, 33, 2, 1, 1, '	3:00', '6:00', 'SOLO BTS', '2:30', '1:00', '3:30', '49561680', 18, 1, 1, 1, 1, 5, '	ESTACIÓN CON DIFÍCIL ACCESO	 ', NULL, NULL),
	(177, '	TP6157', 'CERRO LA CRUZ', '-5.167555591', '-79.96619467', 'CERRO LA CRUZ', 203, 97, 15, 9, 1, 1, '	2:30', '4:30', 'PENDIENTE', '2:00', '0:30', '2:30', '10146715', 3, 1, 1, 1, 1, 1, '	CORTES CONSTANTES/ESTACIÓN CON DIFÍCIL ACCESO/ ZONA DE ALTO RIESGO PERSONAL (ROBO)	 ', NULL, NULL),
	(178, '	TA5643', 'CERRO LECHERAL', '-10.09497226', '-78.12458337', 'CERRO LECHERAL', 128, 96, 13, 2, 1, 1, '	3:00', '9:00', 'PENDIENTE', '3:00', '0:00', '3:00', '55485332', 1, 1, 1, 1, 1, 2, '	CONSTANTES ROBOS Y/O PERJUICIOS A BTS./ ESTACIÓN CON DIFÍCIL ACCESO	 ', NULL, NULL),
	(179, '	TL5938', 'CERRO MOLINO', '-6.766583517', '-79.87280574', 'Pp.Jj. Nueva Jerusalem Maz. E Lotes 15 Y 16', 238, 23, 15, 7, 1, 1, '	1:30', '2:30', 'PENDIENTE', '0:20', '0:00', '0:20', '25661813', 5, 1, 1, 1, 1, 2, '', NULL, NULL),
	(180, '	TL5936', 'CERRO MOLINO BAJO', '-6.773194611', '-79.86580576', 'AV. JUAN TOMIS 494 (HOSTAL SATELITE)', 63, 23, 33, 7, 1, 1, '	1:30', '6:00', 'SOLO BTS', '0:20', '0:00', '0:20', '25751788', 5, 1, 1, 1, 1, 1, '', NULL, NULL),
	(181, '	TC5843', 'CERRO NEGRO', '-7.012222247', '-78.59138902', 'CERRO NEGRO', 32, 7, 13, 5, 1, 2, '	2:00', '0:45', 'PENDIENTE', '', '', '0:00', 'S/N', 7, 1, 1, 1, 1, 1, '', NULL, NULL),
	(182, '	TA5642', 'CERRO PETROLEO', '-10.26428', '-78.0445', 'CERRO PETROLEO', 128, 96, 13, 2, 1, 1, '	3:00', '6:30', 'PENDIENTE', '3:30', '1:00', '4:30', 'S/N', 18, 1, 1, 1, 1, 5, '	ESTACIÓN CON DIFÍCIL ACCESO	 ', NULL, NULL),
	(183, '	TM5596', 'CERRO PUMA', '-6.231750074', '-77.86483353', 'JR. CUARTO CENTENARIO 384. CHACHAPOYAS - AMAZONAS', 53, 13, 33, 8, 1, 3, '	1:30', '6:00', 'SOLO BTS', '0:20', '0:00', '0:20', '35734940', 4, 1, 1, 1, 1, 1, '	 PROBLEMAS CON POBLACIÓN	 ', NULL, NULL),
	(184, '	TJ5143', 'CERRO RAGACHE', '-8.009888909', '-78.60030568', 'CERRO RAGACHE', 262, 98, 6, 1, 1, 2, '	2:30', '3:00', '6:30', '2:30', '0:00', '2:30', '55038377', 1, 1, 1, 1, 1, 2, '	ZONA DE DIFICIL ACCESO, ZONA DE CONSTANTES DESCARGAS ATMOSFÉRICAS, RUTA DE CONSTANTES DESLIZAMIENTOS	 ', NULL, NULL),
	(185, '	TJ5107', 'CERRO TRES PUNTAS', '-7.592000134', '-79.32444452', 'C° TRES PUNTAS  P. NORTE     KM. 630 (APROX.)', 255, 99, 3, 1, 1, 1, '	2:30', '8:00', 'PENDIENTE', '2:00', '0:00', '2:00', 'S/N', 19, 1, 1, 1, 1, 1, '', NULL, NULL),
	(186, '	TP5326', 'CESAR PINGLO', '-5.563389', '-80.822056', 'AH LOS PINOS MZ 14 LT 25-C', 301, 47, 33, 9, 1, 1, '	2:00', '0:40', 'SOLO BTS', '1:30', '0:00', '1:30', '16339011', 3, 1, 1, 1, 1, 1, '', NULL, NULL),
	(187, '	TJ1301', 'CG CAÑAVERAL', '-7.738881', '-79.1823', '', 43, 79, 33, 1, 1, 1, '	2:30', '1:20', 'SOLO BTS', '1:30', '', '1:30', '', 49, 1, 1, 1, 1, 1, '', NULL, NULL),
	(188, '	TJ5287', 'CHACARERO', '-8.088417', '-79.008167', 'MZ CH LT 11 URB EL SOL DE CHACARERO', 325, 25, 33, 1, 1, 1, '	1:30', '4:00', 'SOLO BTS', '0:30', '0:00', '0:30', '63264372', 1, 1, 1, 1, 1, 1, '', NULL, NULL),
	(189, '	TA18788', 'CHACAS', '-9.16136', '-77.0185', 'Anexo de Chacás', 3, 4, 33, 3, 1, 2, '	4:30', '', 'SOLO BTS', '7:00', '0:00', '7:00', '58578892', 1, 2, 1, 3, 1, 1, '	CONSTANTES CORTES, DESLIZAMIENTOS, DESCARGAS ELÉCTRICAS, LLUVIAS, FALLAS CON EL CONCESIONARIO ELECTRÍCO, RUTA ACCIDENTADA	 ', NULL, NULL),
	(190, '	TA5780', 'CHACAS PAMPASH', '-9.163861', '-77.372', 'CERRO PUMACAYAN - HUARAZ PAMPA - BARRIO DE SAN MARTIN', 52, 100, 33, 3, 1, 2, '	3:00', '10:40', 'SOLO BTS', '4:00', '1:20', '5:20', '110006252', 20, 1, 1, 1, 1, 1, '', NULL, NULL),
	(191, '	TA5765', 'CHACAS SAN LUIS', '-9.105138919', '-77.33900008', 'CP de Gontzahirca (junto a la estación de la municipalidad)', 278, 101, 32, 3, 1, 2, '	4:30', '12:00', 'SOLO BTS', '4:30', '0:00', '4:30', 'S/N', 20, 1, 1, 1, 1, 1, '	CONSTANTES CORTES, DESLIZAMIENTOS, DESCARGAS ELÉCTRICAS, LLUVIAS, FALLAS CON EL CONCESIONARIO ELECTRÍCO, RUTA ACCIDENTADA	 ', NULL, NULL),
	(192, '	TM5576', 'CHACHAPOYAS', '-6.224305614', '-77.87938909', 'AA.HH. SANTO TORIBIO - CERRO COYAURCO', 53, 13, 4, 8, 1, 3, '	1:30', '', 'PENDIENTE', '0:20', '0:15', '0:35', '32457177', 4, 1, 1, 1, 1, 2, '', NULL, NULL),
	(193, '	TC5877', 'CHALAMARCA', '-6.53033', '-78.50483', 'CERRO LA CRUZ. CENTRO POBLADO DE MASINTRANCA', 55, 102, 33, 10, 1, 2, '	2:00', '14:00', 'SOLO BTS', '2:00', '0:00', '2:00', '37162208', 5, 1, 1, 3, 1, 1, '	ZONA DE NEBLINA Y FUENTES ACUÍFERAS. TROCHA INESTABLE POR PRESENCIA DE HUMEDALES Y FANGOS.	 ', NULL, NULL),
	(194, '	TP6299', 'CHAMPAGNAT', '-4.904250189', '-80.69580572', 'AV. CHAMPAGNAT 512', 313, 24, 31, 9, 1, 1, '	1:30', '3:00', 'SOLO BTS', '0:40', '1:00', '1:40', '11065101', 3, 1, 1, 1, 1, 1, '', NULL, NULL),
	(195, '	TA6457', 'CHANA', '-9.38856', '-77.01075', 'Distrito de San Pedro de Chaná', 286, 103, 20, 3, 1, 2, '	6:00', '6:00', 'SOLO BTS', '4:00', '0:00', '4:00', '70341954', 1, 1, 1, 1, 1, 1, '	CONSTANTES CORTES, DESLIZAMIENTOS, DESCARGAS ELÉCTRICAS, LLUVIAS, FALLAS CON EL CONCESIONARIO ELECTRÍCO, RUTA ACCIDENTADA	 ', NULL, NULL),
	(196, '	TA18764', 'CHANCASA', '-8.816312', '-77.30611', 'CP de Chancasa (junto al campo deportivo)', 107, 104, 33, 3, 1, 2, '	7:30', '14:00', 'SOLO BTS', '8:00', '0:00', '8:00', '61351960', 1, 2, 1, 3, 1, 1, '	CONSTANTES CORTES, DESLIZAMIENTOS, DESCARGAS ELÉCTRICAS, LLUVIAS, FALLAS CON EL CONCESIONARIO ELECTRÍCO, RUTA ACCIDENTADA	 ', NULL, NULL),
	(197, '	TC5913', 'CHANCAY CAJAMARCA', '-7.38508', '-78.13972', 'CHANCAY', 57, 105, 13, 5, 1, 2, '	2:00', '3:15', '7:15', '2:30', '0:00', '2:30', '59452269', 1, 1, 1, 1, 1, 1, '	CORTES CONSTANTES	 ', NULL, NULL),
	(198, '	TJ5090', 'CHAO', '-8.53833345', '-78.67672238', 'AV. VICTOR RAUL 250', 58, 106, 6, 1, 1, 1, '	2:30', '5:25', 'PENDIENTE', '1:30', '0:00', '1:30', 'S/N', 16, 1, 1, 1, 1, 2, '', NULL, NULL),
	(199, '	TJ0901', 'CHAO SUR', '-8.542202778', '-78.67597778', 'AV VICTOR RAUL S/N (AL COSTADO DE LA CA PANAMERICANA NORTE)', 58, 106, 32, 1, 1, 1, '	2:30', '5:00', 'SOLO BTS', '1:30', '0:00', '1:30', 'S/N', 16, 1, 1, 2, 1, 1, '', NULL, NULL),
	(200, '	TP1803', 'CHAPIPAMPA', '-4.773369', '-79.852614', 'PREDIO DENOMINADO MARAY Y FAIQUE. YAPANGO ALTO', 348, 35, 33, 9, 1, 2, '	4:30', '5:00', 'SOLO BTS', '', '', '0:00', '15987189', 3, 2, 1, 3, 1, 1, '', NULL, NULL),
	(201, '	TC6400', 'CHAQUICOCHA', '-7.000016667', '-78.4790779', 'MIRADOR CHAQUICOCHA', 180, 46, 33, 5, 1, 2, '	3:00', '', 'SOLO BTS', '2:00', '0:00', '2:00', 'S/N', 7, 1, 1, 1, 1, 1, '', NULL, NULL),
	(202, '	TA5812', 'CHASQUITAMBO', '-10.31397231', '-77.61716679', 'CP de Chasquitambo', 85, 107, 33, 3, 1, 2, '	3:00', '0:53', 'SOLO BTS', '4:00', '0:00', '4:00', '59108925', 1, 1, 1, 1, 1, 1, '	CONSTANTES DESCARGAS ELÉCTRICAS, LLUVIAS, FALLAS CON EL CONCESIONARIO ELECTRÍCO	 ', NULL, NULL),
	(203, '	TA5656', 'CHAVIN DE HUANTAR', '-9.57772', '-77.18836', 'Distrito de Chavín de Huantar', 59, 108, 13, 3, 1, 2, '	3:00', '5:00', 'PENDIENTE', '4:00', '0:00', '4:00', '52780464', 1, 1, 1, 1, 1, 1, '	CONSTANTES DESCARGAS ELÉCTRICAS, LLUVIAS, DESLIZAMIENTOS, FALLAS CON EL CONCESIONARIO ELECTRÍCO, RUTA ACCIDENTADA	 ', NULL, NULL),
	(204, '	TLP05904', 'CHELITOS P1', '', '', 'CL S/N  (CERCA AV PIMENTEL)', 238, 82, 12, 7, 1, 1, '	1:30', '', 'SOLO BTS', '0:30', '0:00', '0:30', '38446555', 5, 6, 1, 12, 2, 1, '', NULL, NULL),
	(205, '	TJ5097', 'CHEPEN', '-7.222166721', '-79.43222234', 'AV. GONZALES CACEDA 131 - AV. PRINCIPAL', 60, 109, 2, 1, 1, 1, '	2:30', '5:00', 'SOLO BTS', '3:30', '0:00', '3:30', '48262776', 1, 1, 1, 1, 1, 1, '	ACCESO EN HORARIOS DEFINIDOS, DIFICULTAD SABADOS Y DOMINGOS	 ', NULL, NULL),
	(206, '	TJ5192', 'CHEPEN CENTRO', '-7.229111179', '-79.42691677', 'AV EZEQUIEL GONZALES 1253', 60, 109, 18, 1, 1, 1, '	2:30', '4:00', 'PENDIENTE', '3:30', '0:00', '3:30', '48316222', 1, 1, 1, 2, 1, 1, '', NULL, NULL),
	(207, '	TT0996', 'CHERRELIQUE', '-3.996889', '-80.665472', 'CASERIO CHERRELIQUE', 45, 88, 33, 4, 1, 1, '	2:30', '14:00', 'SOLO BTS', '3:30', '0:30', '4:00', '16858097', 3, 1, 1, 1, 1, 1, '', NULL, NULL),
	(208, '	TC5900', 'CHETILLA', '-7.164944', '-78.67511', 'CHETILLA. CAJAMARCA. CAJAMARCA', 61, 110, 33, 5, 1, 2, '	2:30', '17:00', 'SOLO BTS', '2:00', '0:00', '2:00', 'S/N', 18, 1, 1, 1, 1, 5, '', NULL, NULL),
	(209, '	TJ5163', 'CHICAGO', '-8.114111159', '-79.02261113', 'JR. MANUEL GONZALES PRADA 244', 325, 25, 33, 1, 1, 1, '	1:30', '4:20', 'SOLO BTS', '0:40', '1:00', '1:40', '54894769', 1, 1, 1, 1, 1, 1, '', NULL, NULL),
	(210, '	TJ5135', 'CHICAMA', '-7.825666848', '-79.10297225', 'CERRO TRES CRUCES', 62, 111, 13, 1, 1, 1, '	2:30', '10:00', '20:00', '1:00', '0:00', '1:00', 'S/N', 21, 1, 1, 1, 1, 2, '	ZONA DE DIFICIL ACCESO, CAMINATA SIN PESO 45 MINUTOS.	 ', NULL, NULL),
	(211, '	TL5933', 'CHICLAYO CENTRO', '-6.772194609', '-79.8379724', 'ELIAS AGUIRRE 830', 63, 23, 31, 7, 1, 1, '	1:30', '1:00', 'SOLO BTS', '0:20', '0:00', '0:20', '25639447', 3, 4, 1, 5, 1, 1, '', NULL, NULL),
	(212, '	TL6009', 'CHICLAYO INDUSTRIAL', '-6.750444444', '-79.86836111', 'URB NORTE ORIENTAL MZ D LT 3', 238, 82, 33, 7, 1, 1, '	1:30', '0:40', 'SOLO BTS', '0:20', '0:20', '0:40', '38360782', 5, 1, 1, 1, 1, 1, '', NULL, NULL),
	(213, '	TJ2143', 'CHICLINCAMA', '-7.849028', '-79.144444', '', 62, 111, 13, 1, 1, 1, '	2:30', '2:00', 'SOLO BTS', '', '', '0:00', '63578516', 1, 1, 1, 1, 1, 1, '', NULL, NULL),
	(214, '	TC5881', 'CHILETE', '-7.225444444', '-78.842028', 'COMUNIDAD CAMPESINA DE HUERTAS', 64, 112, 33, 5, 1, 2, '	3:00', '0:00', 'SOLO BTS', '2:00', '1:00', '3:00', '45865605', 1, 1, 1, 1, 1, 1, '', NULL, NULL),
	(215, '	TJ5119', 'CHILLIA', '-8.160778', '-77.50458333', 'CERRO LA PEÑA ANEXO CARGUACOCHA. COMUNIDAD CAMPESINA SAN JUAN BAUTISTA DE CHILLIA', 65, 376, 33, 1, 1, 2, '	12:00', '17:00', 'SOLO BTS', '12:00', '0:00', '12:00', '61048421', 1, 1, 1, 3, 1, 2, '	ZONA DE DIFICIL ACCESO, ZONA DE CONSTANTES DESCARGAS ATMOSFÉRICAS, RUTA DE CONSTANTES DESLIZAMIENTOS, CAMINATA SIN PESO 1 HORA, RUTA CON RIESGO DE ASALTOS	 ', NULL, NULL),
	(216, '	TA5649', 'CHIMBOTE PRIMAVERA', '-9.10897226', '-78.55636123', 'MZ G LOTE 8. ZONA INDUSTRIAL GRAN TRAPECIO', 66, 17, 31, 2, 1, 1, '	1:30', '2:00', 'SOLO BTS', '1:30', '1:00', '2:30', '55542232', 1, 1, 1, 1, 1, 2, '	ZONA DE ALTO RIESGO PERSONAL EN HORARIO NOCTURNO(ATENTA CONTRA NUESTRA INTEGRIDAD FISICA)	 ', NULL, NULL),
	(217, '	TA3525', 'CHINECAS', '-9.140581', '-78.491939', '', 348, 113, 33, 2, 1, 1, '	2:00', '1:00', 'SOLO BTS', '', '', '0:00', '63930757', 1, 7, 1, 1, 1, 1, '', NULL, NULL),
	(218, '	TA5751', 'CHIQUIAN', '-10.17738894', '-77.17341671', 'ALTURA CACERIO CONOCOCHA DESVIO A CHIQUIAN', 68, 114, 32, 3, 1, 2, '	2:30', '3:00', 'SOLO BTS', '3:00', '2:00', '5:00', '52794639', 1, 1, 1, 2, 1, 1, '	CONSTANTES CORTES, DESCARGAS ELÉCTRICAS, LLUVIAS, FALLAS CON EL CONCESIONARIO ELECTRÍCO, RUTA ACCIDENTADA	 ', NULL, NULL),
	(219, '	TM5606', 'CHIRIACO', '-5.175972274', '-78.29605564', 'CERRO MIRADOR CHIRIACO', 137, 115, 2, 8, 1, 3, '	9:00', '2:00', 'SOLO BTS', '6:00', '0:40', '6:40', '31224368', 4, 1, 1, 1, 1, 1, '	CONSTANTES PROBLEMAS CLIMATOLÓGICOS (LLUVIAS)/CORTES CONSTANTES/ESTACIÓN CON DIFÍCIL ACCESO	 ', NULL, NULL),
	(220, '	TM5625', 'CHIRIMOTO', '-6.51597', '-77.43172222', 'PREDIO DENOMINADO PALTAYURCO', 194, 116, 33, 8, 1, 3, '	6:00', '6:00', 'SOLO BTS', '6:00', '3:00', '9:00', 'S/N', 6, 1, 1, 3, 1, 1, '	CORTES CONSTANTES/CONSTANTES PROBLEMAS CLIMATOLOGICOS(LLUVIAS)/ESTACION CON DIFICIL ACCESO	 ', NULL, NULL),
	(221, '	TC18059', 'CHIRIMOYO', '-7.390972', '-78.242111', 'PREDIO DENOMINADO CHOLOQUE - SECTOR DE CHIRIMOYO', 29, 61, 33, 5, 1, 2, '	3:00', '9:00', 'SOLO BTS', '2:20', '1:00', '3:20', 'S/N', 10, 2, 1, 3, 1, 3, '', NULL, NULL),
	(222, '	TC5870', 'CHIRINOS', '-5.297361196', '-78.89711132', 'CERRO CHIRINOS', 71, 117, 13, 6, 1, 3, '	2:30', '10:00', 'PENDIENTE', '2:30', '0:00', '2:30', '36034277', 4, 1, 1, 1, 1, 1, '', NULL, NULL),
	(223, '	TP6163', 'CHOCAN', '-5.161222275', '-80.96211133', 'CERRO CHOCAN', 157, 81, 33, 9, 1, 1, '	2:30', '4:00', 'PENDIENTE', '0:40', '0:00', '0:40', '12466517', 3, 1, 1, 1, 1, 2, '', NULL, NULL),
	(224, '	TP6353', 'CHOCANCITO', '-4.753916825', '-80.58372234', 'CERRO LA BANDERA - CC.PP. BARRIO NUEVO', 251, 118, 20, 9, 1, 1, '	2:30', '0:20', 'SOLO BTS', '1:00', '0:00', '1:00', '11311519', 3, 1, 1, 1, 1, 1, '	ESTACIÓN CON DIFÍCIL ACCESO EN TEMPORADA DE LLUVIA	 ', NULL, NULL),
	(225, '	TJ5170', 'CHOCOPE', '-7.794194623', '-79.22019449', 'PANAMERICANA MZ 22 LOTE 24', 72, 119, 15, 1, 1, 1, '	2:00', '2:00', 'PENDIENTE', '1:00', '0:15', '1:15', '53975460', 1, 1, 1, 1, 1, 1, '', NULL, NULL),
	(226, '	TL5973', 'CHONGOYAPE', '-6.681250163', '-79.39936122', 'CARRETERA CHONGOYAPE', 73, 53, 13, 7, 1, 1, '	2:30', '0:20', '9:00', '1:25', '0:00', '1:25', '25851685', 5, 1, 1, 1, 1, 1, '', NULL, NULL),
	(227, '	TC4928', 'CHONTALI', '-5.635083', '-79.09766944', 'PREDIO UBICADO EN EL CERRO CONJURO DENTRO DEL PREDIO DENOMINADO TUMBO DE RUMISAPA', 74, 120, 33, 6, 1, 2, '	3:00', '2:20', 'SOLO BTS', '4:00', '0:20', '4:20', '36338512', 4, 1, 1, 3, 1, 1, '	CONSTANTES DESLIZAMIENTOS / ZONA DE ALTO RIESGO	 ', NULL, NULL),
	(228, '	TC5837', 'CHOTA', '-6.54992', '-78.64647', 'CERRO EL LORO SECTOR RAMBRAM###', 75, 95, 15, 10, 1, 2, '	1:30', '5:00', 'PENDIENTE', '0:20', '0:30', '0:50', '28301429', 5, 1, 1, 2, 1, 1, '	EL ACCESO ES DIFICIL EN TEMPORADA DE LLUVIAS. PRESENCIA DE DERUMBES POR SER ZONA INESTABLE.	 ', NULL, NULL),
	(229, '	TJ6356', 'CHUGAY', '-7.793639066', '-77.86805573', 'UBICADO EN EL PREDIO EL SAUCE UNIDAD CATASTRAL N° 08810 - SECTOR CHUSGON', 76, 18, 15, 1, 1, 2, '	7:30', '6:00', '20:00', '2:00', '0:40', '2:40', 'S/N', 6, 1, 1, 1, 1, 1, '', NULL, NULL),
	(230, '	TP6146', 'CHULUCANAS', '-5.096166709', '-80.16352783', 'JR CALLAO 269', 77, 121, 4, 9, 1, 1, '	2:30', '3:30', 'PENDIENTE', '1:30', '0:45', '2:15', '10012097', 3, 1, 1, 2, 1, 2, '	PROBLEMAS CON POBLACIÓN	 ', NULL, NULL),
	(231, '	TC5902', 'CHUMUCH', '-6.63', '-78.21395', 'CERRO LA PUNTA DE HUAR HUAR – CASERIO EL ALIZO, CHUMUCH, CELENDÍN, CAJAMARCA', 193, 122, 13, 5, 1, 2, '	4:30', '3:28', 'SOLO BTS', '5:00', '0:10', '5:10', '58999796', 1, 1, 1, 1, 1, 1, '	CONSTANTES DESLIZAMIENTOS	 ', NULL, NULL),
	(232, '	TJ5236', 'CHUQUIMANCO', '-7.437444444', '-77.69291667', 'POBLADO DE BAMBAMARCA', 18, 44, 33, 1, 1, 2, '	10:30', '5:00', 'SOLO BTS', '14:00', '0:00', '14:00', 'S/N', 6, 1, 1, 1, 1, 1, '', NULL, NULL),
	(233, '	TC3765', 'LA HACIENDA', '-7.138706', '-78.510503', 'SECTOR VENECIA MZ H LT 10', 180, 46, 13, 5, 1, 2, '	1:30', '2:20', 'SOLO BTS', '0:20', '0:00', '0:20', '60972978', 1, 1, 1, 1, 1, 1, '', NULL, NULL),
	(234, '	TA6490', 'CIRCUNVALACION HUARAZ', '-9.536155668', '-77.52676401', 'Av. Villón (Frente al colegio Santa Rosa, sobre un aferretería)', 126, 28, 33, 3, 1, 2, '	1:30', '6:00', 'SOLO BTS', '0:30', '0:00', '0:30', '59444436', 1, 1, 1, 1, 1, 1, '	CONSTANTES DESCARGAS ELÉCTRICAS, LLUVIAS, FALLAS CON EL CONCESIONARIO ELECTRÍCO	 ', NULL, NULL),
	(235, '	TP6158', 'CIRCUNVALACION PIURA', '-5.184194483', '-80.6560557', 'CALLE SONDOR S/N MZ C LOTE 5. URB. CHIRA', 242, 15, 2, 9, 1, 1, '	1:30', '3:00', 'SOLO BTS', '0:20', '0:00', '0:20', '05801640', 3, 1, 1, 1, 1, 1, '', NULL, NULL),
	(236, '	TJ3787', 'CIUDAD DE DIOS', '-7.304689', '-79.480944', 'CALLE 2 MZ. U - C.P.M CIUDAD DE DIOS', 111, 123, 33, 1, 1, 1, '	2:30', '1:30', 'SOLO BTS', '2:00', '0:00', '2:00', '61232781', 1, 1, 1, 1, 1, 1, '', NULL, NULL),
	(237, '	TJ5243', 'CLARETIANO', '-8.13033', '-79.03275', 'AV. PROLONGACION CESAR VALLEJO Urbanización San Eloy Mz D, Lote 9.', 325, 25, 33, 1, 1, 1, '	1:30', '4:00', 'SOLO BTS', '0:30', '0:00', '0:30', '59254191', 1, 1, 1, 5, 1, 1, '', NULL, NULL),
	(238, '	TP1635', 'CLINICA AUNA', '-5.19333', '-80.6199', '', 47, 19, 33, 9, 1, 1, '	1:30', '', 'SOLO BTS', '0:30', '0:00', '0:30', '', 49, 4, 1, 4, 2, 1, '', NULL, NULL),
	(239, '	TJ3356', 'COAM', '-8.128081', '-79.040964', 'AV FáTIMA CUADRA 1', 348, 124, 33, 1, 1, 1, '	1:30', '0:00', 'SOLO BTS', '0:30', '0:00', '0:30', '69788833', 1, 1, 1, 4, 1, 1, '', NULL, NULL),
	(240, '	TJ5332', 'COCA COLA', '-8.122580591', '-79.00718057', 'CARRETERA INDUSTRIAL. URB VILLA DEL CONTADOR', 325, 25, 33, 1, 1, 1, '	1:30', '0:50', 'SOLO BTS', '0:40', '0:40', '1:20', '60158536', 1, 1, 1, 1, 1, 1, '', NULL, NULL),
	(241, '	TC6517', 'COCHABAMBA', '-6.470931', '-78.8904', 'PREDIO LACHAC', 79, 125, 33, 10, 1, 2, '	2:00', '1:00', 'SOLO BTS', '1:00', '0:30', '1:30', '', 49, 1, 1, 1, 1, 1, '', NULL, NULL),
	(242, '	TC5874', 'COCHABAMBA CACHACARA', '-6.439000098', '-78.84966687', 'VALLE CHACAS', 79, 125, 13, 10, 1, 2, '	2:30', '12:00', 'PENDIENTE', '2:00', '0:00', '2:00', '36896540', 5, 1, 1, 1, 1, 2, '	ZONA DE FUERTES VIENTOS Y DENSA NEBLINA. TEMPERATURAS MUY BAJAS. CARRETERA INESTABLE.	 ', NULL, NULL),
	(243, '	TJ5117', 'COCHABAMBA LOS PAREDONES', '-7.853411', '-77.87622', 'PREDIO COCHABAMBA', 76, 18, 33, 1, 1, 2, '	7:30', '6:00', 'SOLO BTS', '2:30', '1:00', '3:30', 'S/N', 6, 1, 1, 1, 1, 1, '	ZONA DE DIFICIL ACCESO, ZONA DE CONSTANTES DESCARGAS ATMOSFÉRICAS, RUTA DE CONSTANTES DESLIZAMIENTOS, RUTA CON RIESGO DE ASALTOS	 ', NULL, NULL),
	(244, '	TA5626', 'COISHCO', '-9.01500003', '-78.61758346', 'CERRO LA CAJA - ASOCIACI#N DE VIVIENDA EL MILAGRO', 82, 3, 18, 2, 1, 1, '	2:00', '7:08', 'PENDIENTE', '1:45', '0:00', '1:45', '49588684', 1, 1, 1, 2, 1, 1, '	ZONA DE ALTO RIESGO PERSONAL EN HORARIO NOCTURNO(ATENTA CONTRA NUESTRA INTEGRIDAD FISICA)	 ', NULL, NULL),
	(245, '	TP6154', 'COLAN', '-5.004416676', '-81.05472224', 'CERRO DE LA CRUZ', 83, 87, 33, 9, 1, 1, '	2:00', '4:00', 'SOLO BTS', '1:00', '0:45', '1:45', '12535703', 3, 1, 1, 1, 1, 1, '	 ZONA DE ALTO RIESGO PERSONAL (ROBO)	 ', NULL, NULL),
	(246, '	TA6438', 'COLCABAMBA', '-9.596055698', '-77.8038335', 'CERRO UYCUSH DENTRO DE LOS DOMINIOS DE LA CC SAN PEDRO DE COLCABAMBA', 84, 126, 33, 2, 1, 2, '	3:00', '3:30', 'SOLO BTS', '4:30', '0:00', '4:30', 'S/N', 6, 1, 1, 1, 1, 1, '	ESTACIÓN CON DIFÍCIL ACCESO EN TEMPORADAS DE LLUVIAS/CONSTANTES FALLAS CON CONCESIONARIO ELÉCTRICO	 ', NULL, NULL),
	(247, '	TJ5191', 'COLEGIO RAMON CASTILLA', '-8.09372226', '-79.0896667', 'AV. RAMON CASTILLA 907. KM7 AUTOPISTA HUANCHACO', 122, 40, 15, 1, 1, 1, '	1:30', '4:00', 'PENDIENTE', '0:40', '0:00', '0:40', '54941312', 1, 1, 1, 1, 1, 1, '', NULL, NULL),
	(248, '	TJ5347', 'COLISEO GRAN CHIMU', '-8.10556', '-79.03125', 'AV MANUEL VERA ENRIQUEZ CDRA 3', 325, 25, 33, 1, 1, 1, '	1:30', '3:30', 'SOLO BTS', '0:30', '0:00', '0:30', '', 49, 4, 1, 2, 1, 1, '', NULL, NULL),
	(249, '	TC5896', 'COLLOTAN', '-6.995500221', '-78.52308345', 'CERRO COLLOTAN (MINERA YANACOCHA SRL)', 32, 7, 15, 5, 1, 2, '	2:30', '', 'PENDIENTE', '2:00', '1:00', '3:00', '', 22, 1, 1, 1, 1, 1, '	ESTACIÓN CON DIFÍCIL ACCESO	 ', NULL, NULL),
	(250, '	TA5736', 'COMANDANTE NOEL', '-9.630889041', '-78.27980564', 'PANAMERICANA NORTE KM. 356', 46, 89, 13, 2, 1, 1, '	2:30', '6:00', 'PENDIENTE', '2:45', '1:00', '3:45', 'S/N', 18, 1, 1, 1, 1, 5, '	ESTACIÓN CON DIFÍCIL ACCESO	 ', NULL, NULL),
	(251, '	TC6410', 'COMPLEJO 2 CABEZAS', '-7.149027836', '-78.51769455', 'JR. MIGUEL IGLESIAS N° 654', 32, 7, 2, 5, 1, 2, '	1:30', '2:50', '2:50', '0:20', '0:00', '0:20', '58024947', 1, 1, 1, 1, 1, 1, '', NULL, NULL),
	(252, '	TJ5203', 'COMPLEJO CHICAGO', '-8.116888913', '-79.01647226', 'ESQUINA AV. AMERICA DEL SUR N° 1609 CON JR. ZELA', 325, 25, 33, 1, 1, 1, '	1:30', '4:00', 'SOLO BTS', '0:30', '0:00', '0:30', '59710087', 1, 1, 1, 1, 1, 1, '', NULL, NULL),
	(253, '	TL5952', 'CONCEJO LEONARDO ORTIZ', '-6.756805719', '-79.82872241', 'AV PROLONGACION MEXICO 394 PPJJ FRANCISCO CABRERA', 148, 29, 13, 7, 1, 1, '	1:30', '3:30', 'PENDIENTE', '0:20', '1:00', '1:20', '26142673', 5, 1, 1, 1, 1, 1, '	SITE DADO DE BAJA	 ', NULL, NULL),
	(254, '	TA5776', 'CONCHUCOS', '-8.272166731', '-77.8571113', 'CERRO CUSHCAMACA', 163, 127, 33, 2, 1, 2, '	7:30', '12:00', 'SOLO BTS', '7:00', '0:00', '7:00', '49688797', 1, 1, 1, 1, 1, 1, '	ESTACIÓN CON DIFÍCIL ACCESO/CONSTANTES FALLAS CON CONCESIONARIO ELÉCTRICO	 ', NULL, NULL),
	(255, '	TP6128', 'CONCORDIA', '-5.185333374', '-80.64377793', 'MZ. 241  LT.1  -  ZONA INDUSTRIAL ANTIGUA PIURA', 242, 15, 6, 9, 1, 1, '	1:30', '2:40', 'PENDIENTE', '0:20', '0:00', '0:20', '05669206', 3, 1, 1, 5, 1, 2, '	ESTACIÓN CON DIFÍCIL ACCESO	 ', NULL, NULL),
	(256, '	TJ5092', 'CONDORCANQUI', '-8.05797', '-79.05361', 'MZ. 35 LOTE 49 A.A.H.H. WINCHANZAO', 156, 2, 15, 1, 1, 1, '	1:30', '0:10', 'PENDIENTE', '0:40', '0:00', '0:40', '47303284', 1, 1, 1, 1, 1, 1, '	ZONA DE RIESGO PARA EL PERSONAL	 ', NULL, NULL),
	(257, '	TA2154', 'CONOCOCHA', '-10.12327778', '-77.29631389', 'Ciudad de Conococha (subestación eléctrica de Conococha, frente a Casa Blanca)', 228, 113, 33, 3, 1, 2, '	2:00', '4:30', 'SOLO BTS', '2:00', '0:00', '2:00', 'LONGOTE', 1, 1, 1, 2, 1, 1, '', NULL, NULL),
	(258, '	TC5865', 'CONTUMAZA', '-7.350805627', '-78.7986113', 'LA FILA DE LOS TALLOS', 90, 128, 18, 5, 1, 2, '	2:30', '7:40', 'PENDIENTE', '3:00', '0:00', '3:00', '50641022', 1, 1, 1, 2, 1, 1, '	 CONSTANTES DESCARGAS ELÉCTRICAS ATMOSFÉRICAS	 ', NULL, NULL),
	(259, '	TJ1781', 'CONVENTO', '-7.640944', '-77.842167', 'CASERIO EL CONVENTO S/N', 76, 18, 33, 1, 1, 2, '	6:00', '5:20', 'SOLO BTS', '1:00', '1:50', '2:50', 'S/N', 6, 1, 1, 6, 1, 1, '', NULL, NULL),
	(260, '	TA6443', 'COPA', '-10.37535', '-77.49074', 'SAN PEDRO. OCROS. ANCASH', 285, 129, 33, 2, 1, 2, '	6:00', '28:00', 'SOLO BTS', '8:00', '0:45', '8:45', '61503258', 1, 1, 1, 3, 1, 1, '	CONSTANTES FALLAS CON CONCESIONARIO ELÉCTRICO/ZONA DE ALTO RIESGO PERSONAL EN HORARIO NOCTURNO(ATENTA CONTRA NUESTRA INTEGRIDAD FISICA)	 ', NULL, NULL),
	(261, '	TM6432', 'COPALLIN', '-5.664194603', '-78.43269456', 'AREA DE LA RESERVA DEL SECTOR COMUNAL SAN LORENZO - COMUNIDAD CAMPESINA DE LA PECA', 160, 130, 33, 8, 1, 3, '	4:30', '0:20', 'SOLO BTS', '4:00', '0:40', '4:40', '35790476', 4, 1, 1, 1, 1, 1, '	CONSTANTES DESCASGAS ELECTRICAS/CONSTANTES PROBLEMAS CLIMATOLOGICOS(LLUVIAS)/ZONA DE ALTO RIESGO/ESTACION DE DIFICIL ACCESO	 ', NULL, NULL),
	(262, '	TL4396', 'COPEMA', '-6.774971', '-79.814393', 'CL MANUEL MARÍA IZAGA MZ 146 LT 6', 63, 23, 33, 7, 1, 1, '	1:30', '4:00', 'SOLO BTS', '0:20', '0:00', '0:20', '38326379', 5, 1, 1, 1, 1, 1, '', NULL, NULL),
	(263, '	TA5404', 'CORICOTO', '-10.196917', '-77.467945', 'CP de Yamor', 12, 131, 33, 3, 1, 2, '	4:30', '1:00', 'SOLO BTS', '3:00', '0:20', '3:20', '60466131', 1, 1, 1, 1, 1, 1, '', NULL, NULL),
	(264, '	TA5824', 'CORIS', '-9.82042', '-77.7143', 'zona de Cochuas (salida hacia Aija)', 91, 132, 13, 3, 1, 2, '	3:00', '10:00', 'PENDIENTE', '4:00', '0:00', '4:00', '61519220', 1, 1, 1, 1, 1, 1, '', NULL, NULL),
	(265, '	TA6431', 'CORONGO', '-8.571583457', '-77.90147241', 'CERRO LLANCAN', 92, 133, 32, 2, 1, 2, '	4:30', '6:00', 'SOLO BTS', '7:00', '0:00', '7:00', '59451548', 1, 1, 1, 2, 1, 1, '	CONSTANTES FALLAS CON CONCESIONARIO ELÉCTRICO	 ', NULL, NULL),
	(266, '	TJ4220', 'CORP DEL CENTRO', '-7.841319', '-77.995119', 'MINA EL TORO', 118, 134, 33, 1, 1, 2, '	4:30', '', 'SOLO BTS', '1:00', '0:40', '1:40', '', 23, 1, 1, 2, 1, 1, '', NULL, NULL),
	(267, '	TJ5105', 'COSCOMBA CHICO', '-8.813055742', '-78.62861126', 'PANAMERICANA NORTE KM. 464.3', 112, 135, 13, 1, 1, 1, '	2:30', '5:30', 'PENDIENTE', '3:00', '0:00', '3:00', 'S/N', 19, 1, 1, 1, 1, 2, '', NULL, NULL),
	(268, '	TJ5165', 'COSTA RICA', '-8.127555601', '-79.03019447', 'MZ. E LOTE 21 PROLONGACION CESAR VALLEJO. URB. INGENIERIA', 325, 25, 15, 1, 1, 1, '	1:30', '1:20', 'PENDIENTE', '0:30', '0:00', '0:30', '54869846', 1, 1, 1, 5, 1, 1, '', NULL, NULL),
	(269, '	TJ2147', 'CRUCE SAN MARTIN', '-7.333806', '-79.485722', '', 271, 67, 33, 1, 1, 1, '	2:30', '1:00', 'SOLO BTS', '', '', '0:00', '63563415', 1, 1, 1, 1, 1, 1, '', NULL, NULL),
	(270, '	TP6255', 'CRUSETA', '-4.828889077', '-80.30880563', 'CERRO CARNEROS', 317, 136, 13, 9, 1, 1, '	2:30', '4:00', 'PENDIENTE', '0:40', '0:00', '0:40', '11103599', 3, 1, 1, 1, 1, 1, '	CONSTANTE ROBO DE CONDUCTOR ELÉCTRICO./ ZONA DE ALTO RIESGO PERSONAL (ROBO)	 ', NULL, NULL),
	(271, '	TJ18728', 'CRUZ DE AVAYA', '-7.4278193', '-77.67727', 'BAMBAMARCA. BOLIVAR. LA LIBERTAD', 18, 44, 33, 1, 1, 2, '	3:00', '28:00', 'SOLO BTS', '14:00', '0:00', '14:00', 'S/N', 6, 2, 1, 3, 1, 1, '	ZONA LEJANA DE DIFICIL ACCESO, ZONA DE CONSTANTES DESCARGAS ATMOSFÉRICAS, RUTA DE CONSTANTES DESLIZAMIENTOS, TIEMPO DE CAMINATA SIN PESO 10 HORAS	 ', NULL, NULL),
	(272, '	TP6293', 'CRUZ DE CAÑA', '-5.147833333', '-80.40016667', 'CA ANTIGUA PANAMERICANA NORTE  CA PIURA - CHULUCANAS  KM 230', 47, 19, 6, 9, 1, 1, '	1:30', '5:00', '12:00', '0:40', '0:00', '0:40', 's/n', 18, 1, 1, 1, 1, 5, '', NULL, NULL),
	(273, '	TL3486', 'CRUZ DE MEDANO', '-6.5113', '-79.9634', '', 348, 137, 13, 7, 1, 1, '	1:30', '3:00', 'SOLO BTS', '0:30', '0:00', '0:30', '38801116', 5, 7, 1, 2, 1, 1, '', NULL, NULL),
	(274, '	TP1216', 'CRUZ VERDE', '-4.975083', '-80.205167', 'CASERIO CRUZ VERDE MZ H LT 36', 317, 136, 33, 9, 1, 1, '	2:00', '0:00', 'SOLO BTS', '', '', '0:00', '16868342', 3, 1, 1, 6, 1, 1, '', NULL, NULL),
	(275, '	TJ5815', 'CTOWER', '-8.117238889', '-79.00605', 'PARCELA 1-A PREDIO RURAL QUEVEDO - SECTOR CATASTRAL 18 - VAL', 325, 25, 33, 1, 1, 1, '	1:30', '1:20', 'SOLO BTS', '0:30', '0:00', '0:30', '63124157', 1, 1, 1, 1, 1, 1, '', NULL, NULL),
	(276, '	TL6027', 'CUGLIVAN', '-6.775833505', '-79.84147241', 'AV BOLOGNESI 316', 63, 23, 2, 7, 1, 1, '	1:30', '', 'SOLO BTS', '0:20', '0:00', '0:20', '25845955', 5, 1, 1, 5, 1, 1, '', NULL, NULL),
	(277, '	TC5891', 'CUJILLO YAMON', '-6.106055588', '-78.57994458', 'CERRO NEGRO PUNTACHU', 95, 138, 33, 6, 1, 2, '	4:30', '2:20', 'SOLO BTS', '4:00', '0:00', '4:00', '37871045', 5, 1, 1, 1, 1, 1, '	CONSTANTES PROBLEMAS CLIMATOLOGICOS	 ', NULL, NULL),
	(278, '	TP6298', 'CULLMAN', '-5.19258', '-80.64225', 'AV GRAU 1679', 242, 15, 2, 9, 1, 1, '	1:30', '5:00', 'SOLO BTS', '0:20', '0:00', '0:20', '05795177', 3, 1, 1, 1, 1, 1, '', NULL, NULL),
	(279, '	TC5872', 'CUMBA CHOROS', '-5.936972416', '-78.68402792', 'CERRO HUAYRURCO', 324, 139, 13, 6, 1, 2, '	2:00', '2:20', 'PENDIENTE', '2:30', '0:00', '2:30', '38791931', 5, 1, 1, 1, 1, 1, '	CONSTANTES PROBLEMAS CLIMATOLOGICOS	 ', NULL, NULL),
	(280, '	TC6498', 'CUMBEMAYO', '-7.162916723', '-78.49925013', 'AV. LUIS REBAZA NEYRA N° 680 - UR . VILLA UNIVERSITARIA', 32, 7, 2, 5, 1, 2, '	1:30', '3:30', 'SOLO BTS', '0:20', '0:00', '0:20', '58953250', 1, 1, 1, 1, 1, 1, '', NULL, NULL),
	(281, '	TA1878', 'CUNCO', '-9.4494459', '-77.8566445', '', 348, 380, 33, 2, 1, 2, '	4:30', '1:30', 'SOLO BTS', '4:00', '1:00', '5:00', '60576939', 1, 7, 4, 12, 6, 1, '', NULL, NULL),
	(282, '	TP6212', 'CURA MORI', '-5.323889', '-80.665', 'AV GRAU CDRA 4 (FRENTE A 473)', 98, 140, 33, 9, 1, 1, '	1:30', '4:00', 'SOLO BTS', '0:40', '0:00', '0:40', '16382827', 3, 1, 1, 1, 1, 1, '', NULL, NULL),
	(283, '	TJ5797', 'CURGOS', '-7.856369', '-77.936061', '', 99, 141, 33, 1, 1, 2, '	4:30', '2:00', 'SOLO BTS', '1:30', '0:40', '2:10', '', 2, 7, 1, 1, 1, 1, '', NULL, NULL),
	(284, '	Tj6190', 'CUSHURUPAMBA', '-8.207431', '-78.32771', '', 348, 380, 33, 1, 1, 2, '	4:30', '30:00', 'SOLO BTS', '7:00', '0:00', '7:00', 'S/N', 10, 7, 4, 12, 6, 3, '', NULL, NULL),
	(285, '	TC5838', 'CUTERVO', '-6.372722308', '-78.80091683', 'URB NUEVO ORIENTE ALT MERCADO NUEVO ORIENTE', 100, 142, 18, 10, 1, 2, '	2:00', '4:30', 'PENDIENTE', '2:00', '0:50', '2:50', '28470299', 5, 1, 1, 2, 1, 1, '	FUERTES LLUVIAS Y CONSTANTE HUMEDAD. DESCARGAS ATMOSFÉRICAS. CAMINO EMPINADO.	 ', NULL, NULL),
	(286, '	TJ5172', 'CUYUCHUNGO-COINA', '-7.842777963', '-78.41233344', 'CERRO LLAUT', 333, 143, 33, 1, 1, 2, '	4:30', '8:30', 'SOLO BTS', '4:30', '1:00', '5:30', 'S/N', 18, 1, 1, 1, 1, 1, '', NULL, NULL),
	(287, '	TM5599', 'DAGUAS', '-6.225444505', '-77.74463906', 'PREDIO DENOMINADO HURAK POZO', 266, 144, 33, 8, 1, 3, '	1:30', '5:00', 'SOLO BTS', '1:00', '0:30', '1:30', '36448503', 4, 1, 1, 1, 1, 1, '	CONSTANTES DESCARGAS ELÉCTRICAS ATMOSFÉRICAS/CONSTANTES PROBLEMAS CLIMATOLÓGICOS (LLUVIAS)	 ', NULL, NULL),
	(288, '	TC2426', 'DALIAS', '-6.559942', '-78.649994', 'CL ANAXIMANDRO VEGA 695 CON CL ADRIANO NOVOA CDRA 6 SUB LT 1', 75, 95, 13, 10, 1, 2, '	1:30', '3:00', 'PENDIENTE', '0:20', '0:00', '0:20', '37234862', 5, 1, 1, 1, 1, 1, '', NULL, NULL),
	(289, '	TL5954', 'DALLORSO', '-6.776083506', '-79.84450019', 'AV. GRAU 468', 348, 23, 14, 7, 1, 1, '	1:30', '1:00', 'SOLO BTS', '0:20', '0:00', '0:20', '25823448', 5, 1, 1, 5, 1, 1, '', NULL, NULL),
	(290, '	TJ5130', 'DANIEL CARRION', '-8.109500039', '-79.03383334', 'CALLE ALCIDES CARRION 377', 325, 25, 2, 1, 1, 1, '	1:30', '1:00', 'SOLO BTS', '0:40', '0:00', '0:40', '47483010', 1, 1, 1, 1, 1, 1, '', NULL, NULL),
	(291, '	TJ5178', 'DAS OUT MALL TRUJILLO P1', '-8.10131', '-79.04428', 'AV PABLO CASSALS CDRA 5 (AV AMERICA OESTE) CON AV MANSICHE CDRA 16. TRUJILLO. TRUJILLO. LA LIBERTAD', 325, 25, 33, 1, 1, 1, '	1:30', '', 'SOLO BTS', '0:30', '0:00', '0:30', '59276340', 1, 6, 1, 2, 1, 1, '', NULL, NULL),
	(292, '	TJ51786', 'DAS OUT MALL TRUJILLO P2', '-8.10131', '-79.04428', 'AV. MANSERICHE FRENTE A MALL SECTOR MANSERICHE', 325, 25, 12, 1, 1, 1, '	1:30', '', 'SOLO BTS', '0:30', '0:00', '0:30', '59359406', 1, 6, 1, 12, 1, 1, '', NULL, NULL),
	(293, '	TJ5324', 'DAS OUTDOOR BN TRUJILLO P1', '-8.131388942', '-79.03750002', '', 325, 25, 12, 1, 1, 1, '	1:30', '', 'SOLO BTS', '0:30', '0:00', '0:30', '59276410', 1, 6, 1, 7, 1, 1, '', NULL, NULL),
	(294, '	TJ53246', 'DAS OUTDOOR BN TRUJILLO P2', '-8.12929', '-79.0428', 'CL LOS LAURELES CDRA 5 (FRENTE CLINICA SANNA)', 336, 124, 12, 1, 1, 1, '	1:30', '', 'SOLO BTS', '0:30', '0:00', '0:30', '59276303', 1, 6, 1, 12, 1, 1, '', NULL, NULL),
	(295, '	TP2538', 'DEBATE PRESIDENCIAL', '-5.180344', '-80.619857', 'AV RAMON MUGICA 131 URB SAN EDUARDO (UNIVERSIDAD DE PIURA)', 47, 19, 35, 9, 1, 1, '	1:30', '', 'SOLO BTS', '0:30', '0:00', '0:30', '', 49, 1, 1, 1, 1, 1, '', NULL, NULL),
	(296, '	TT4855', 'DECAMERON', '-3.969775', '-80.965681', 'CA PANAMERICANA NORTE KM 1190 - ROYAL DECAMERON PUNTA SAL BE', 38, 72, 39, 4, 1, 1, '	2:30', '2:00', 'SOLO BTS', '1:30', '0:00', '1:30', 'S/N', 17, 1, 1, 2, 1, 1, '', NULL, NULL),
	(297, '	TT6364', 'DELUQUE', '-3.57161', '-80.45067', 'AV DEL EJERCITO CON CL ANTENOR ORREGO. TUMBES. TUMBES. TUMBES', 329, 5, 33, 4, 1, 1, '	1:30', '8:00', 'SOLO BTS', '0:20', '0:00', '0:20', '15572578', 3, 1, 1, 2, 1, 1, '', NULL, NULL),
	(298, '	TT2964', 'DISCO BLEND', '-3.551178', '-80.422056', '', 329, 5, 33, 4, 1, 1, '	2:00', '2:00', 'SOLO BTS', '1:00', '0:00', '1:00', '', 49, 1, 1, 1, 1, 1, '', NULL, NULL),
	(299, '	TJ53425', 'DO EL CULTURAL P1', '-8.11827', '-79.03261', '', 325, 25, 12, 1, 1, 1, '	1:30', '', 'SOLO BTS', '0:30', '0:00', '0:30', '59320822', 1, 6, 1, 1, 1, 1, '', NULL, NULL),
	(300, '	TJ53426', 'DO EL CULTURAL P2', '-8.11661', '-79.03168', '', 325, 25, 12, 1, 1, 1, '	1:30', '2:00', 'SOLO BTS', '0:30', '0:00', '0:30', '59320831', 1, 6, 1, 1, 1, 1, '', NULL, NULL),
	(301, '	TJ5195', 'DO OECHSLE', '-8.13151', '-79.03366', 'ESQUINA AV FATIMA CUADRA 9 CON PROL AV VALLEJO - URB SAN ELOY', 325, 124, 12, 1, 1, 1, '	1:30', '', 'SOLO BTS', '0:30', '0:00', '0:30', '59276457', 1, 7, 1, 2, 1, 1, '', NULL, NULL),
	(302, '	TA3817', 'DOMUS', '-9.124815', '-78.541776', 'AV S/N URB PASEO DEL MAR DOMUS (POSTE EN BERMA CENTRAL)', 212, 17, 33, 2, 1, 1, '	1:30', '9:30', 'SOLO BTS', '1:45', '0:00', '1:45', '63325594', 1, 1, 1, 2, 1, 1, '', NULL, NULL),
	(303, '	TJ8751', 'DON FRANCISCO', '', '', 'CARR. LA RAMADA N° CERRO PUEBLO', 118, 134, 15, 1, 1, 2, '	4:30', '', 'PENDIENTE', '', '', '0:00', '63277844', 1, 7, 1, 12, 2, 2, '', NULL, NULL),
	(304, '	TA8196', 'DORSAL CONOCOCHA', '-10.1257483', '-77.2934567', 'CARRETERA A HUARAZ, CONOCOCHA', 348, 145, 4, 3, 1, 2, '	2:00', '24:00', 'PENDIENTE', '2:00', '0:00', '2:00', 'S/N', 18, 1, 1, 12, 2, 5, '', NULL, NULL),
	(305, '	TC8246', 'DORSAL SOROCHUCO', '', '', 'PE-08B, SUCRE, PERU', 51, 94, 3, 5, 1, 2, '	4:30', '', 'PENDIENTE', '2:00', '0:00', '2:00', 'S/N', 18, 1, 1, 12, 2, 5, '', NULL, NULL),
	(306, '	TA0595', 'DOS ESTRELLAS', '-9.090194444', '-78.55880556', 'AH VILLA ESPAÑA MZ Y LT 2', 66, 17, 33, 2, 1, 1, '	1:30', '8:30', 'SOLO BTS', '1:30', '0:00', '1:30', '60728389', 1, 1, 1, 2, 1, 1, '', NULL, NULL),
	(307, '	TA8745', 'DOS OBREROS', '-9.7467', '-77.5138', 'Desvío de carretera a Aija (antes de Minera Winak)', 348, 146, 3, 3, 1, 2, '	2:30', '6:00', 'PENDIENTE', '2:00', '1:00', '3:00', '', 49, 7, 1, 12, 2, 1, '', NULL, NULL),
	(308, '	TC4926', 'DUKE CARHUAQUERO', '-6.63817', '-79.23619', 'CERRO LA MESA', 173, 147, 33, 7, 1, 2, '	4:30', '0:00', 'SOLO BTS', '1:30', '0:00', '1:30', '', 49, 1, 1, 1, 1, 1, '	ESTACIÓN CON DIFICIL ACCESO	 ', NULL, NULL),
	(309, '	TC6469', 'EBC JESUS', '-7.18056', '-78.49663889', 'AV. NUEVO CAJAMARCA Nº 710. LT. 2 MZ. C. LOTIZACION SANTA ROSA DE LIMA', 32, 7, 33, 5, 1, 2, '	1:30', '0:40', 'SOLO BTS', '0:30', '0:00', '0:30', '59190058', 1, 1, 1, 1, 1, 1, '', NULL, NULL),
	(310, '	TA6363', 'EL ACERO', '-9.068725', '-78.60066667', 'AV INDUSTR CDR6 CON JR JOS OLAY MZ A LT18 URB ANTUNEZ MAYOL', 348, 17, 33, 2, 1, 1, '	1:30', '4:00', 'SOLO BTS', '1:30', '0:00', '1:30', '48791443', 1, 1, 1, 1, 1, 1, '', NULL, NULL),
	(311, '	TP6138', 'EL ALTO', '-4.267916723', '-81.22002783', 'AV.BOLOGNESI S/N', 101, 148, 20, 9, 1, 1, '	2:30', '0:40', '6:00', '2:30', '0:00', '2:30', '9101363', 3, 1, 1, 1, 1, 2, '	MALA CALIDAD DE ENERGÍA	 ', NULL, NULL),
	(312, '	TA1604', 'EL BANCHERO', '-9.11727778', '-78.52235', 'Av. Brasil Cdra 7. Nuevo Chimbote', 212, 17, 33, 2, 1, 1, '	1:30', '1:15', 'SOLO BTS', '1:30', '0:00', '1:30', '61290373', 1, 1, 1, 8, 1, 1, '', NULL, NULL),
	(313, '	TJ5157', 'EL BOSQUE', '-8.11247', '-79.00328', 'MZ N LOTE 1 PUEBLO JOVEN EL BOSQUE', 325, 25, 15, 1, 1, 1, '	1:30', '4:00', 'PENDIENTE', '0:30', '0:00', '0:30', '47532607', 1, 1, 1, 1, 1, 1, '', NULL, NULL),
	(314, '	TJ5099', 'EL CALVARIO', '-7.8635', '-77.9822', 'CALLE MANUEL HERNANDEZ 657 - ESPALDA DE COMISARIA. CURGOS. SANCHEZ CARRION. LA LIBERTAD', 99, 141, 13, 1, 1, 2, '	3:00', '10:00', 'PENDIENTE', '2:00', '1:00', '3:00', '61608830', 1, 1, 1, 1, 1, 2, '	ZONA DE DIFICIL ACCESO, ZONA DE CONSTANTES DESCARGAS ATMOSFÉRICAS, RUTA DE CONSTANTES DESLIZAMIENTOS	 ', NULL, NULL),
	(315, '	TM5579', 'EL CHIDO', '-5.84486', '-77.98886111', 'SECTOR CURQUINGO', 109, 149, 13, 8, 1, 3, '	1:30', '5:00', '5:00', '1:00', '0:00', '1:00', '36372962', 4, 1, 1, 1, 1, 1, '	ESTACIÓN CON DIFÍCIL ACCESO/CONSTANTES PROBLEMAS CLIMATOLÓGICOS (LLUVIAS)	 ', NULL, NULL),
	(316, '	TP6131', 'EL CHIPE', '-5.170972264', '-80.63047237', 'CALLE LAS MARGARITAS  LOTE 06 MZNA. H2° ETAPA. 2° PARTE URB. STA. MARIA DEL PINAR', 242, 15, 20, 9, 1, 1, '	1:30', '4:00', 'SOLO BTS', '0:20', '0:00', '0:20', '36372962', 3, 1, 1, 5, 1, 1, '	PROBLEMAS CON POBLACIÓN	 ', NULL, NULL),
	(317, '	TJ5173', 'EL CORTIJO TRUJILLO', '-8.101305578', '-79.04663892', 'AV. MANSICHE 1885', 325, 25, 9, 1, 1, 1, '	1:30', '8:30', 'PENDIENTE', '0:40', '0:00', '0:40', '54897199', 1, 1, 1, 1, 1, 1, '', NULL, NULL),
	(318, '	TJ6459', 'EL CRUCE', '-8.012853', '-79.066928', 'CALLE DEAN SAAVEDRA MZ 2 LT 8 AAHH EL MILAGRO', 122, 40, 33, 1, 1, 1, '	1:30', '2:20', 'SOLO BTS', '0:40', '0:00', '0:40', '63124166', 1, 1, 1, 1, 1, 1, '', NULL, NULL),
	(319, '	TJ18705', 'EL EDEN', '-7.898375', '-77.946705', 'INMUEBLE DENOMINADO LA TUNA CASERIO EL EDEN', 298, 150, 33, 1, 1, 2, '	6:00', '30:00', 'SOLO BTS', '1:00', '0:50', '1:50', '60370620', 1, 2, 1, 3, 1, 1, '', NULL, NULL),
	(320, '	TJ5110', 'GOLF TRUJILLO', '-8.140416708', '-79.03950002', 'AV 28 DE JULIO 840 AA.HH. HUAMAN', 336, 124, 31, 1, 1, 1, '	1:30', '0:30', 'SOLO BTS', '0:30', '0:00', '0:30', '47094765', 1, 1, 1, 5, 1, 1, '	ACCESO EN HORARIOS DEFINIDOS, ', NULL, NULL),
	(321, '	TC5853', 'EL INCA', '-7.158666714', '-78.51388902', 'AV. MARIO URTEAGA N° 365-367', 348, 7, 2, 5, 1, 2, '	1:30', '4:00', 'SOLO BTS', '0:20', '0:00', '0:20', '45660958', 1, 1, 1, 1, 1, 1, '', NULL, NULL),
	(322, '	TP5271', 'EL INDIO', '-5.223411', '-80.621419', 'CL JAZMINES CON CL MARGARITA AH EL INDIO MZ XI (POSTE)', 47, 19, 33, 9, 1, 1, '	1:30', '2:00', 'SOLO BTS', '0:20', '0:15', '0:35', '16954389', 3, 1, 1, 1, 1, 1, '', NULL, NULL),
	(323, '	TC18710', 'EL INFIERNILLO', '-7.2928286', '-77.98032', 'JOSE SABOGAL. SAN MARCOS. CAJAMARCA', 150, 151, 33, 5, 1, 2, '	3:00', '', 'SOLO BTS', '4:00', '0:00', '4:00', 'S/N', 10, 2, 1, 3, 1, 3, '', NULL, NULL),
	(324, '	TT5515', 'EL LECHUGAL', '-3.613822', '-80.197489', 'CASERIO EL LECHUGAL MZ I LT 05', 231, 152, 33, 4, 1, 1, '	1:30', '4:00', 'SOLO BTS', '1:00', '0:00', '1:00', '16472880', 3, 1, 1, 1, 1, 1, '', NULL, NULL),
	(325, '	TJ5160', 'EL LIBERTADOR', '-8.110583375', '-79.02883336', 'JR. ORBEGOSO 373', 348, 25, 2, 1, 1, 1, '	1:30', '6:30', 'SOLO BTS', '0:30', '0:40', '1:10', '47499772', 1, 1, 1, 5, 1, 1, '', NULL, NULL),
	(326, '	TC5899', 'EL LIRIO', '-6.603777905', '-78.56550014', 'PREDIO LINARES - LA CASETA. CASERIO EL LIRIO. CENTRO POBLADO MENOR LAUPELANCHE', 75, 95, 13, 10, 1, 2, '	1:30', '2:00', 'PENDIENTE', '1:00', '1:00', '2:00', '35537709', 5, 1, 1, 1, 1, 1, '	CAMINO EMPINADO Y ROCOSO. PAGOS POR PASES. FUERTES VIENTOS Y NEBLINA. CONSTANTES DESCARGAS ATMOSFÉRICAS. A PARTIR DE LAS 6:00 PM, LAS RONDAS CAMPESINAS NO PERMITEN EL TRABAJO.	 ', NULL, NULL),
	(327, '	TC5926', 'EL MAESTRO', '-7.145750052', '-78.52475012', 'JR. ANGAMOS N° 1221 LOTE 8 MZ I LOTIZACION SAN CARLOS BARRIO CHONTAPACCHA', 32, 7, 33, 5, 1, 2, '	1:30', '3:00', 'SOLO BTS', '0:30', '0:00', '0:30', '59190020', 1, 1, 1, 1, 1, 1, '', NULL, NULL),
	(328, '	TJ6079', 'EL MANDARIN', '-8.136219', '-79.048947', 'AV VICTOR LARCO CDRA 9 (POSTE EN VÍA PÚBLICA)', 336, 124, 33, 1, 1, 1, '	1:30', '2:00', 'SOLO BTS', '0:30', '0:00', '0:30', '64342992', 1, 1, 1, 1, 1, 1, '', NULL, NULL),
	(329, '	TA5336', 'EL ONUR', '-8.554167', '-77.63175', 'JR 9 DE ENERO S/N', 304, 153, 13, 3, 1, 2, '	7:30', '3:18', 'PENDIENTE', '7:00', '0:00', '7:00', '62148898', 1, 1, 1, 1, 1, 1, '', NULL, NULL),
	(330, '	TJ5223', 'EL ORACULO', '-8.056444467', '-79.07233336', 'AV. JOSE FAUSTINO SANCHEZ CARRION MZ.L13 LT.03. SECTOR VIRGEN DEL SOCORRO', 156, 2, 31, 1, 1, 1, '	1:30', '4:00', 'SOLO BTS', '1:00', '0:00', '1:00', '58246669', 1, 1, 1, 1, 1, 1, '', NULL, NULL),
	(331, '	TJ5075', 'EL PACIFICO', '-7.349361111', '-79.45555556', 'CL ALFONSO UGARTE CUADRA 8 ALT KM 693 P NORTE', 271, 67, 33, 1, 1, 1, '	1:30', '3:10', 'SOLO BTS', '2:30', '0:00', '2:30', '60649015', 1, 1, 1, 1, 1, 1, '', NULL, NULL),
	(332, '	TC0759', 'EL PERDIDO', '-7.161738', '-78.507528', 'PJ JAEN 165 URB RAMON CASTILLA', 32, 7, 33, 5, 1, 2, '	1:30', '', 'SOLO BTS', '0:30', '0:00', '0:30', 'S/N', 6, 1, 1, 2, 1, 1, '', NULL, NULL),
	(333, '	TA1394', 'EL PESQUERO', '-9.117738889', '-78.55813889', 'AV PESCADORES MZ E LT E1 SECTOR INDUSTRIAL 27 DE OCTUBRE', 66, 17, 33, 2, 1, 1, '	1:30', '2:00', 'SOLO BTS', '1:30', '0:00', '1:30', '63536982', 1, 1, 1, 1, 1, 1, '', NULL, NULL),
	(334, '	TA5655', 'EL PINAR', '-9.512611236', '-77.51555569', 'Zona de antenas - Urb. El Pinar', 139, 71, 6, 3, 1, 2, '	1:30', '8:00', 'PENDIENTE', '0:45', '0:00', '0:45', '64469015', 1, 1, 1, 2, 1, 2, '	ACCESO CONTROLADO POR ANTAMINA	 ', NULL, NULL),
	(335, '	TJ5151', 'EL PORVENIR', '-8.076055588', '-79.00108334', 'JR. JOSE DE LA RIVA AGÜERO 613', 102, 22, 33, 1, 1, 1, '	1:30', '1:10', 'SOLO BTS', '0:40', '0:00', '0:40', '54869873', 1, 1, 1, 1, 1, 1, '', NULL, NULL),
	(336, '	TP6134', 'EL POTRERO', '-4.57163889', '-81.2701667', 'AV SAN PEDRO CON CL SAN PEDRO. PARIÑAS. TALARA. PIURA', 233, 21, 33, 9, 1, 1, '	2:00', '5:00', 'SOLO BTS', '2:00', '0:00', '2:00', '15801732', 3, 1, 1, 1, 1, 1, '', NULL, NULL),
	(337, '	TC5915', 'EL PRADO', '-7.04703', '-79.05344', 'CERRO LA ORTIEGA', 332, 154, 13, 7, 1, 2, '	4:30', '9:00', 'PENDIENTE', '4:00', '0:00', '4:00', '61203251', 1, 1, 1, 1, 1, 2, '	DERRUMBES EN EPOCA DE LLUVIA	 ', NULL, NULL),
	(338, '	TA3774', 'EL PROGRESO', '-9.062394', '-78.583919', 'JR PANAMARCA S/N URB LADERAS DEL NORTE', 66, 17, 33, 2, 1, 1, '	1:30', '4:30', 'SOLO BTS', '1:30', '0:00', '1:30', '62985741', 1, 1, 1, 1, 1, 1, '', NULL, NULL),
	(339, '	TC6405', 'EL QUINDE', '-7.15008', '-78.50878', 'AV. HOYOS RUBIO 714. BARRIO PUEBLO NUEVO. DIST: CAJAMARCA. PROV: CAJAMARCA. DEP: CAJAMARCA', 32, 7, 33, 5, 1, 2, '	1:30', '', 'SOLO BTS', '0:20', '0:00', '0:20', '59190049', 1, 1, 1, 2, 1, 1, '', NULL, NULL),
	(340, '	TP6268', 'EL RANCHO', '-4.903139075', '-80.72513905', 'C.P. / PARC. PREDIO SECTOR CHIRA 2-C', 313, 24, 33, 9, 1, 1, '	1:30', '0:00', 'SOLO BTS', '0:40', '0:00', '0:40', '15278459', 3, 1, 1, 1, 1, 1, '', NULL, NULL),
	(341, '	TJ5181', 'EL RECREO', '-8.124250039', '-79.0309167', 'MZ. R. LT. 03. PASAJE 20. UR . MONSERRATE IV ETAPA', 325, 25, 33, 1, 1, 1, '	1:30', '1:00', 'SOLO BTS', '0:40', '0:00', '0:40', '58636726', 1, 1, 1, 5, 1, 1, '', NULL, NULL),
	(342, '	TJ1449', 'EL REFUGIO', '-7.8177', '-78.0363', '', 118, 134, 33, 1, 1, 2, '	4:30', '', 'SOLO BTS', '', '', '0:00', '60590366', 1, 7, 1, 1, 1, 1, '', NULL, NULL),
	(343, '	TC1121', 'EL REJO', '-5.430531', '-78.989389', '', 154, 155, 13, 6, 1, 3, '	2:30', '2:00', 'SOLO BTS', '2:30', '', '2:30', '36420917', 4, 1, 1, 1, 1, 2, '', NULL, NULL),
	(344, '	TJ5728', 'EL ROCIO', '-8.593111', '-78.59219', 'PAMPAS LAS DUNAS', 58, 106, 13, 1, 1, 1, '	1:30', '5:00', 'PENDIENTE', '1:00', '0:40', '1:40', 'S/N', 24, 1, 1, 1, 1, 1, '', NULL, NULL),
	(345, '	TC6414', 'EL TAMBO BAMBAMARCA', '-6.78961128', '-78.47608345', 'SECTOR DEL VALLE DE PASHGOLPATA', 18, 44, 13, 10, 1, 2, '	3:00', '3:40', 'SOLO BTS', '2:30', '1:00', '3:30', '29370663', 5, 1, 1, 1, 1, 1, '	TROCHA INESTABLE, PRESENCIA DE FANGOS, HUMEDALES, DERRUMBES Y TRAMOS DE CARRETERA CAÍDOS Y SIN MANTENIMIENTO. COMUNEROS NO PERMITEN EL TRABAJO DESDE LAS 6:00 PM.	 ', NULL, NULL),
	(346, '	TC3464', 'EL TINGO SECTOR 3', '-6.727611', '-78.623444', 'CASERIO EL TINGO CERRO LA FALDA DE LIPIA', 116, 30, 33, 10, 1, 2, '	1:30', '17:00', 'SOLO BTS', '3:30', '0:00', '3:30', '37828358', 5, 1, 1, 4, 1, 1, '', NULL, NULL),
	(347, '	TJ3786', 'EL TORO', '-8.279705', '-78.239196', 'CERRO SUYARIDA', 294, 156, 13, 1, 1, 2, '	6:00', '3:30', 'PENDIENTE', '5:00', '0:00', '5:00', '61986299', 1, 1, 1, 1, 1, 2, '', NULL, NULL),
	(348, '	TJ5216', 'ELECTRA TRUJILLO', '-8.082916713', '-79.00236112', 'JR. JOSE OLAYA N° 1247', 102, 22, 2, 1, 1, 1, '	1:30', '0:40', 'SOLO BTS', '0:40', '0:00', '0:40', '57980922', 1, 1, 1, 1, 1, 1, '', NULL, NULL),
	(349, '	TA3821', 'ELIAS RONDO', '-9.129861111', '-78.49569444', 'MZ A LT 5 # A AH H LOS CONQUISTADORES', 212, 17, 33, 2, 1, 1, '	1:30', '2:00', 'SOLO BTS', '1:45', '0:00', '1:45', '61874793', 1, 1, 1, 1, 1, 1, '', NULL, NULL),
	(350, '	TJ5338', 'EMTRAFESA P1', '-8.115139', '-79.030447', '', 325, 25, 12, 1, 1, 1, '	1:30', '', 'SOLO BTS', '0:30', '0:00', '0:30', '59320798', 1, 6, 1, 2, 1, 1, '', NULL, NULL),
	(351, '	TP6279', 'ENACE', '-4.45597', '-81.19331', 'CERRETERA PIURA - TUMBES KM. 90', 233, 21, 6, 9, 1, 1, '	2:30', '6:00', 'PENDIENTE', '2:30', '0:20', '2:50', 'S/N', 18, 1, 1, 1, 1, 5, '', NULL, NULL),
	(352, '	TA5778', 'ENTRADA HUARAZ', '-9.535250111', '-77.53591678', 'Ciudad de Huaraz (frente de mercado Challhua)', 348, 28, 15, 3, 1, 2, '	2:50', '9:45', 'PENDIENTE', '0:45', '0:00', '0:45', '52812011', 1, 1, 1, 2, 1, 1, '	CONSTANTES DESCARGAS ELÉCTRICAS, LLUVIAS, FALLAS CON EL CONCESIONARIO ELECTRÍCO	 ', NULL, NULL),
	(353, '	TJ5168', 'ENTRADA LAREDO', '-8.089277806', '-78.96447244', 'AV. JOSE IGNACIO CHUPITEA S/N. SECTOR LA LAMEDA', 168, 75, 13, 1, 1, 1, '	1:30', '4:00', 'PENDIENTE', '0:50', '0:00', '0:50', '55039006', 1, 1, 1, 1, 1, 1, '', NULL, NULL),
	(354, '	TL0514', 'ENTRADA OLMOS', '-5.987483', '-79.745919', 'CL TARATA S/N CON CL SANTO DOMINGO (TORRE AMERICAN TOWER)', 215, 69, 33, 7, 1, 1, '	2:30', '', 'SOLO BTS', '', '', '0:00', '37434380', 49, 1, 1, 1, 1, 1, '', NULL, NULL),
	(355, '	TJ5233', 'ENTRADA SOL Y LUNA', '-8.152611146', '-79.01047224', 'EL ROSARIO UC 03517', 196, 157, 2, 1, 1, 1, '	1:30', '4:00', 'SOLO BTS', '0:40', '0:00', '0:40', '59989435', 1, 1, 1, 1, 1, 1, '', NULL, NULL),
	(356, '	TP5325', 'ESCADA', '-5.099356', '-80.109694', 'AH ALEJANDRO TORRES VEGA MZ A LT 12A (ALT AV PROGRESO)', 226, 158, 33, 9, 1, 1, '	1:30', '5:00', 'SOLO BTS', '0:30', '0:00', '0:30', '16960813', 3, 1, 1, 1, 1, 1, '', NULL, NULL),
	(357, '	TL3307', 'ESCRITORES', '-6.764661', '-79.864103', 'AV HERNAN MEINER MZ H LT 23 PUEBLO JOVEN JORGE BASADRE', 63, 23, 33, 7, 1, 1, '	1:30', '2:45', 'SOLO BTS', '0:20', '0:00', '0:20', '38211586', 5, 1, 1, 1, 1, 1, '', NULL, NULL),
	(358, '	TC18874', 'ESLABON', '-7.108964', '-78.647222', 'CP LLULLAPUQUIO. CHETILLA. CAJAMARCA. CAJAMARCA', 61, 110, 33, 5, 1, 2, '	2:30', '20:00', 'SOLO BTS', '', '', '0:00', 'S/N', 6, 2, 1, 3, 1, 1, '', NULL, NULL),
	(359, '	TJ5152', 'ESPERANZA BAJA', '-8.084694464', '-79.03530557', 'MANUEL CEDEÑO 572 - PUEBLO JOVEN BELLA VISTA', 156, 2, 33, 1, 1, 1, '	1:30', '2:40', 'SOLO BTS', '0:40', '0:00', '0:40', '47505163', 1, 1, 1, 1, 1, 1, '', NULL, NULL),
	(360, '	TP5621', 'ESTACION BASE', '-5.187279', '-80.64101', 'AV SANCHEZ CERRO 228 LT 3 ZONA INDUSTRIAL', 242, 15, 32, 9, 1, 1, '	1:30', '6:30', 'SOLO BTS', '0:20', '0:00', '0:20', '05776574', 3, 1, 1, 5, 1, 1, '', NULL, NULL),
	(361, '	TP6295', 'ESTADIO PIURA', '-5.19333339', '-80.61986124', 'AV. CAYETANO HEREDIA ESQUINA CON AV. GUARDIA CIVIL', 348, 19, 31, 9, 1, 1, '	1:30', '8:00', 'SOLO BTS', '0:20', '0:00', '0:20', '5811744', 3, 1, 1, 5, 1, 1, '', NULL, NULL),
	(362, '	TP6343', 'ESTADIO SULLANA', '-4.891777971', '-80.6766946', 'CALLE APURIMAC N° 214', 21, 8, 33, 9, 1, 1, '	1:30', '1:40', 'SOLO BTS', '0:40', '0:00', '0:40', '11158710', 3, 1, 1, 1, 1, 1, '	 ZONA DE ALTO RIESGO PERSONAL (ROBO)	 ', NULL, NULL),
	(363, '	TL6231', 'ETEN PUEBLO', '-6.913981', '-79.866542', '', 105, 159, 33, 7, 1, 1, '	1:30', '0:02', 'SOLO BTS', '0:30', '0:00', '0:30', '38485016', 5, 1, 1, 1, 1, 1, '', NULL, NULL),
	(364, '	TJ1712', 'EXPLANADA HUANCHACO', '-8.093444', '-79.115583', 'AV LA MARINA 192 LOMAS II', 348, 40, 33, 1, 1, 1, '	1:30', '4:00', 'SOLO BTS', '0:30', '0:00', '0:30', '62340415', 1, 1, 1, 2, 1, 1, '', NULL, NULL),
	(365, '	TJ5091', 'FACLO', '-7.279694524', '-79.48794455', 'PANAMERICANA NORTE KM 683.5', 111, 123, 3, 1, 1, 1, '	2:30', '', '3 horas', '2:40', '1:30', '4:10', 'S/N', 19, 1, 1, 1, 1, 2, '', NULL, NULL),
	(366, '	TP6258', 'FAIQUE', '-5.387972308', '-79.58400012', 'CERRO LA VIUDA', 282, 160, 33, 9, 1, 2, '	3:30', '3:30', 'SOLO BTS', '2:30', '0:00', '2:30', '10180083', 3, 1, 1, 1, 1, 1, '	ESTACIÓN CON DIFÍCIL ACCESO	 ', NULL, NULL),
	(367, '	TL5993', 'FEDERICO VILLAREAL LAMBAYEQUE', '-6.70606', '-79.9115', 'ENTRE LA CALLE ATAHUALPA Y LA CALLE 8 DE OCTUBRE', 166, 161, 33, 7, 1, 1, '	1:30', '3:30', 'SOLO BTS', '0:40', '0:00', '0:40', '27609948', 5, 1, 1, 8, 1, 1, '', NULL, NULL),
	(368, '	TT6492', 'FERNANDO BELAUNDE', '-3.56372236', '-80.42283343', 'AV. JUAN PABLO II MZ S LOTE 01-02', 329, 5, 33, 4, 1, 1, '	2:00', '2:00', 'SOLO BTS', '0:20', '0:00', '0:20', '15691087', 3, 1, 1, 2, 1, 1, '', NULL, NULL),
	(369, '	TL5945', 'FERREÑAFE', '-6.636944578', '-79.79361129', 'JR ARICA 401', 249, 162, 18, 7, 1, 1, '	1:30', '3:00', 'PENDIENTE', '0:40', '0:00', '0:40', '26860590', 5, 1, 1, 1, 1, 1, '', NULL, NULL),
	(370, '	TA3676', 'FERROL', '-9.06275', '-78.6214944', '', 348, 17, 33, 2, 1, 1, '	2:00', '0:00', 'SOLO BTS', '1:00', '0:30', '1:30', '49528980', 1, 7, 1, 1, 1, 1, '', NULL, NULL),
	(371, '	TJ5374', 'FLORENCIA ALTA', '-8.0683', '-79.0246', 'LT 9 MZ LL AAHHALTO TRUJILLO BARRIO 2 SECTOR T3', 102, 22, 33, 1, 1, 1, '	1:30', '5:00', 'SOLO BTS', '0:40', '0:00', '0:40', '60291779', 1, 1, 1, 1, 1, 1, '', NULL, NULL),
	(372, '	TC5897', 'FONAVI II', '-7.148666724', '-78.50386122', 'JR. MARIANO IBERICO LT.12 MZ.B. UR . HORACIO ZEVALLOS', 32, 7, 2, 5, 1, 2, '	1:30', '3:30', 'SOLO BTS', '0:20', '0:10', '0:30', '45857891', 1, 1, 1, 1, 1, 1, '', NULL, NULL),
	(373, '	TP6175', 'FRIAS', '-4.924472421', '-79.9163891', 'CERRO MIRADOR - PREDIO EL LANCHE', 110, 163, 33, 9, 1, 2, '	2:30', '3:30', 'SOLO BTS', '3:00', '0:00', '3:00', '10192594', 3, 1, 1, 1, 1, 1, '	ESTACIÓN CON DIFÍCIL ACCESO/CORTES CONSTANTES	 ', NULL, NULL),
	(374, '	TJ5285', 'FUNDO ACP', '-7.068605', '-79.558935', 'KM 734 PANAMERICANA NORTE. FUNDO CERRO PRIETO', 221, 164, 33, 7, 1, 1, '	2:00', '', 'SOLO BTS', '1:30', '', '1:30', 'S/N', 25, 1, 1, 1, 1, 1, '', NULL, NULL),
	(375, '	TJ1843', 'FUNDO COMPOSITAN', '-8.506886', '-78.794525', 'CA LAREDO FUNDO COMPOSITAN', 337, 70, 33, 1, 1, 1, '	3:00', '1:00', 'SOLO BTS', '1:00', '', '1:00', 'S/N', 26, 1, 1, 1, 1, 1, '', NULL, NULL),
	(376, '	TJ5104', 'GALERIAS', '-8.111638932', '-79.02605558', 'CALLE GAMARRA 580 / ESQUINA JR. BOLIVAR', 348, 25, 15, 1, 1, 1, '	1:30', '2:00', 'SOLO BTS', '0:30', '0:00', '0:30', '60092200', 1, 1, 1, 1, 1, 1, '	ACCESO EN HORARIOS DEFINIDOS, DIFICULTAD SABADOS Y DOMINGOS	 ', NULL, NULL),
	(377, '	TC5894', 'GALLITO CIEGO', '-7.239527837', '-79.2359445', 'CERRO LAS VIEJAS - PARTE ALTA DEL CEMENTERIO PAY PAY. DENTRO DE LOS DOMINIOS DE LA CC TRINIDAD', 342, 165, 33, 1, 1, 2, '	2:30', '17:00', 'SOLO BTS', '3:00', '0:30', '3:30', '61965065', 1, 1, 1, 1, 1, 1, '	ZONA DE DIFICIL ACCESO, CORTES CONSTANTES, TIEMPO DE ACARREO SIN PESO 1 HORA, RUTA CON RIESGO DE ASALTO POR LAS NOCHES	 ', NULL, NULL),
	(378, '	TJ2458', 'GANDA', '', '', '', 289, 166, 13, 1, 1, 2, '	9:00', '4:00', 'SOLO BTS', '5:00', '0:30', '5:30', '64753085', 1, 7, 1, 1, 1, 1, '', NULL, NULL),
	(379, '	TA1606', 'GARATEA', '-9.110277778', '-78.50844444', 'URB POPULAR BELLA MAR SECTOR IV 2DA ETAPA  MZ A3 LT 8', 212, 17, 33, 2, 1, 1, '	1:30', '6:00', 'SOLO BTS', '1:45', '', '1:45', '60877932', 1, 1, 1, 1, 1, 1, '', NULL, NULL),
	(380, '	TT6302', 'GENERAL MORZAN', '-3.561583467', '-80.44569456', 'UR . VISTA DEL VALLE. PP.JJ. SAN NICOLAS. SECTOR PILAR NORES DE GARCIA', 329, 5, 6, 4, 1, 1, '	1:30', '1:10', 'PENDIENTE', '0:20', '0:00', '0:20', '6645871', 3, 1, 1, 2, 1, 2, '', NULL, NULL),
	(381, '	TC5879', 'GOLD FIELDS LA CIMA', '-6.765191847', '-78.62610848', 'MINERA GOLDFIELDS. CAMPAMENTO LA CIMA', 116, 30, 33, 5, 1, 2, '	2:30', '', 'SOLO BTS', '3:00', '0:00', '3:00', 'S/N', 27, 1, 1, 6, 1, 1, '', NULL, NULL),
	(382, '	TJ5201', 'GRAN CHIMU TRUJILLO', '-8.084194463', '-79.03963891', 'CALLE BAQUIJANO Y CARRILLO N° 1026. SECTOR CENTRAL B2 MZ.16', 156, 2, 2, 1, 1, 1, '	1:30', '5:00', 'SOLO BTS', '0:40', '0:00', '0:40', '55098016', 1, 1, 1, 1, 1, 1, '', NULL, NULL),
	(383, '	TP6132', 'GRAU', '-5.196250063', '-80.6270557', 'AV. GRAU CDRA. 1. EDIFICIO BANCO DE CREDITO. PLAZA DE ARMAS', 242, 15, 2, 9, 1, 1, '	1:30', '', 'SOLO BTS', '0:20', '0:00', '0:20', '5643489', 3, 1, 1, 5, 1, 1, '	ESTACIÓN CON DIFÍCIL ACCESO	 ', NULL, NULL),
	(384, '	TJ5144', 'GUADALUPE', '-7.238805613', '-79.46716676', 'CL CIRO ALEGR#A MZ  L  LT 28 - URB EL MOLINO', 111, 123, 31, 1, 1, 1, '	2:30', '2:00', 'SOLO BTS', '2:30', '0:00', '2:30', '48292757', 1, 1, 1, 2, 1, 1, '', NULL, NULL),
	(385, '	TJ0489', 'GUADALUPITO ALTO', '-8.93975', '-78.631389', 'CP MENOR CAMPO NUEVO MZ W LT 1', 112, 135, 33, 1, 1, 1, '	2:30', '3:00', 'SOLO BTS', '', '', '0:00', '62218938', 1, 1, 1, 1, 1, 1, '', NULL, NULL),
	(386, '	TP1214', 'GUARAGUAOS ALTO', '-4.9065', '-80.204472', 'CERRO SN', 317, 136, 33, 9, 1, 1, '	2:00', '1:40', 'SOLO BTS', '', '', '0:00', '16959367', 3, 1, 1, 1, 1, 1, '', NULL, NULL),
	(387, '	TJ5131', 'GUZMAN BARRON', '-8.107333368', '-79.01411114', 'CALLE GUZMAN BARRON MZ.A1. LT.6', 325, 25, 33, 1, 1, 1, '	1:30', '4:00', 'SOLO BTS', '0:30', '0:30', '1:00', '47476689', 1, 1, 1, 1, 1, 1, '', NULL, NULL),
	(388, '	TC5906', 'GUZMANGO', '-7.37368', '-78.8865', 'AMANCHALOC. GUZMANGO. CONTUMAZA. CAJAMARCA', 113, 167, 15, 1, 1, 2, '	3:00', '6:30', '50:00', '5:00', '0:00', '5:00', '58806129', 1, 1, 1, 1, 1, 1, '	ZONA DE DIFICIL ACCESO, ZONA DE CONSTANTES DESCARGAS ATMOSFÉRICAS, RUTA DE CONSTANTES DESLIZAMIENTOS, SI LLUEVE FUERTE NO HAY PASE	 ', NULL, NULL),
	(389, '	TM5747', 'HAYA DE LA TORRE', '-5.763378', '-78.451867', '', 348, 43, 33, 8, 1, 3, '	2:30', '0:00', 'SOLO BTS', '', '', '0:00', '70490', 12, 7, 1, 1, 1, 1, '', NULL, NULL),
	(390, '	TJ5145', 'HERMILIO VALDIZAN', '-8.097083378', '-79.02313891', 'AV. SALVADOR LARA 1133', 325, 25, 16, 1, 1, 1, '	1:30', '4:30', 'SOLO BTS', '0:30', '0:00', '0:30', '47493572', 1, 1, 1, 1, 1, 1, '', NULL, NULL),
	(391, '	TJ5050', 'HIGGINS', '-8.071972', '-79.048917', 'AV TAHUANTINSUYO CON CL PIO MONTUFAR 184', 156, 2, 33, 1, 1, 1, '	1:30', '1:30', 'SOLO BTS', '0:40', '0:00', '0:40', '62163938', 1, 1, 1, 2, 1, 1, '', NULL, NULL),
	(392, '	TC2261', 'HIPOLITO UNANUE', '-5.712756', '-78.803478', 'CL ALFREDO BUSTOS 345', 140, 168, 33, 6, 1, 2, '	1:30', '0:30', 'SOLO BTS', '0:20', '0:20', '0:40', '90762425', 4, 1, 1, 1, 1, 1, '', NULL, NULL),
	(393, '	TA18646', 'HONUHUANAY', '-8.88875', '-77.21042', 'CENTRO POBLADO PUMBA - COMUNIDAD CAMPESINA SAN JUAN BAUTISTA. ELEAZAR OLIVAS ESCUDERO. MARISCAL LUZURIAGA. ANCASH', 103, 169, 33, 3, 1, 2, '	7:30', '5:40', 'SOLO BTS', '10:00', '0:00', '10:00', '58683207', 1, 2, 1, 3, 1, 1, '	CONSTANTES CORTES, DESLIZAMIENTOS, DESCARGAS ELÉCTRICAS, LLUVIAS, FALLAS CON EL CONCESIONARIO ELECTRÍCO, RUTA ACCIDENTADA	 ', NULL, NULL),
	(394, '	TP3241', 'HOSPITAL APOYO', '-4.895519', '-80.691219', 'AV EDUARDO VASQUEZ CDRA 2', 313, 24, 33, 9, 1, 1, '	2:00', '5:00', 'SOLO BTS', '', '', '0:00', '17269136', 3, 1, 1, 2, 1, 1, '', NULL, NULL),
	(395, '	TP5416', 'HOSPITAL CAYETANO HEREDIA', '-5.18741', '-80.6214', '', 47, 15, 33, 9, 1, 1, '	1:30', '4:00', 'SOLO BTS', '0:30', '0:00', '0:30', '16495464', 3, 7, 1, 7, 1, 1, '', NULL, NULL),
	(396, '	TT6366', 'HOSPITAL JAMO', '-3.573', '-80.421278', 'AV FERNANDO BELAUNDE TERRY S/N MZ H LT 24 PULLANGO', 329, 5, 33, 4, 1, 1, '	2:00', '8:00', 'SOLO BTS', '0:30', '0:00', '0:30', '16869152', 3, 1, 1, 2, 1, 1, '', NULL, NULL),
	(397, '	TJP52134', 'HOSPITAL JERUSALEN P1', '', '', 'CL S/N (PERPENDICULA CL SANTA MARIA FRENTE A HOSTIPAL JERUSA', 156, 2, 12, 1, 1, 1, '	1:30', '', 'SOLO BTS', '0:30', '0:00', '0:30', '63340797', 1, 6, 1, 12, 1, 1, '', NULL, NULL),
	(398, '	TJ5188', 'HOSPITAL LAZARTE', '-8.10038891', '-79.01461114', 'AV PERU 1198 C', 325, 25, 33, 1, 1, 1, '	1:30', '6:20', 'SOLO BTS', '0:30', '0:00', '0:30', '55027177', 1, 1, 1, 1, 1, 1, '', NULL, NULL),
	(399, '	TP1462', 'CASA ANDINA TALARA', '-4.576767', '-80.27695', '', 233, 21, 33, 9, 1, 1, '	2:00', '1:00', 'SOLO BTS', '2:00', '0:00', '2:00', '17000140', 3, 1, 1, 1, 1, 1, '', NULL, NULL),
	(400, '	TT6337', 'HOTEL CASA ANDINA TUMBES', '-3.711164051', '-80.72499183', 'PANAMERICANA NORTE KM 1232 BOCAPAN - HOTEL TERRAZAS DE BOCAPAN', 347, 59, 33, 4, 1, 1, '	2:00', '', 'SOLO BTS', '1:00', '0:00', '1:00', 'S/N', 17, 1, 1, 1, 1, 1, '', NULL, NULL),
	(401, '	TC5020', 'HOTSPOT CC EL QUINDE', '-7.149', '-78.50996', 'HOYOS RUBIO CDRAS 7. CAJAMARCA. CAJAMARCA. CAJAMARCA', 32, 7, 33, 5, 1, 2, '	1:30', '0:20', 'SOLO BTS', '0:20', '0:00', '0:20', '', 49, 4, 1, 1, 1, 1, '', NULL, NULL),
	(402, '	TC5019', 'HUACA LOMA', '-7.1720556', '-78.50063899', 'AV. SAN MARTIN DE PORRES 1118. BARRIO SAN MARTIN DE PORRES', 32, 7, 33, 5, 1, 2, '	1:30', '2:30', 'SOLO BTS', '0:20', '0:00', '0:20', '60312529', 1, 1, 1, 1, 1, 1, '', NULL, NULL),
	(403, '	TP18037', 'HUACAS ALTO', '-4.820953', '-79.868006', '', 164, 35, 33, 9, 1, 2, '	4:30', '14:00', 'SOLO BTS', '', '', '0:00', '15988177', 3, 2, 1, 3, 1, 1, '', NULL, NULL),
	(404, '	TA5807', 'HUACCHIS', '-9.192166721', '-76.78877795', 'SECTOR KANTUJILCA - COMUNIDAD CAMPESINA DE HUACCHIS', 114, 170, 33, 3, 1, 2, '	9:00', '5:00', 'SOLO BTS', '8:00', '0:30', '8:30', '51890962', 1, 1, 1, 3, 1, 1, '	CONSTANTES CORTES, DESLIZAMIENTOS, DESCARGAS ELÉCTRICAS, LLUVIAS, FALLAS CON EL CONCESIONARIO ELECTRÍCO, RUTA ACCIDENTADA	 ', NULL, NULL),
	(405, '	TA6444', 'HUACHIS', '-9.414583', '-77.11808', 'Ciudad de Huachis (junto al tanque de agua)', 115, 171, 33, 3, 1, 2, '	6:00', '1:30', 'SOLO BTS', '5:00', '1:00', '6:00', '70251024', 1, 1, 1, 1, 1, 1, '	CONSTANTES CORTES, DESLIZAMIENTOS, DESCARGAS ELÉCTRICAS, LLUVIAS, FALLAS CON EL CONCESIONARIO ELECTRÍCO, RUTA ACCIDENTADA	 ', NULL, NULL),
	(406, '	LH3012', 'HUACRACHUCO', '', '', '', 348, 172, 13, 1, 1, 2, '	13:00', '2:00', 'SOLO BTS', '10:00', '0:00', '10:00', '59513533', 1, 1, 1, 1, 2, 1, '	ZONA LEJANA DE DIFICIL ACCESO, ZONA DE CONSTANTES DESCARGAS ATMOSFÉRICAS, RUTA DE CONSTANTES DESLIZAMIENTOS, TIEMPO DE CAMINATA SIN PESO 45 MINUTOS.	 ', NULL, NULL),
	(407, '	TJ2984', 'HUAGUIL', '-7.861222', '-77.776444', 'CP HUAGUIL', 76, 18, 33, 1, 1, 2, '	7:30', '4:00', 'SOLO BTS', '3:00', '0:30', '3:30', 'S/N', 6, 1, 1, 6, 1, 1, '', NULL, NULL),
	(408, '	TC5841', 'HUALGAYOC', '-6.763944622', '-78.60144457', 'QUEBRADA ONDA CUADRATURA', 116, 30, 33, 10, 1, 2, '	2:30', '15:00', 'SOLO BTS', '1:40', '1:00', '2:40', '37341076', 5, 1, 1, 1, 1, 1, '	EL ACCESO ES NEGADO EN HORAS DE LA NOCHE POR PARTE DE LAS RONDAS CAMPESINAS. EXPOSICIÓN A AGRESIÓN FÍSICA. FUERTES LLUVIAS Y DESCARGAS ATMOSFÉRICAS. ZONA DE FUENTES ACUÍFEROS. TEMPERATURAS BAJAS.	 ', NULL, NULL),
	(409, '	TA5773', 'HUALLANCA', '-9.88886', '-76.94119', 'Ciudad de Huallanca (a una cuadra de Vizcarra)', 117, 74, 33, 3, 1, 2, '	4:30', '2:00', 'SOLO BTS', '4:00', '0:00', '4:00', 'S/N', 6, 1, 1, 1, 1, 1, '', NULL, NULL),
	(410, '	TJ5126', 'HUAMACHUCO', '-7.823194621', '-78.04505559', 'CERRO SANTA B#RBARA', 118, 134, 32, 1, 1, 2, '	4:30', '2:00', 'SOLO BTS', '0:00', '0:40', '0:40', 'S/N', 19, 1, 1, 2, 1, 1, '	ZONA DE DIFICIL ACCESO, ZONA DE CONSTANTES DESCARGAS ATMOSFÉRICAS, CAMINATA SIN PESO 30 MINUTOS, ACCESO A LOCALES CO-UBICADOS DEMORA POR PARTE DEL CO OPERADOR	 ', NULL, NULL),
	(411, '	TJ5259', 'HUAMACHUCO CENTRO', '-7.812416852', '-78.05011112', 'JR. ATAHUALPA N° 636. LT.5E  MZ.56 - SECTOR 1 DEL PUEBLO DE HUAMACHUCO', 118, 134, 2, 1, 1, 2, '	4:30', '3:30', 'SOLO BTS', '0:00', '0:40', '0:40', '59109065', 1, 1, 1, 1, 1, 1, '', NULL, NULL),
	(412, '	TJ5272', 'ESTADIO HUAMACHUCO', '-7.817277942', '-78.04697226', 'CA. MIRAFLORES N° 317', 118, 134, 15, 1, 1, 2, '	4:30', '0:40', '12:00', '0:00', '0:40', '0:40', '59563894', 1, 1, 1, 1, 1, 1, '', NULL, NULL),
	(413, '	TJ5189', 'HUAMAN', '-8.130527829', '-79.05380557', 'PROLONGACION HUAMAN LAS PALMERAS DE SAN ANDRES. 5TA ETAPA UNIDAD CATASTRAL N° 10126', 336, 124, 33, 1, 1, 1, '	1:30', '1:00', 'SOLO BTS', '0:30', '0:30', '1:00', '55073616', 1, 1, 1, 1, 1, 1, '', NULL, NULL),
	(414, '	TA5659', 'HUAMANCHACATA', '-9.026944468', '-78.60200012', 'PANAMERICANA NORTE KM.435 (CERRO HUAMANCHACATA)', 82, 3, 13, 2, 1, 1, '	1:30', '8:00', 'PENDIENTE', '1:45', '0:00', '1:45', '49619270', 1, 1, 1, 1, 1, 2, '	ESTACIÓN CON DIFÍCIL ACCESO	 ', NULL, NULL),
	(415, '	TA5354', 'HUAMBACHO', '-9.255889', '-78.4311', 'SECTOR DENOMINADO FUNDO HUAMBACHO ? LA HUACA', 263, 173, 13, 2, 1, 1, '	1:30', '5:00', 'PENDIENTE', '2:00', '0:10', '2:10', '60515782', 1, 1, 1, 1, 1, 1, '', NULL, NULL),
	(416, '	TC4205', 'HUAMBOCANCHA', '-7.12712', '-78.5195', '', 32, 7, 33, 5, 1, 2, '	2:00', '', 'SOLO BTS', '0:45', '', '0:45', '64315995', 1, 7, 1, 2, 1, 1, '', NULL, NULL),
	(417, '	TC6423', 'HUAMBOS', '-6.449694', '-78.969611', 'CERRO LA LOMA - CA CHOTA - HUAMBOS KM 163 TAYACIRCA', 119, 174, 33, 10, 1, 2, '	2:00', '2:00', 'SOLO BTS', '1:30', '0:00', '1:30', 'S/N', 13, 1, 1, 1, 1, 1, '', NULL, NULL),
	(418, '	TP6291', 'HUANCABAMBA', '-5.24264', '-79.46281', 'CERRO CORAZON DE JESUS', 120, 175, 4, 9, 1, 2, '	4:30', '4:30', 'PENDIENTE', '6:00', '0:00', '6:00', '10146420', 3, 1, 1, 1, 1, 2, '	ESTACIÓN CON DIFÍCIL ACCESO EN TEMPORADA DE LLUVIA	 ', NULL, NULL),
	(419, '	TJ5229', 'HUANCASPATA', '-8.4583611', '-77.3028056', 'ALTO COLORADO CON JR. BOLOGNESI - CERCADO. HUANCASPATA. PATAZ. LA LIBERTAD', 121, 176, 33, 1, 1, 2, '	9:00', '1:30', 'SOLO BTS', '15:00', '', '15:00', '59966181', 1, 1, 1, 1, 1, 1, '', NULL, NULL),
	(420, '	TJ5076', 'HUANCHACO', '-8.07722', '-79.11611', 'AV. CERRITO DE LA VIRGEN S/N', 122, 40, 18, 1, 1, 1, '	1:30', '3:00', 'SOLO BTS', '0:50', '0:00', '0:50', '47270746', 1, 1, 1, 1, 1, 1, '	ZONA CON MALA CALIDAD DE ENERGÍA.	 ', NULL, NULL),
	(421, '	TJ5262', 'HUANCHACO CENTRO', '-8.08269449', '-79.12055559', 'CL LOS FICUS 305 HOSPEDAJE MC CALLUM LODGING', 122, 40, 16, 1, 1, 1, '	1:30', '3:00', 'SOLO BTS', '0:50', '0:00', '0:50', '59159370', 1, 1, 1, 1, 1, 1, '', NULL, NULL),
	(422, '	TJ5267', 'HUANCHAQUITO', '-8.096250043', '-79.10322225', 'KM 10 CARRETERA HUANCHAQUITO - ALTO TRUJILLO', 122, 40, 33, 1, 1, 1, '	1:30', '3:00', 'SOLO BTS', '0:40', '0:30', '1:10', '59925090', 1, 1, 1, 1, 1, 1, '', NULL, NULL),
	(423, '	TA6445', 'HUANCHAY', '-10.53518', '-77.42115', 'PREDIO AMPAY - LOCALIDAD DE HUANCHAY. COCHAS. OCROS. ANCASH', 81, 177, 33, 2, 1, 2, '	4:30', '20:00', 'SOLO BTS', '7:00', '0:30', '7:30', 'S/N', 6, 1, 1, 3, 1, 1, '	CONSTANTES DESLIZAMIENTOS/CORTES CONSTANTES	 ', NULL, NULL),
	(424, '	TA5822', 'HUANCHUY', '-9.348027874', '-78.14433338', 'SECTOR PUCAPAMPA. DENTRO DE LOS TERRENOS DE LA CC HUANCHUY', 26, 375, 13, 2, 1, 1, '	2:30', '1:30', 'PENDIENTE', '3:00', '', '3:00', '59172416', 1, 1, 1, 1, 1, 1, '	CONSTANTES FALLAS CON CONCESIONARIO ELÉCTRICO	 ', NULL, NULL),
	(425, '	TA6446', 'HUANDOVAL', '-8.3348', '-77.9772', 'HUANDOVAL. PALLASCA. ANCASH', 123, 178, 33, 2, 1, 2, '	3:00', '15:00', 'SOLO BTS', '8:00', '0:30', '8:30', '58804142', 1, 1, 1, 3, 1, 1, '	CONSTANTES FALLAS CON CONCESIONARIO ELÉCTRICO/ESTACIÓN CON DIFÍCIL ACCESO EN TEMPORADAS DE LLUVIAS	 ', NULL, NULL),
	(426, '	TC18654', 'HUANGAPATA', '-7.426261', '-78.30112', 'PREDIO LA MELGA - SECTOR DE REDONDO. CACHACHI. CAJABAMBA. CAJAMARCA', 29, 61, 33, 5, 1, 2, '	2:30', '24:00', 'SOLO BTS', '4:00', '0:00', '4:00', 'S/N', 10, 2, 1, 3, 1, 3, '	SÓLO SE PUEDE ACCEDER EN HORARIOS DEFINIDOS	 ', NULL, NULL),
	(427, '	TA6474', 'HUANZA ANCASH', '-8.27827', '-77.5564', 'ANEXO DE HUANZA', 2, 179, 33, 1, 1, 2, '	13:00', '3:00', 'SOLO BTS', '12:00', '0:20', '12:20', '58709054', 1, 1, 1, 1, 1, 1, '', NULL, NULL),
	(428, '	TA1278', 'HUANZALA', '-9.870361', '-77.023222', 'CERRO HUANZALA', 348, 74, 33, 3, 1, 2, '	3:00', '', 'SOLO BTS', '', '', '0:00', 'S/N', 6, 7, 1, 2, 1, 1, '', NULL, NULL),
	(429, '	TA6475', 'HUARAC PAMPA', '-9.43478', '-77.1791', 'CP de Huarac (Pasando Huantar)', 124, 180, 33, 3, 1, 2, '	3:00', '10:00', 'SOLO BTS', '4:30', '0:00', '4:30', '59124384', 1, 1, 1, 1, 1, 1, '	CONSTANTES CORTES, DESLIZAMIENTOS, DESCARGAS ELÉCTRICAS, LLUVIAS, FALLAS CON EL CONCESIONARIO ELECTRÍCO, RUTA ACCIDENTADA	 ', NULL, NULL),
	(430, '	TC5922', 'HUARANDOZA', '-5.199514', '-78.76498', 'HUARANGO. SAN IGNACIO. CAJAMARCA', 125, 181, 33, 6, 1, 3, '	2:30', '1:30', 'SOLO BTS', '2:30', '0:00', '2:30', 'S/N', 6, 1, 1, 1, 1, 1, '', NULL, NULL),
	(431, '	TA5734', 'HUARAZ CENTRO 2', '-9.525416788', '-77.52688901', 'Jr. Cajamarca (en la azotea de agencia de transportes Julio César)', 126, 28, 15, 3, 1, 2, '	1:30', '2:30', 'PENDIENTE', '0:30', '0:00', '0:30', '50154622', 1, 1, 1, 2, 1, 1, '	CONSTANTES DESCARGAS ELÉCTRICAS, LLUVIAS, FALLAS CON EL CONCESIONARIO ELECTRÍCO	 ', NULL, NULL),
	(432, '	TA5740', 'HUARAZ CENTRO NUEVO', '-9.529444573', '-77.52944457', 'Jr. Leoniza Lescano (junto a la cancha del pro - ornato)', 348, 28, 33, 3, 1, 2, '	1:30', '10:00', 'SOLO BTS', '0:30', '0:00', '0:30', '50004240', 1, 1, 1, 1, 1, 1, '	CONSTANTES LLUVIAS, FALLAS CON EL CONCESIONARIO ELECTRÍCO	 ', NULL, NULL),
	(433, '	TA5685', 'HUARAZ NORTE II', '-9.520416778', '-77.53025013', 'AV MARISCAL LUZURIAGA CDRA 5 (A 2 CDRAS DE LA PLAZA DE ARMAS). HUARAZ. HUARAZ. ANCASH', 139, 71, 33, 3, 1, 2, '	1:30', '5:00', 'SOLO BTS', '0:30', '2:00', '2:30', '49920142', 1, 1, 1, 1, 1, 1, '', NULL, NULL),
	(434, '	TA5752', 'HUARI', '-9.33008', '-77.15044', 'Distrito de Cajay (en el cerro, junto a la cruz)', 34, 182, 17, 3, 1, 2, '	4:30', '5:00', 'PENDIENTE', '4:00', '0:00', '4:00', '52773460', 1, 1, 1, 2, 1, 1, '	CONSTANTES CORTES, DESLIZAMIENTOS, DESCARGAS ELÉCTRICAS, LLUVIAS, FALLAS CON EL CONCESIONARIO ELECTRÍCO, RUTA ACCIDENTADA	 ', NULL, NULL),
	(435, '	TA5821', 'HUAIRAPAMPA', '-8.962861327', '-77.80527795', 'CERRO CAMPANACOTO - CP de Tzactza (pasando el cementerio)', 291, 183, 13, 3, 1, 2, '	3:00', '2:50', 'PENDIENTE', '3:00', '0:00', '3:00', '58028777', 1, 1, 1, 1, 1, 1, '	CONSTANTES DESCARGAS ELÉCTRICAS, LLUVIAS, FALLAS CON EL CONCESIONARIO ELECTRÍCO, RUTA ACCIDENTADA	 ', NULL, NULL),
	(436, '	TJ18019', 'HUARISMALCA', '-8.206522', '-78.45268', 'CASERIO HUARISMALCA. HUASO. JULCAN. LA LIBERTAD', 129, 184, 33, 1, 1, 2, '	4:30', '', 'SOLO BTS', '', '', '0:00', '', 49, 2, 1, 3, 1, 1, '', NULL, NULL),
	(437, '	TP6161', 'HUARMACA', '-4.820953', '-79.868006', 'CERRO EL PEUJO', 127, 185, 32, 9, 1, 2, '	6:00', '5:00', 'SOLO BTS', '7:00', '0:00', '7:00', '10178924', 3, 1, 1, 2, 1, 1, '	ESTACIÓN CON DIFÍCIL ACCESO/CONSTANTES CORTES	 ', NULL, NULL),
	(438, '	TA5804', 'HUARMEY', '-10.07033335', '-78.15672227', 'TERRENO QUILIPE', 128, 96, 8, 2, 1, 1, '	2:30', '2:30', 'PENDIENTE', '3:30', '0:00', '3:30', '55530250', 1, 1, 1, 2, 1, 2, '', NULL, NULL),
	(439, '	TP18642', 'HUASANCHE', '-4.85035', '-79.8082', 'PACAIPAMPA. AYABACA. PIURA', 220, 186, 33, 9, 1, 2, '	3:00', '30:00', 'SOLO BTS', '5:00', '0:20', '5:20', '11266164', 3, 2, 1, 3, 1, 1, '	CONSTANTES FALLAS CON CONCESIONARIO ELÉCTRICO/CONSTANTES PROBLEMAS CLIMATOLÓGICOS (LLUVIAS)	 ', NULL, NULL),
	(440, '	TA6494', 'HUASCAR', '-9.068277794', '-78.58441679', 'CALLE BALTA N° 1103', 66, 17, 33, 2, 1, 1, '	1:30', '2:00', 'SOLO BTS', '1:30', '1:00', '2:30', '61140760', 1, 1, 1, 1, 1, 1, '	SÓLO SE PUEDE ACCEDER EN HORARIOS DEFINIDOS.	 ', NULL, NULL),
	(441, '	TJ5237', 'HUASO JULCAN', '-8.21851', '-78.4134', 'PARCELA LAS MAJADAS', 129, 184, 33, 1, 1, 2, '	4:30', '24:00', 'SOLO BTS', '7:00', '0:00', '7:00', '62103395', 1, 1, 1, 1, 1, 2, '', NULL, NULL),
	(442, '	TA6458', 'HUAYAN', '-9.86147', '-77.722176', 'HUAYAN. HUARMEY. ANCASH', 130, 187, 13, 2, 1, 2, '	6:00', '3:30', 'PENDIENTE', '6:30', '0:10', '6:40', 'S/N', 6, 1, 1, 1, 1, 1, '	CONSTANTES FALLAS CON CONCESIONARIO ELÉCTRICO/ESTACIÓN CON DIFÍCIL ACCESO EN TEMPORADAS DE LLUVIAS	 ', NULL, NULL),
	(443, '	TA5766', 'HUAYLAS', '-8.845305746', '-77.89052797', 'Cerro Limacllán (zona de torres celulares)', 131, 188, 15, 3, 1, 2, '	3:00', '0:57', '12:00', '3:45', '1:20', '5:05', 'S/N', 18, 1, 1, 1, 1, 5, '	CONSTANTES CORTES, DESLIZAMIENTOS, DESCARGAS ELÉCTRICAS, LLUVIAS, FALLAS CON EL CONCESIONARIO ELECTRÍCO, RUTA ACCIDENTADA	 ', NULL, NULL),
	(444, '	TJ2150', 'HUMBOLT', '-8.10928', '-79.0083', 'CL RICARDO SANCHEZ MZ M LT 01 URB SANTO DOMINGO', 325, 25, 33, 1, 1, 1, '	1:30', '4:00', 'SOLO BTS', '0:30', '0:00', '0:30', '62627213', 1, 1, 1, 1, 1, 1, '', NULL, NULL),
	(445, '	TL5940', 'ILLIMO / CERRO SAPAME', '-6.479250119', '-79.81955572', 'CERRO SAPAME', 326, 189, 3, 7, 1, 1, '	1:30', '3:00', 'PENDIENTE', '1:20', '0:05', '1:25', 'S/N', 19, 1, 1, 1, 1, 2, '	DORSAL / BTS	 ', NULL, NULL),
	(446, '	TL4699', 'INAGRO', '-6.04025', '-80.085361', 'LT A3 DE EMPRESA INVERSIONES AGRICOLAS OLMOS', 215, 69, 33, 7, 1, 1, '	3:00', '2:00', 'SOLO BTS', '1:20', '0:40', '2:00', '', 49, 1, 1, 1, 1, 1, '', NULL, NULL),
	(447, '	TL5937', 'INCAHUASI', '-6.23538894', '-79.31450009', '', 138, 190, 33, 7, 1, 2, '	4:30', '2:00', 'SOLO BTS', '4:30', '0:00', '4:30', '35651150', 5, 1, 1, 1, 1, 1, '	DERRUMBES EN EPOCA DE LLUVIA Y CORTES CONSTANTES, MAS VIENTOS CONSTANTES.	 ', NULL, NULL),
	(448, '	TL59564', 'INSURRECCION P1', '', '', 'CL INSURRECCION  CRDA 1 CON CL MICAELA BASTIDAS CDRA 1', 63, 23, 12, 7, 1, 1, '	1:30', '', 'SOLO BTS', '0:30', '0:00', '0:30', '38446537', 5, 6, 1, 8, 2, 1, '', NULL, NULL),
	(449, '	TL4198', 'ITURRI', '-6.78196', '-79.8868', '', 348, 23, 33, 7, 1, 1, '	1:30', '5:00', 'SOLO BTS', '0:30', '0:00', '0:30', '39141978', 5, 7, 1, 2, 1, 1, '', NULL, NULL),
	(450, '	TC5830', 'JAEN', '-5.709666826', '-78.80730573', 'CA SAN MARTIN S/N', 140, 168, 18, 6, 1, 2, '	1:30', '', 'PENDIENTE', '0:20', '0:00', '0:20', '30964939', 4, 1, 1, 2, 1, 1, '', NULL, NULL),
	(451, '	TC5839', 'JAEN NORTE', '-5.684416806', '-78.7831113', 'CASERIO LINDEROS', 140, 168, 15, 6, 1, 2, '	1:30', '8:00', 'PENDIENTE', '0:20', '0:20', '0:40', '30989722', 4, 1, 1, 1, 1, 2, '', NULL, NULL),
	(452, '	TC5840', 'JAEN SUR', '-5.738833491', '-78.79100017', 'SAN MIGUEL. SECTOR FILA ALTA . MZ.D. LT.10', 348, 168, 2, 6, 1, 2, '	1:30', '2:00', 'SOLO BTS', '0:20', '0:00', '0:20', '30985035', 4, 1, 1, 1, 1, 1, '', NULL, NULL),
	(453, '	TP1900', 'JAMAGRO', '-4.837231', '-80.268139', 'AV LOS ALGARROBOS S/N MZ XA LT 09 CP DE CRUCETA', 317, 136, 33, 9, 1, 1, '	2:30', '6:00', 'SOLO BTS', '', '', '0:00', '17101143', 3, 1, 1, 1, 1, 1, '', NULL, NULL),
	(454, '	TM5590', 'JAMALCA', '-5.91127798', '-78.2329723', 'PREDIO EL ALAMO. CASERIO STA. CRUZ. VALLE UTCUBAMBA. SECTOR LOS ANGELES', 141, 191, 15, 8, 1, 3, '	3:00', '5:00', '5:00', '3:00', '2:00', '5:00', '36404636', 4, 1, 1, 1, 1, 1, '	CONSTANTES DESCARGAS ELÉCTRICAS ATMOSFÉRICAS/CONSTANTES PROBLEMAS CLIMATOLÓGICOS (LLUVIAS)/ZONA DE ALTO RIESGO PERSONAL (ROBO)	 ', NULL, NULL),
	(455, '	TL5995', 'JAYANCA PACORA', '-6.404555645', '-79.82516685', 'Predio Santa Gregoria Sector Achotal', 143, 192, 33, 7, 1, 1, '	2:30', '1:00', 'SOLO BTS', '1:00', '0:20', '1:20', '27865447', 5, 1, 1, 1, 1, 1, '', NULL, NULL),
	(456, '	TJ6264', 'JEQUETEPEQUE', '-7.339083', '-79.561306', 'PROLONG SAN JUAN S/N', 145, 193, 33, 1, 1, 1, '	2:30', '5:50', 'SOLO BTS', '', '', '0:00', '48474419', 1, 1, 1, 1, 1, 1, '', NULL, NULL),
	(457, '	TJ5213', 'JERUSALEN', '-8.066638932', '-79.05061112', 'AV. CONDORCANQUI N° 2298', 156, 2, 2, 1, 1, 1, '	1:30', '6:00', 'SOLO BTS', '0:40', '0:00', '0:40', '55053856', 1, 1, 1, 1, 1, 1, '', NULL, NULL),
	(458, '	TC6415', 'JESUS DE CAJAMARCA', '-7.25664', '-78.38806', 'CERCADO JESUS LLINBE', 146, 9, 33, 5, 1, 2, '	1:30', '5:00', 'SOLO BTS', '0:30', '0:00', '0:30', '58315185', 1, 1, 1, 1, 1, 1, '', NULL, NULL),
	(459, '	TJ5219', 'JESUS DE NAZARETH', '-8.109055594', '-79.04144447', 'MZ.E LT.12. URB. LAS CAPULLANAS', 325, 25, 33, 1, 1, 1, '	1:30', '4:00', 'SOLO BTS', '0:40', '0:00', '0:40', '55089616', 1, 1, 1, 1, 1, 1, '', NULL, NULL),
	(460, '	TP5415', 'JOSE DE LAMA', '-4.90581', '-80.714', '', 348, 24, 33, 9, 1, 1, '	2:00', '', 'SOLO BTS', '1:00', '', '1:00', '17376842', 3, 7, 1, 2, 1, 1, '', NULL, NULL),
	(461, '	TP6342', 'JOSE MARIA PIURA', '-5.19874', '-80.64488', 'AA.HH. CONSUELO GONZALES DE VELASCO, 1RA ETAPA SECTOR B MZ.L LT.41-A', 242, 15, 33, 9, 1, 1, '	1:30', '3:00', 'SOLO BTS', '0:20', '0:00', '0:20', '05906033', 3, 1, 1, 1, 1, 1, '	PROBLEMA CON INSTALACION DE GRUPO ELECTRÓGENO DE RESPALDO	 ', NULL, NULL),
	(462, '	TJ4234', 'JUAN DE CHEPEN', '-7.231891', '-79.416655', 'JR UNIVERSITARIO CHEQUEN 213 LT B 12', 60, 109, 33, 1, 1, 1, '	2:30', '4:00', 'SOLO BTS', '3:30', '1:00', '4:30', '62945361', 8, 1, 1, 1, 1, 1, '', NULL, NULL),
	(463, '	TP6362', 'JUAN VELASCO', '-5.18092', '-80.67969', 'MZ. D1 LT. 8 AA.HH. SAN SEBASTIAN, DIST: PIURA, PROV: PIURA, DEP: PIURA', 242, 15, 33, 9, 1, 1, '	1:30', '2:30', 'SOLO BTS', '0:20', '0:30', '0:50', '15382448', 3, 1, 1, 1, 1, 1, '	PROBLEMAS CON POBLACIÓN/ ZONA DE ALTO RIESGO PERSONAL (ROBO)/PROBLEMA CON INSTALACION DE GRUPO ELECTRÓGENO DE RESPALDO	 ', NULL, NULL),
	(464, '	TJ5147', 'JULCAN', '-8.04947', '-78.48908', 'AV LUIS FELIPE DE LA PUENTE UCEDA 1075', 151, 194, 33, 1, 1, 2, '	3:00', '2:00', 'SOLO BTS', '', '', '0:00', '58286136', 1, 1, 1, 1, 1, 1, '', NULL, NULL),
	(465, '	TJ1161', 'JULQUITA', '-8.059189', '-79.0106', 'MZ M BARRIO 5A (POSTE EN VÍA PÚBLICA)', 348, 22, 33, 1, 1, 1, '	1:30', '0:30', 'SOLO BTS', '0:30', '0:00', '0:30', '63354012', 1, 1, 1, 1, 1, 1, '', NULL, NULL),
	(466, '	TM5611', 'JUMBILLA', '-5.843694632', '-77.80066683', 'PARCELA 2 UNIDOS. COMUNIDAD DE COROSHA', 93, 195, 33, 8, 1, 3, '	4:30', '8:00', 'SOLO BTS', '6:00', '0:00', '6:00', '36408475', 4, 1, 1, 1, 1, 1, '	CORTES CONSTANTES/CONSTANTES DESCARGAS ELÉCTRICAS ATMOSFÉRICAS/ESTACION CON DIFICIL ACCESO	 ', NULL, NULL),
	(467, '	TL4360', 'KENNEDY', '', '', 'AV KENNEDY 1774 CPM VICTOR RAUL HAYA DE LA TORRE', 148, 29, 33, 7, 1, 1, '	1:30', '', 'SOLO BTS', '0:30', '0:00', '0:30', '38483085', 5, 1, 1, 1, 1, 1, '', NULL, NULL),
	(468, '	TL6015', 'KERGUER', '-6.195055616', '-79.52430567', 'CASERIO LAMUCHAL S/N', 258, 196, 13, 7, 1, 1, '	2:30', '5:00', 'PENDIENTE', '3:30', '0:00', '3:30', '35718769', 5, 1, 1, 1, 1, 1, '', NULL, NULL),
	(469, '	TA8101', 'KIMAN AYLLU', '-8.7746909', '-77.8722119', 'Yuracmarca (subestación electrica de Kiman Ayllu)', 348, 74, 3, 3, 1, 2, '	1:30', '9:00', 'PENDIENTE', '4:00', '0:00', '4:00', '', 49, 7, 1, 12, 2, 2, '', NULL, NULL),
	(470, '	TC0837', 'KM 11', '-7.087786', '-78.561228', 'CERRO MANZANOS DE CAPELLANIA - COMUNIDAD DE MANZANOS DE CAPE', 32, 7, 33, 5, 1, 2, '	2:30', '4:00', 'SOLO BTS', '0:45', '1:30', '2:15', '61322682', 1, 1, 1, 1, 1, 1, '', NULL, NULL),
	(471, '	TC5884', 'KM 45', '-6.96269466', '-78.52986124', 'MINA YANACOCHA', 32, 7, 13, 5, 1, 2, '	2:00', '', 'PENDIENTE', '1:30', '0:00', '1:30', 'S/N', 7, 1, 1, 1, 1, 1, '', NULL, NULL),
	(472, '	TL5390', 'KM 784 NORTE', '-6.688639', '-79.90475', '', 348, 161, 33, 7, 1, 1, '	1:30', '1:00', 'SOLO BTS', '0:30', '0:00', '0:30', '', 49, 7, 1, 2, 1, 1, '', NULL, NULL),
	(473, '	TC5829', 'KM24 YANACOCHA', '-7.050222233', '-78.59183347', 'CARRETERA A YANACOCHA KM.23', 32, 7, 6, 5, 1, 2, '	2:00', '10:00', 'PENDIENTE', '1:00', '0:00', '1:00', 'S/N', 18, 1, 1, 1, 1, 5, '', NULL, NULL),
	(474, '	TM5582', 'KUELAP', '-6.381194547', '-77.92569465', 'CERRO ÑUÑORCO', 322, 197, 2, 8, 1, 3, '	1:30', '10:00', 'SOLO BTS', '1:30', '0:00', '1:30', '32506164', 4, 1, 1, 1, 1, 1, '	CONSTANTES DESCARGAS ELÉCTRICAS ATMOSFÉRICAS	 ', NULL, NULL),
	(475, '	TP6287', 'LA ARENA', '-5.33808341', '-80.71216683', 'ALTO DEL CASTILLO - CERCA DE LA PANAMERICANA NORTE', 152, 84, 18, 9, 1, 1, '	2:00', '3:00', '8:00', '0:40', '0:30', '1:10', '18086838', 3, 1, 1, 2, 1, 2, '	CONSTANTES ROBOS Y/O PERJUICIOS A BTS.	 ', NULL, NULL),
	(476, '	TC6466', 'LA ARTEZA', '-7.04403', '-78.95303', 'CASERIO LA ARTEZA', 281, 198, 13, 5, 1, 2, '	3:00', '5:00', 'PENDIENTE', '4:50', '0:00', '4:50', '58982654', 1, 1, 1, 1, 1, 1, '', NULL, NULL),
	(477, '	TP6280', 'LA BREA', '-4.68875', '-81.05553', 'CARRETERA PIURA TALARA KM. 51', 153, 199, 13, 9, 1, 1, '	3:00', '4:00', 'PENDIENTE', '1:30', '0:00', '1:30', 'S/N', 18, 1, 1, 1, 1, 5, '', NULL, NULL),
	(478, '	TJ4595', 'LA CAMPIÑA', '-8.137447', '-78.996936', 'LOS ZAFIROS N° UC15216', 196, 157, 33, 1, 1, 1, '	1:30', '0:00', 'SOLO BTS', '0:40', '0:00', '0:40', '61290032', 8, 1, 1, 1, 1, 1, '', NULL, NULL),
	(479, '	TJ5239', 'LA CAPULLANA TRUJILLO', '-8.148444501', '-79.0441667', 'AV. 2 DE MAYO N° 1330', 336, 124, 33, 1, 1, 1, '	1:30', '4:00', 'SOLO BTS', '0:40', '0:00', '0:40', '59364101', 1, 1, 1, 1, 1, 1, '', NULL, NULL),
	(480, '	TC5704', 'LA CHILCA', '-7.211319', '-78.321011', 'CASERIO LA CHILCA S/N', 207, 200, 33, 5, 1, 2, '	2:30', '0:45', 'SOLO BTS', '1:00', '', '1:00', '62279693', 1, 1, 1, 2, 1, 1, '', NULL, NULL),
	(481, '	TC18698', 'LA COLMENA', '-6.51731', '-79.06282', 'CASERIO LA COLMENA', 173, 147, 33, 7, 1, 2, '	3:00', '35:00', 'SOLO BTS', '3:30', '0:00', '3:30', '28950195', 5, 2, 1, 3, 1, 1, '	CORTE DE ENERGIA DURADERO APROXIMADAMENTE 3 DÍAS	 ', NULL, NULL),
	(482, '	TJ5153', 'LA ENCALADA', '-8.136138921', '-79.03458334', 'MZ. A LOTE 1H. URB LOS PORTALES DEL GOLF', 336, 124, 33, 1, 1, 1, '	1:30', '0:50', 'SOLO BTS', '0:40', '0:00', '0:40', '54869855', 1, 1, 1, 5, 1, 1, '', NULL, NULL),
	(483, '	TJ5083', 'LA ESPERANZA', '-8.070277798', '-79.04083336', 'FALDAS DEL CERRO CABRA. AL LADO DERECHO DEL CEMENTERIO SAN JUAN BAUTISTA', 156, 2, 9, 1, 1, 1, '	1:30', '1:30', 'PENDIENTE', '0:40', '0:00', '0:40', '47270675', 1, 1, 1, 1, 1, 1, '	ZONA DE RIESGO PARA EL PERSONAL	 ', NULL, NULL),
	(484, '	TC5850', 'LA FILA', '-6.57997', '-79.04047', 'PREDIO CRISTAL CERRO LA FILA', 302, 201, 13, 7, 1, 2, '	3:00', '3:00', '8:30', '4:00', '0:00', '4:00', '26447460', 5, 1, 1, 1, 1, 2, '	ZONA DE POTETE FUERZA EÓLICA, NEBLINA. DESLIZAMIENTOS POR FUERTES LLUVIAS. TEMPERATURAS MUY BAJAS. CARRETERA INESTABLE.	 ', NULL, NULL),
	(485, '	TC5923', 'LA GRAMA', '-7.483556', '-78.130356', 'PARCELA N   75 DEL PREDIO EL HUAYO', 89, 92, 13, 5, 1, 2, '	3:00', '0:40', '30:00', '2:30', '0:00', '2:30', 'S/N', 6, 1, 1, 1, 1, 1, '	CONSTANTES CORTES DE ENERGÍA	 ', NULL, NULL),
	(486, '	TP6145', 'CIENEGUILLO', '-5.034888899', '-80.69125015', 'PANAMERICANA NORTE KM. 118.8', 242, 15, 33, 9, 1, 1, '	2:00', '', 'SOLO BTS', '0:20', '0:00', '0:20', 'S/N', 19, 1, 1, 1, 1, 1, '	SISTEMA DE TIERRA Y ENERGÍA ES DE TELEFONICA MOVILES	 ', NULL, NULL),
	(487, '	TC3484', 'LA HISTORIA', '-7.17195', '-78.504911', '', 32, 7, 33, 5, 1, 2, '	1:30', '', 'SOLO BTS', '0:30', '0:00', '0:30', '63932045', 1, 1, 1, 2, 1, 1, '', NULL, NULL),
	(488, '	TP1762', 'LA HORCA', '-4.786829', '-80.608413', 'SECTOR SAN LUIS (ANEXO PUENTE DE LOS SERRANOS) PREDIO SAN AG', 251, 118, 33, 9, 1, 1, '	1:30', '0:40', 'SOLO BTS', '1:00', '1:30', '2:30', '16299239', 3, 1, 1, 1, 1, 1, '', NULL, NULL),
	(489, '	TP6172', 'LA HUACA', '-4.910666868', '-80.95780576', 'AV. GRAU MZ.20 LT.1', 157, 81, 33, 9, 1, 1, '	2:30', '4:00', 'SOLO BTS', '1:00', '0:10', '1:10', '15250823', 3, 1, 1, 1, 1, 1, '	PROBLEMAS CON POBLACIÓN	 ', NULL, NULL),
	(490, '	TC6468', 'LA LIBERTAD DE OXAMARCA', '-7.06319', '-78.07716', 'UNIDAD CATASTRAL N10092 DENOMID LA CONGA SECTOR DE LA LIBERT', 218, 202, 13, 5, 1, 2, '	4:30', '7:00', '12:00', '3:00', '0:40', '3:40', '58761869', 1, 1, 1, 1, 1, 1, '	CONSTANTES DESLIZAMIENTOS	 ', NULL, NULL),
	(491, '	TC6429', 'LA LIBERTAD DE PALLAN', '-6.71230572', '-78.28922229', 'CERRO CRUZ PAMPA - CASERIO JOSE DE SAN MARTIN', 158, 203, 13, 5, 1, 2, '	4:30', '7:00', 'SOLO BTS', '5:00', '0:00', '5:00', '59004045 ', 1, 1, 1, 1, 1, 1, '	CONSTANTES PROBLEMAS CLIMATOLÓGICOS (LLUVIAS)	 ', NULL, NULL),
	(492, '	TP6160', 'LA MATANZA VICUS', '-5.179027836', '-80.1012778', 'CERRO VERDE (CARRETERA HACIA PABUR VIEJO)', 159, 204, 2, 9, 1, 1, '	2:30', '4:20', 'SOLO BTS', '2:00', '0:20', '2:20', '10180074', 3, 1, 1, 1, 1, 1, '	 ZONA DE ALTO RIESGO PERSONAL (ROBO)/ESTACIÓN CON DIFÍCIL ACCESO	 ', NULL, NULL),
	(493, '	TM4581', 'LA PECA', '-5.609731', '-78.435869', 'CP LA PECA MZ 34 LT 11 URB SANTA ROSA', 160, 130, 33, 6, 1, 3, '	2:00', '3:10', 'SOLO BTS', '2:30', '0:00', '2:30', '90732319', 4, 1, 1, 1, 1, 1, '', NULL, NULL),
	(494, '	TP6351', 'LA PEÑITA', '-4.947311', '-80.547976', 'CERRO SAN CARLOS - VILLA LA PEÑITA EN EL CENTRO POBLADO MENOR LA PEÑITA', 317, 136, 33, 9, 1, 1, '	1:30', '2:00', 'SOLO BTS', '1:00', '0:00', '1:00', '11291318', 3, 1, 1, 1, 1, 1, '', NULL, NULL),
	(495, '	TC5033', 'LA POLVORA', '-7.537833', '-78.048111', 'CP LA POLVORA', 89, 92, 33, 5, 1, 2, '	3:00', '1:30', 'SOLO BTS', '', '', '0:00', '62109058', 1, 1, 1, 1, 1, 1, '', NULL, NULL),
	(496, '	TP4416', 'LA PROVIDENCIA', '-5.162722', '-80.621278', 'PARCELA VICENTE RAMIREZ (MARGEN DERECHO DEL RIO PIURA)', 242, 15, 33, 9, 1, 1, '	1:30', '1:05', 'SOLO BTS', '0:30', '0:00', '0:30', '16761696', 3, 1, 1, 1, 1, 1, '', NULL, NULL),
	(497, '	TA5644', 'LA RAMADA', '-9.73230573', '-78.22483339', 'CERRO  LA RAMADA PANAMERICANA NORTE KM. 334.5', 46, 89, 13, 2, 1, 1, '	2:30', '1:30', 'PENDIENTE', '3:00', '0:30', '3:30', 'S/N', 18, 1, 1, 1, 1, 5, '	ESTACIÓN CON DIFÍCIL ACCESO	 ', NULL, NULL),
	(498, '	TC6430', 'LA RECOLETA', '-7.159694494', '-78.51425013', 'JR. AMALIA PUGA 1007 - BARRIO SAN ESTEBAN', 32, 7, 2, 5, 1, 2, '	1:30', '0:40', 'SOLO BTS', '0:30', '', '0:30', '60140999', 1, 1, 1, 2, 1, 1, '', NULL, NULL),
	(499, '	TP1240', 'LA REPRESA', '-4.658581', '-80.2431', 'CL ALFONSO UGARTE CON CL LIMA(POSTE)', 169, 205, 33, 9, 1, 1, '	2:30', '3:20', 'SOLO BTS', '3:00', '0:00', '3:00', '16720755', 3, 1, 1, 1, 1, 1, '', NULL, NULL),
	(500, '	TC0567', 'LA RINCONADA', '-6.779219', '-78.594919', 'ANEXO LA RINCONADA', 116, 30, 33, 10, 1, 2, '	2:30', '20:00', 'SOLO BTS', '2:30', '0:00', '2:30', '37858016', 5, 1, 1, 4, 1, 1, '', NULL, NULL),
	(501, '	TL3361', 'LA RUEDA', '-6.7895', '-79.843306', 'AV LOS INCAS CDRA 01 (POSTE EN BERMA CENTRAL)', 162, 27, 33, 7, 1, 1, '	1:30', '2:00', 'SOLO BTS', '0:30', '0:00', '0:30', '38206245', 5, 1, 1, 5, 1, 1, '', NULL, NULL),
	(502, '	TC5921', 'LA SACILIA', '-6.03444', '-78.6948', 'CERRO SINLAGO', 324, 139, 3, 6, 1, 2, '	3:00', '1:20', 'PENDIENTE', '3:00', '0:00', '3:00', 'S/N', 5, 1, 1, 1, 1, 1, '	CONSTANTES PROBLEMAS CLIMATOLOGICOS	 ', NULL, NULL),
	(503, '	TP4267', 'LA UNION II', '-5.40281', '-80.7428', 'AV LIMA S/N CDRA 4 CON JR SINCHI ROCA', 161, 206, 18, 9, 1, 1, '	1:30', '5:40', 'PENDIENTE', '0:40', '0:00', '0:40', '15995260', 3, 1, 1, 2, 1, 1, '', NULL, NULL),
	(504, '	TL5948', 'LA VICTORIA', '-6.794583513', '-79.84075018', 'AV. LOS INCAS 590', 162, 27, 6, 7, 1, 1, '	1:30', '5:00', 'PENDIENTE', '0:20', '1:00', '1:20', '26328906', 5, 1, 1, 5, 1, 2, '', NULL, NULL),
	(505, '	TJ1166', 'LA VICTORIA CANON', '-7.607417', '-77.756972', '', 299, 207, 33, 1, 1, 2, '	9:00', '4:00', 'SOLO BTS', '5:00', '0:40', '5:40', '64244392', 1, 1, 1, 2, 1, 1, '', NULL, NULL),
	(506, '	TJ18748', 'LA VIÑA - LA LIBERTAD', '-8.194361', '-78.6475', 'CARABAMBA. JULCAN. LA LIBERTAD', 337, 70, 33, 1, 1, 1, '	2:30', '', 'SOLO BTS', '', '', '0:00', 'S/N', 10, 2, 1, 3, 1, 3, '', NULL, NULL),
	(507, '	TC6412', 'LA ZANJA', '-6.834639058', '-78.8893613', 'BARRIO SAN JOSE MZ.C LT.13. UR . SARITA', 250, 208, 33, 5, 1, 2, '	2:30', '4:00', 'SOLO BTS', '3:00', '1:00', '4:00', 'S/N', 28, 1, 1, 1, 1, 1, '', NULL, NULL),
	(508, '	TM5608', 'LAGUNA POMACOCHAS FLORIDA', '-5.802833499', '-77.96058354', 'PREDIO YURACYACU', 109, 149, 3, 8, 1, 3, '	3:00', '8:00', 'PENDIENTE', '2:00', '0:40', '2:40', '36420732', 4, 1, 1, 1, 1, 2, '	CONSTANTES PROBLEMAS CLIMATOLÓGICOS (LLUVIAS)/ESTACIÓN CON DIFÍCIL ACCESO	 ', NULL, NULL),
	(509, '	TJ3218', 'LAGUNA SAUSACOCHA', '-7.793972', '-78.001361', '', 289, 134, 33, 1, 1, 2, '	5:00', '8:25', 'SOLO BTS', '', '', '0:00', '64540166', 1, 7, 1, 1, 1, 1, '', NULL, NULL),
	(510, '	TP6359', 'LAGUNAS PIURA', '-4.80404', '-79.84815', 'CASERIO ALTO LAGUNAS', 164, 35, 13, 9, 1, 2, '	3:00', '3:00', 'PENDIENTE', '4:00', '0:00', '4:00', '11305010', 3, 1, 1, 1, 1, 1, '	ESTACIÓN CON DIFÍCIL ACCESO EN TEMPORADA DE LLUVIA/CORTES CONSTANTES DE ENERGÍA	 ', NULL, NULL),
	(511, '	TC4219', 'LAGUNITA', '-7.272944', '-78.503139', 'CERRO QUICHUARPUNTA - CACERIO LA LAGUNA', 273, 209, 33, 5, 1, 2, '	2:30', '9:00', 'SOLO BTS', '', '', '0:00', '45824390', 1, 1, 1, 1, 1, 1, '', NULL, NULL),
	(512, '	TC5848', 'LAJAS', '-6.3347', '-78.4345', 'PREDIO RUSTICO LA TACSHANA', 165, 210, 33, 10, 1, 2, '	1:30', '2:00', 'SOLO BTS', '0:25', '0:00', '0:25', '28302730', 5, 1, 1, 1, 1, 1, '	CAMINO ENPINADO. DESLIZAMIENTOS QUE DEJAN INACCESIBLE AL SITE.	 ', NULL, NULL),
	(513, '	TC18664', 'LAMALAMA', '-5.74945', '-79.380684', 'CASERIO LAMALAMA. SAN FELIPE. JAEN. CAJAMARCA', 265, 211, 33, 6, 1, 2, '	3:00', '70:00', 'SOLO BTS', '4:00', '0:00', '4:00', 'S/N', 10, 2, 1, 3, 1, 3, '', NULL, NULL),
	(514, '	TL5943', 'LAMBAYEQUE', '-6.699583503', '-79.90186129', 'AV RAMON CASTILLA 389 LT 7 MZ  C  URB MIRAFLORES', 166, 161, 10, 7, 1, 1, '	1:30', '4:00', '0:40', '0:30', '0:00', '0:30', '27521080', 5, 1, 1, 2, 1, 1, '', NULL, NULL),
	(515, '	TP6349', 'LANCONES', '-4.64119', '-80.55408', 'LOMA ESPALDA DEL ESTADIO MUNICIPAL COLOSO DE LA FRONTERA', 251, 118, 31, 9, 1, 1, '	2:30', '0:00', 'SOLO BTS', '1:30', '0:00', '1:30', '11271709', 3, 1, 1, 1, 1, 1, '', NULL, NULL),
	(516, '	TC5882', 'LAS ALONDRAS CAJAMARCA', '-7.174277826', '-78.5122779', 'AV INDEPENDENCIA 1141', 32, 7, 33, 5, 1, 2, '	1:30', '4:00', 'SOLO BTS', '0:20', '0:00', '0:20', '45972033', 1, 1, 1, 1, 1, 1, '', NULL, NULL),
	(517, '	TL5982', 'LAS BRISAS', '-6.782416852', '-79.87425019', 'CARRETERA A PIMENTEL KM. 5', 238, 82, 33, 7, 1, 1, '	1:30', '2:45', 'SOLO BTS', '0:30', '0:00', '0:30', '26300066', 5, 1, 1, 1, 1, 1, '', NULL, NULL),
	(518, '	TJ5111', 'LAS DELICIAS', '-8.178833391', '-79.01280558', 'AV. LA MARINA 365', 196, 157, 33, 1, 1, 1, '	1:30', '2:00', 'SOLO BTS', '0:40', '0:40', '1:20', '47616986', 1, 1, 1, 1, 1, 1, '	ACCESO EN HORARIOS DEFINIDOS, ', NULL, NULL),
	(519, '	TT6491', 'LAS DELICIAS DE TUMBES', '-3.56625', '-80.46056', 'AV. TARAPACA N° 143 HOTEL PARAISO HOTEL CLUB BARRIO SAN JOSE', 329, 5, 2, 4, 1, 1, '	2:00', '4:00', 'SOLO BTS', '0:20', '0:00', '0:20', '15272900', 3, 1, 1, 2, 1, 1, '', NULL, NULL),
	(520, '	TP6285', 'LAS LOMAS', '-4.70141681', '-80.21191673', 'CERRO SAN LORENZO', 169, 205, 15, 9, 1, 1, '	2:30', '3:30', 'PENDIENTE', '1:30', '0:00', '1:30', '11131038', 3, 1, 1, 1, 1, 2, '	ESTACIÓN CON DIFÍCIL ACCESO	 ', NULL, NULL),
	(521, '	TL5980', 'LAS MUSAS', '-6.77794462', '-79.83886129', 'AV. BALTA 054', 63, 23, 33, 7, 1, 1, '	1:30', '3:00', 'SOLO BTS', '0:20', '0:00', '0:20', '25860675', 5, 1, 1, 5, 1, 1, '', NULL, NULL),
	(522, '	TJ0565', 'LAS QUINTANAS', '-8.092192', '-79.023847', 'AV FEDERICO VILLAREAL MZ K LT 7A', 348, 25, 33, 1, 1, 1, '	1:30', '2:30', 'SOLO BTS', '0:40', '0:00', '0:40', '61502869', 1, 1, 1, 1, 1, 1, '', NULL, NULL),
	(523, '	TL1569', 'LAS VIÑAS', '-6.36761111', '-79.7893333', 'CA ANTIGUA PANAMERICANA NORTE KM 37', 143, 192, 33, 7, 1, 1, '	2:30', '', 'SOLO BTS', '0:50', '', '0:50', '', 49, 1, 1, 1, 1, 1, '', NULL, NULL),
	(524, '	TP2259', 'LATIN GYM', '-5.180517', '-80.631289', 'AV RAMON MUJICA CON CL FORTUNATO CHIRICHIGNO (POSTE)', 242, 15, 33, 9, 1, 1, '	1:30', '2:00', 'SOLO BTS', '0:20', '0:40', '1:00', '16516279', 3, 1, 1, 5, 1, 1, '', NULL, NULL),
	(525, '	TL5928', 'LEGUIA', '-6.759222391', '-79.8625002', 'Cruce de la calle Sinai y calle Juda', 63, 23, 13, 7, 1, 1, '	1:30', '3:00', 'PENDIENTE', '0:20', '0:00', '0:20', '25651432', 5, 1, 1, 1, 1, 1, '', NULL, NULL),
	(526, '	TM5602', 'LEIMEBAMBA', '-6.709333492', '-77.79741685', 'CERRO GUILIPE', 170, 212, 33, 8, 1, 3, '	3:00', '1:30', 'SOLO BTS', '4:00', '0:20', '4:20', '32529131', 4, 1, 1, 1, 1, 1, '	CONSTANTES DESCARGAS ELÉCTRICAS ATMOSFÉRICAS/CONSTANTES PROBLEMAS CLIMATOLÓGICOS (LLUVIAS)/ESTACIÓN CON DIFÍCIL ACCESO	 ', NULL, NULL),
	(527, '	TP6350', 'LETIRA', '-5.44386', '-80.79672', 'TERRENO  LETIRA GRANDE  DESVIO PUENTE ZALAZAR', 335, 48, 33, 9, 1, 1, '	2:00', '3:30', 'SOLO BTS', '0:40', '0:20', '1:00', '14667603', 3, 1, 1, 1, 1, 1, '', NULL, NULL),
	(528, '	TM5620', 'LEVANTO', '-6.302388954', '-77.90333352', 'UBICADO EN CERRO EL CALVARIO - ANEXO COLLACRUZ  DENTRO DE LOS DOMINIOS DE LA CC DE LEVANTO', 171, 213, 33, 8, 1, 3, '	1:30', '5:00', 'SOLO BTS', '1:30', '0:15', '1:45', '36435064', 4, 1, 1, 1, 1, 1, '	CONSTANTES DESCARGAS ELÉCTRICAS ATMOSFÉRICAS/CONSTANTES PROBLEMAS CLIMATOLÓGICOS (LLUVIAS)	 ', NULL, NULL),
	(529, '	TC5925', 'LIBERTAD DE LA FRONTERA', '-5.0248833', '-78.89634', 'CASERIO LIBERTAD LA FRONTERA', 272, 214, 33, 6, 1, 3, '	4:30', '7:00', 'SOLO BTS', '4:30', '0:00', '4:30', '32045002', 4, 1, 1, 1, 1, 1, '	CONSTANTES PROBLEMAS CLIMATOLOGICOS	 ', NULL, NULL),
	(530, '	TJ4553', 'LICAME', '-7.763528', '-77.834611', 'PREDIO SANTA ROSA VALLE CHUGAY', 76, 18, 33, 1, 1, 2, '	6:00', '2:00', 'SOLO BTS', '2:00', '0:50', '2:50', '', 6, 1, 1, 6, 1, 1, '', NULL, NULL),
	(531, '	TC5918', 'LICUPIS', '-6.42661', '-79.2436', 'CERRO LA CRUZ. SAN JUAN DE LICUPIS. CHOTA. CAJAMARCA', 276, 215, 33, 7, 1, 2, '	4:30', '3:00', 'SOLO BTS', '5:00', '0:00', '5:00', '35433740', 5, 1, 1, 1, 1, 1, '	DERRUMBES EN EPOCA DE LLUVIA	 ', NULL, NULL),
	(532, '	TM4576', 'LIMON', '-6.229175', '-77.876797', '', 53, 216, 33, 8, 1, 3, '	1:30', '6:00', 'SOLO BTS', '0:30', '0:00', '0:30', '36434640', 4, 7, 1, 1, 1, 1, '', NULL, NULL),
	(533, '	TJ2148', 'LIMON CARRO', '-7.302178', '-79.419069', '', 111, 123, 33, 1, 1, 1, '	2:30', '10:00', 'SOLO BTS', '', '', '0:00', '64279100', 1, 1, 1, 1, 1, 1, '', NULL, NULL),
	(534, '	TC1050', 'LINGAN GRANDE', '-6.62945', '-78.650561', 'CASERIO LINGAN GRANDE', 75, 95, 33, 10, 1, 2, '	2:30', '10:00', 'SOLO BTS', '1:00', '1:00', '2:00', '38265380', 5, 1, 1, 1, 1, 1, '', NULL, NULL),
	(535, '	TC5855', 'LLACANORA', '-7.20975006', '-78.42616677', 'CARRETERA A SAN MARCOS KM. 8. CACERIO DE LANAMARCA', 172, 217, 13, 5, 1, 2, '	1:30', '2:00', 'PENDIENTE', '0:30', '2:00', '2:30', '45758641', 1, 1, 1, 1, 1, 1, '', NULL, NULL),
	(536, '	TJ4948', 'LLACUABAMBA', '-8.035833', '-77.454167', 'LAS CHILCAS LLACUABAMBA', 232, 218, 33, 1, 1, 2, '	10:30', '0:15', 'SOLO BTS', '', '', '0:00', '61498686', 1, 1, 1, 1, 1, 1, '', NULL, NULL),
	(537, '	TA6460', 'LLAMA ANCASH', '-8.9059725', '-77.29684', 'Carretera a Pampachacra (a la mano derecha)', 173, 147, 13, 3, 1, 2, '	6:00', '4:00', 'PENDIENTE', '7:00', '1:00', '8:00', '58425759', 1, 1, 1, 1, 1, 1, '	CONSTANTES CORTES, DESLIZAMIENTOS, DESCARGAS ELÉCTRICAS, LLUVIAS, FALLAS CON EL CONCESIONARIO ELECTRÍCO, RUTA ACCIDENTADA	 ', NULL, NULL),
	(538, '	TC6421', 'LLAMA CAJAMARCA', '-6.53014', '-79.12206', 'CERRO LLIPTA', 173, 147, 33, 7, 1, 2, '	3:00', '4:00', 'SOLO BTS', '3:00', '0:20', '3:20', '35420869', 5, 1, 1, 1, 1, 1, '	DERRUMBES EN EPOCA DE LLUVIA	 ', NULL, NULL),
	(539, '	TA5802', 'LLAMACORRAL', '-9.574', '-77.62627778', 'Puntacallán, desvío a Coris (zona de torres celulares)', 239, 219, 33, 3, 1, 2, '	2:00', '10:00', 'SOLO BTS', '1:00', '0:00', '1:00', '52809858', 1, 1, 1, 1, 1, 2, '	CONSTANTES DESCARGAS ELÉCTRICAS, LLUVIAS, FALLAS CON EL CONCESIONARIO ELECTRÍCO, RUTA ACCIDENTADA	 ', NULL, NULL),
	(540, '	TA4628', 'LLAMELLIN', '-9.1012', '-77.025239', 'CERRO PAHUARCOTO', 174, 220, 13, 3, 1, 2, '	9:00', '3:00', '5:00', '7:00', '0:00', '7:00', 'S/N', 8, 1, 1, 1, 1, 1, '', NULL, NULL),
	(541, '	TL3171', 'LLAMPAYEC', '-6.6993', '-79.9131', 'Ca. Piura S/N', 348, 161, 33, 7, 1, 1, '	2:00', '5:00', 'SOLO BTS', '0:30', '', '0:30', '38734513', 5, 1, 1, 1, 1, 1, '', NULL, NULL),
	(542, '	TA5813', 'LLAPO', '-8.513916795', '-78.04111113', 'AV. EL SOL S/N. MZ I. LT 5. BARRIO SAN MARCOS', 175, 221, 33, 2, 1, 2, '	3:00', '3:30', 'SOLO BTS', '6:30', '0:30', '7:00', '58808867', 1, 1, 1, 1, 1, 1, '	CONSTANTES FALLAS CON CONCESIONARIO ELÉCTRICO	 ', NULL, NULL),
	(543, '	TA6461', 'LLIPA', '-10.39387', '-77.1926', 'Distrito de Llipa', 176, 222, 33, 3, 1, 2, '	4:30', '12:00', 'SOLO BTS', '5:00', '0:00', '5:00', '58723429', 1, 1, 1, 3, 1, 1, '	CONSTANTES CORTES, DESLIZAMIENTOS, DESCARGAS ELÉCTRICAS, LLUVIAS, FALLAS CON EL CONCESIONARIO ELECTRÍCO, RUTA ACCIDENTADA	 ', NULL, NULL),
	(544, '	TC6501', 'LLUCHUBAMBA', '-7.500049933', '-77.96255005', 'PREDIO DENOMINADO LOS CIPRESES', 308, 223, 33, 5, 1, 2, '	4:30', '10:00', 'SOLO BTS', '', '', '0:00', '59951760', 1, 1, 1, 1, 1, 1, '	CORTES CONSTANTES	 ', NULL, NULL),
	(545, '	TJ6271', 'LOMBRIZ', '-7.688289', '-77.825031', 'CASERIO ZANCOBAMBA S/N', 76, 18, 33, 1, 1, 2, '	6:00', '2:00', 'SOLO BTS', '2:00', '0:40', '2:40', '', 2, 1, 1, 1, 1, 1, '', NULL, NULL),
	(546, '	TJ18670', 'LONGOTEA', '-7.0451944', '-77.8745', 'PREDIO DENOMINADO MULLACAPUCRO DIST: LONGOTEA. PROV: BOLIVAR. LA LIBERTAD', 178, 224, 33, 5, 1, 2, '	12:00', '17:00', 'SOLO BTS', '6:00', '0:30', '6:30', '59988367', 1, 2, 1, 3, 1, 1, '', NULL, NULL),
	(547, '	TC5878', 'LONYA GRANDE', '-6.092777813', '-78.4547501', 'CERRO YUCCHACO', 179, 225, 13, 6, 1, 3, '	2:30', '3:00', 'SOLO BTS', '3:30', '0:00', '3:30', '35812448', 4, 1, 1, 1, 1, 1, '	CONSTANTES PROBLEMAS CLIMATOLOGICOS	 ', NULL, NULL),
	(548, '	TL5929', 'LORA Y LORA', '-6.766139071', '-79.84933353', 'AV. JOSE DE LA TORRE UGARTE 465 URB. LA PATASCA', 63, 23, 2, 7, 1, 1, '	1:30', '2:30', 'SOLO BTS', '0:20', '0:00', '0:20', '25651218', 5, 1, 1, 5, 1, 1, '', NULL, NULL),
	(549, '	TP6177', 'LOS ALGARROBOS', '-5.17347', '-80.65058', 'ASOCIACIÓN DE VIVIENDA DE TRABAJADORES DEL OLEODUCTO, AVITOLE , MZ.B LT.1 - REF. URB. LOS ROSALES', 242, 15, 33, 9, 1, 1, '	1:30', '1:50', 'PENDIENTE', '0:20', '0:00', '0:20', '5873747', 3, 1, 1, 1, 1, 1, '', NULL, NULL),
	(550, '	TJ5079', 'LOS ANGELES', '-8.131388942', '-79.03750002', 'AV. LOS ANGELES 390  UR . CALIFORNIA', 336, 124, 15, 1, 1, 1, '	1:30', '6:30', 'PENDIENTE', '0:30', '0:00', '0:30', '47270693', 1, 1, 1, 5, 1, 1, '	ESTACIÓN MONTADA ENCIMA DE UN EDIFICIO MULTIFAMILIAR, ACCESO EN HORARIOS ESTABLECIDOS	 ', NULL, NULL),
	(551, '	TJ51569', 'NAT LOS CEDROS P1', '-8.095444', '-79.050028', 'CL MIGUEL GRAU MZ A (MEDIANERA DE LT 10 Y LT 11) / MZ.A LOTE.10-11 SECTOR DEAN SAAVEDRA - TRUJILLO - LA LIBERTAD', 325, 25, 12, 1, 1, 1, '	1:30', '', 'SOLO BTS', '0:30', '0:00', '0:30', '61492136', 1, 6, 1, 1, 1, 1, '', NULL, NULL),
	(552, '	TJ5227', 'LOS CHOROS', '-8.070166687', '-78.99344466', 'AV JAIME BLANCO 2057 - SECTOR MIGUEL GRAU', 102, 22, 13, 1, 1, 1, '	1:30', '1:30', 'SOLO BTS', '0:40', '0:00', '0:40', '57985590', 1, 1, 1, 1, 1, 1, '', NULL, NULL),
	(553, '	TP5743', 'LOS EJIDOS', '-5.144833', '-80.626789', 'CA LOS EJIDOS KM 5 - CASERIO LA MARIPOSA', 242, 15, 33, 9, 1, 1, '	1:30', '0:00', 'SOLO BTS', '0:20', '0:00', '0:20', '', 49, 1, 1, 1, 1, 1, '', NULL, NULL),
	(554, '	TJ5133', 'LOS INCAS TRUJILLO', '-8.116250053', '-79.0228889', 'AV LOS INCAS 316', 325, 25, 33, 1, 1, 1, '	1:30', '1:50', 'SOLO BTS', '0:40', '0:00', '0:40', '47483001', 1, 1, 1, 1, 1, 1, '', NULL, NULL),
	(555, '	TJ18736', 'LOS LLOQUES', '-8.1666', '-78.44112', 'CALAMARCA. JULCAN. LA LIBERTAD', 35, 226, 33, 1, 1, 2, '	4:30', '37:00', 'SOLO BTS', '5:00', '0:00', '5:00', 'S/N', 10, 2, 1, 3, 1, 3, '	ZONA LEJANA DE DIFICIL ACCESO, ZONA DE CONSTANTES DESCARGAS ATMOSFÉRICAS, RUTA DE CONSTANTES DESLIZAMIENTOS, SI LLUEVE SE CAMINA 1 HORA SIN PESO	 ', NULL, NULL),
	(556, '	TJ6473', 'LOS LOROS', '-7.81741', '-78.19279', 'CERRO LAGUNA NEGRA  CASERIO LOS LOROS', 288, 227, 33, 1, 1, 2, '	4:30', '2:30', 'SOLO BTS', '2:00', '0:00', '2:00', '59493341', 1, 1, 1, 1, 1, 1, '', NULL, NULL),
	(557, '	TP6282', 'LOS ORGANOS', '-4.188833381', '-81.13005561', 'CARRETERA PIURA TUMBES KM. 132', 181, 228, 13, 4, 1, 1, '	2:30', '3:00', '16:00', '3:30', '0:00', '3:30', '8701684', 3, 1, 1, 1, 1, 1, '', NULL, NULL),
	(558, '	TJ5112', 'LOS PANCHITOS', '-8.64831', '-78.63639', 'PANAMERICANA NORTE KM. 482', 58, 106, 4, 1, 1, 1, '	2:30', '9:00', '28:00', '2:40', '0:00', '2:40', 'S/N', 16, 1, 1, 1, 1, 2, '', NULL, NULL),
	(559, '	TL5999', 'LOS PARQUES', '-6.773833501', '-79.85105573', 'AV. ELVIRA GARCIA Y GARCIA 664', 63, 23, 33, 7, 1, 1, '	1:30', '3:00', 'SOLO BTS', '0:20', '0:00', '0:20', '25924173', 5, 1, 1, 5, 1, 1, '	ZONA RESIDENCIAL	 ', NULL, NULL),
	(560, '	TP4218', 'LOS ROBLES', '-5.208056', '-80.649333', 'AH SAN JUAN DE COSCOMBA MZ A SUB LT 8B', 242, 15, 33, 9, 1, 1, '	1:30', '1:10', 'SOLO BTS', '0:20', '0:30', '0:50', '16660380', 3, 1, 1, 1, 1, 1, '', NULL, NULL),
	(561, '	TJ5086', 'LOS SAUCES', '-8.14036', '-79.05342', 'URB. LOS SAUCES MZ. C LOTE 16', 336, 124, 2, 1, 1, 1, '	1:30', '1:00', 'SOLO BTS', '0:30', '0:00', '0:30', '60867060', 1, 1, 1, 1, 1, 1, '', NULL, NULL),
	(562, '	TJ5118', 'LUCMA', '-7.625708', '-78.52984', 'TERRENO DENOMINADO EL ALTO DE LOS INDIOS - CASER#O DE CUNYA', 182, 12, 13, 1, 1, 2, '	2:00', '4:30', 'PENDIENTE', '5:00', '0:10', '5:10', '59123108', 1, 1, 1, 1, 1, 1, '	ZONA DE DIFICIL ACCESO, ZONA DE CONSTANTES DESCARGAS ATMOSFÉRICAS, RUTA DE CONSTANTES DESLIZAMIENTOS, ZONA DE RIESGO PARA EL PERSONAL PRINCIPALMENTE DE NOCHE	 ', NULL, NULL),
	(563, '	TP6340', 'LUIS MONTERO', '-5.185055596', '-80.61888902', 'CALLE LAS ESMERALDAS MZ.E LT.32 - UR . MIRAFLORES II ETAPA', 348, 19, 2, 9, 1, 1, '	1:30', '5:30', 'SOLO BTS', '0:20', '0:00', '0:20', '5887850', 3, 1, 1, 5, 1, 1, '	PROBLEMA CON INSTALACION DE GRUPO ELECTRÓGENO DE RESPALDO	 ', NULL, NULL),
	(564, '	TM5588', 'LUYA LAMUD AMAZONAS', '-6.158500047', '-77.95044464', 'SHUCSHO PUNTA', 183, 229, 33, 8, 1, 3, '	2:00', '8:00', 'SOLO BTS', '1:00', '0:00', '1:00', '90544892', 4, 1, 1, 1, 1, 1, '	CONSTANTES PROBLEMAS CLIMATOLÓGICOS (LLUVIAS)	 ', NULL, NULL),
	(565, '	TJ6046', 'MACULLIDA', '-7.78875', '-77.784472', 'CP MACULLIDA CHUGAY', 76, 18, 33, 1, 1, 2, '	6:00', '3:00', 'SOLO BTS', '3:00', '0:30', '3:30', 'S/N', 6, 1, 1, 6, 1, 1, '', NULL, NULL),
	(566, '	TC5876', 'MAGDALENA CAJAMARCA', '-7.26053', '-78.65064', 'PREDIO LA PAMPA  CONTUMAZA', 90, 128, 33, 5, 1, 2, '	2:00', '5:20', 'SOLO BTS', '1:30', '0:00', '1:30', '58906106', 1, 1, 1, 1, 1, 1, '', NULL, NULL),
	(567, '	TJ5328', 'MAIPU', '-8.084222', '-79.05022222', 'CP EL PROGRESO MZ F LT 03', 325, 25, 33, 1, 1, 1, '	1:30', '1:00', 'SOLO BTS', '0:40', '0:00', '0:40', '60433702', 1, 1, 1, 1, 1, 1, '', NULL, NULL),
	(568, '	TA5668', 'MALECON CHIMBOTE', '-9.07730559', '-78.59063902', '', 348, 17, 33, 2, 1, 1, '	1:30', '0:00', 'SOLO BTS', '0:45', '0:00', '0:45', '60291367', 1, 1, 1, 1, 1, 1, '', NULL, NULL),
	(569, '	TJ1006', 'MALL PLAZA TRUJILLO', '-8.1045069', '-79.04614306', 'AV JESUS DE NAZARETH (FRENTE A MALL AVENTURA PLAZA TRUJILLO). TRUJILLO. TRUJILLO. LA LIBERTAD', 325, 25, 33, 1, 1, 1, '	1:30', '2:00', 'SOLO BTS', '0:30', '0:00', '0:30', '59960400', 1, 1, 1, 1, 1, 1, '', NULL, NULL),
	(570, '	TP6357', 'MALLARES', '-4.857277962', '-80.77072238', 'SECTOR SAENZ PEÑA. CENTRO POBLADO MALLARES', 189, 230, 33, 9, 1, 1, '	2:00', '', 'SOLO BTS', '0:45', '0:20', '1:05', '11296305', 3, 1, 1, 1, 1, 1, '', NULL, NULL),
	(571, '	TP2257', 'MANAGUA', '-5.203089', '-80.642478', 'CL SAN FRANCISCO CON CL MANAGUA - AH SAN PEDRO M17 L1', 242, 15, 33, 9, 1, 1, '	1:30', '', 'SOLO BTS', '0:30', '0:00', '0:30', '16960528', 3, 1, 1, 1, 1, 1, '', NULL, NULL),
	(572, '	TP1875', 'MANCO INCA', '-5.2336', '-80.658919', 'CL S/N  BARRIO NORTE CP LA LEGUA (ALTURA AV PRINCIPAL 322)', 48, 90, 2, 9, 1, 1, '	1:30', '2:00', 'SOLO BTS', '0:20', '0:00', '0:20', '13220389', 3, 1, 1, 1, 1, 1, '', NULL, NULL),
	(573, '	TP6137', 'MANCORA NORTE', '-4.112277822', '-81.0744167', 'CA ANTIGUA PANAMERICANA NORTE KM 1164', 185, 231, 23, 4, 1, 1, '	2:30', '3:00', 'SOLO BTS', '2:30', '0:00', '2:30', '13220389', 3, 1, 1, 1, 1, 1, '', NULL, NULL),
	(574, '	TP6294', 'MANCORA PUEBLO', '-4.112555601', '-81.0466667', 'CERRO TANQUE DE AGUA. COMUNIDAD CAMPESINA MANCORA', 185, 231, 15, 4, 1, 1, '	2:30', '5:00', 'PENDIENTE', '2:30', '0:00', '2:30', '8713658', 3, 1, 1, 1, 1, 1, '', NULL, NULL),
	(575, '	TP6136', 'MANCORA SUR', '-4.132388944', '-81.10033335', 'HOTEL MIRADOR DE VICHAYITO. PANAMERICANA ANTIGUA A 5.2 KM DE INTERSECCION PANAMERICANA NUEVA (DESVIO PUENTE MANCORA)', 181, 228, 2, 4, 1, 1, '	2:30', '3:00', 'SOLO BTS', '2:40', '0:00', '2:40', 'S/N', 6, 1, 1, 1, 1, 1, '', NULL, NULL),
	(576, '	TP5341', 'MANCORA VIP', '-4.10416', '-81.04828', 'AV. PANAMERICANA CDRA. 4', 185, 231, 33, 4, 1, 1, '	2:30', '4:00', 'SOLO BTS', '2:30', '0:00', '2:30', '16147836', 3, 1, 1, 2, 1, 1, '', NULL, NULL),
	(577, '	TA2459', 'MANCOS', '-9.19115', '-77.713947', 'JR 2 DE MAYO CDRA 1 - Ciudad de Mancos', 186, 232, 33, 3, 1, 2, '	2:00', '5:00', 'SOLO BTS', '1:30', '0:00', '1:30', '61538870', 1, 1, 1, 1, 1, 1, '', NULL, NULL),
	(578, '	TJ5084', 'MANSICHE', '-8.105833365', '-79.02888892', 'AV. MANUEL VERA ENRIQUE 136 (ANTES AV. INDUSTRIAL)', 325, 25, 33, 1, 1, 1, '	1:30', '0:30', 'SOLO BTS', '0:30', '0:00', '0:30', '47272787', 1, 1, 1, 1, 1, 1, '	ACCESO EN HORARIOS DEFINIDOS	 ', NULL, NULL),
	(579, '	LL1858', 'MANSERICHE', '', '', 'CA.LORETO S/N C.P. VILLA SARAMERIZA', 348, 233, 33, 8, 1, 3, '	12:00', '16:00', 'SOLO BTS', '11:00', '0:00', '11:00', '36415854', 4, 7, 1, 3, 1, 1, '', NULL, NULL),
	(580, '	TL3349', 'MANSERICHE', '', '', '', 63, 23, 33, 7, 1, 1, '	1:30', '5:00', 'SOLO BTS', '11:00', '0:00', '11:00', '38574537', 5, 1, 1, 1, 1, 1, '', NULL, NULL),
	(581, '	TJ5224', 'MANUEL AREVALO', '-8.072527803', '-79.06102781', 'MZ B 21 LTE 2 URB MANUEL AREVALO 3ERA ETAPA LA ESPERANZA TRJ', 156, 2, 33, 1, 1, 1, '	1:30', '1:20', 'SOLO BTS', '0:40', '0:30', '1:10', '58052870', 1, 1, 1, 1, 1, 1, '', NULL, NULL),
	(582, '	TJ5221', 'MANUEL SEOANE', '-8.132277832', '-79.04341669', 'CALLE LAS BEGONIAS N° 228 LT.4. URB. SANTA EDELMIRA', 336, 124, 33, 1, 1, 1, '	1:30', '4:30', 'SOLO BTS', '0:30', '0:00', '0:30', '57933600', 1, 1, 1, 5, 1, 1, '', NULL, NULL),
	(583, '	TA18774', 'MANYANYACU', '-8.97663', '-77.24792', 'CP de Manyanyacu (junto al colegio)', 341, 234, 33, 3, 1, 2, '	6:00', '8:30', 'SOLO BTS', '6:00', '0:20', '6:20', '58684269', 1, 2, 1, 3, 2, 1, '	CONSTANTES CORTES, DESLIZAMIENTOS, DESCARGAS ELÉCTRICAS, LLUVIAS, FALLAS CON EL CONCESIONARIO ELECTRÍCO, RUTA ACCIDENTADA	 ', NULL, NULL),
	(584, '	TJ5164', 'MAR PICANTE', '-8.117888915', '-79.03416668', 'JR. MARCELO CORNE 381', 348, 25, 33, 1, 1, 1, '	1:30', '2:30', 'SOLO BTS', '0:30', '0:00', '0:30', '54893242', 1, 1, 1, 5, 1, 1, '', NULL, NULL),
	(585, '	TA5732', 'MARCARA', '-9.33519', '-77.58594', 'CP de Shumay', 188, 235, 13, 3, 1, 2, '	2:00', '2:00', 'PENDIENTE', '1:45', '0:00', '1:45', '60443431', 1, 1, 1, 1, 1, 1, '	CONSTANTES DESCARGAS ELÉCTRICAS, LLUVIAS, DESLIZAMIENTOS, FALLAS CON EL CONCESIONARIO ELECTRÍCO, RUTA ACCIDENTADA	 ', NULL, NULL),
	(586, '	TP4990', 'MARCAVELICA', '-4.87989', '-80.70038', '', 348, 230, 33, 9, 1, 1, '	2:00', '2:00', 'SOLO BTS', '1:00', '0:00', '1:00', '17444236', 3, 7, 1, 1, 1, 1, '', NULL, NULL),
	(587, '	TP6300', 'MARCAVELLICA MALLARITOS', '-4.872611296', '-80.71319461', 'CARRETERA PANAMERICANA NORTE N° 111 FUNDO SANTA CLARA', 189, 230, 33, 9, 1, 1, '	2:00', '4:30', 'SOLO BTS', '0:40', '0:00', '0:40', '11070219', 3, 1, 1, 1, 1, 1, '', NULL, NULL),
	(588, '	TL6023', 'AV MARIANO CORNEJO', '-6.757000164', '-79.85036128', 'AV. MARIANO CORNEJO N° 406. ESQUINA CON CALLE DANIEL ALCIDES CARRION N° 1062 LT.17 MZ.27 - AA.HH. SAN LORENZO', 148, 29, 33, 7, 1, 1, '	1:30', '0:00', 'SOLO BTS', '0:20', '1:00', '1:20', '26473228', 5, 1, 1, 1, 1, 1, '', NULL, NULL),
	(589, '	TL3986', 'MARIATEGUI', '-6.709536', '-79.855306', 'MZ.A LOTE 1-2 CASERIO EUREKA', 348, 161, 33, 7, 1, 1, '	1:30', '4:00', 'SOLO BTS', '0:30', '0:00', '0:30', '39036909', 5, 7, 1, 1, 1, 5, '', NULL, NULL),
	(590, '	TT1658', 'MARISCAL', '-3.566353', '-80.453747', 'AV MARISCAL CASTILLA 875 URB EL RECREO', 329, 5, 33, 4, 1, 1, '	1:30', '1:30', 'SOLO BTS', '0:20', '0:00', '0:20', '16647154', 3, 1, 1, 1, 1, 1, '', NULL, NULL),
	(591, '	TJ5179', 'MARSA', '-8.048277814', '-77.42397232', 'LOMA REMATAS', 232, 218, 18, 1, 1, 2, '	6:00', '4:00', 'PENDIENTE', '14:00', '0:10', '14:10', 'S/N', 29, 1, 1, 2, 1, 1, '', NULL, NULL),
	(592, '	TC6408', 'MARTIRES UCHURACAY', '-7.18666671', '-78.49005567', 'PREDIO ARENA SECTOR PACCHA CHICA BAJA (CC90980)', 32, 7, 2, 5, 1, 2, '	1:30', '6:00', 'SOLO BTS', '0:20', '0:00', '0:20', '59623787', 1, 1, 1, 1, 1, 1, '', NULL, NULL),
	(593, '	TM5624', 'MASHUYACO', '-6.49292', '-77.35816667', 'CACERIO DE PUMAMARCA', 70, 236, 33, 8, 1, 3, '	6:00', '7:00', 'SOLO BTS', '5:00', '0:00', '5:00', '35620977', 4, 1, 1, 1, 1, 1, '	CONSTANTES FALLAS CON CONCESIONARIO/CONSTANTES PROBLEMAS CLIMATOLÓGICOS (LLUVIAS)	 ', NULL, NULL),
	(594, '	TT6331', 'MATAPALO', '-3.67653', '-80.20102', 'CASERIO MATAPALO (LOMA DEL VIENTO), MATAPALO, ZARUMILLA, TUMBES', 191, 237, 13, 4, 1, 1, '	1:30', '6:30', 'PENDIENTE', '1:30', '0:00', '1:30', '15591152', 3, 1, 1, 1, 1, 1, '', NULL, NULL),
	(595, '	TC4588', 'MATARA 2', '-7.255278', '-78.26475', 'CERRO  AL  FRENTE  DEL  PUEBLO  MATARA', 192, 238, 13, 5, 1, 2, '	1:30', '3:00', 'SOLO BTS', '1:30', '0:00', '1:30', '59064508', 1, 1, 1, 1, 1, 1, '', NULL, NULL),
	(596, '	TA5664', 'MEGA PLAZA CHIMBOTE RIPLEY', '-9.10242', '-78.55702', '', 66, 17, 33, 2, 1, 1, '	1:30', '', 'SOLO BTS', '0:30', '0:00', '0:30', 'S/N', 15, 3, 1, 2, 1, 1, '', NULL, NULL),
	(597, '	TA5631', 'MEIGGS', '-9.09538893', '-78.56675011', 'AV. ENRIQUE MEIGGS N° 2603 (LOTE 8 MZ.T-2)', 66, 17, 6, 2, 1, 1, '	1:30', '2:50', 'PENDIENTE', '1:00', '0:00', '1:00', '49564987', 1, 1, 1, 1, 1, 2, '', NULL, NULL),
	(598, '	TP5427', 'MELANIO COLOMA', '-4.88268', '-80.6724', '', 22, 24, 33, 9, 1, 1, '	2:00', '11:00', 'SOLO BTS', '', '', '0:00', '17391858', 3, 7, 1, 2, 1, 1, '', NULL, NULL),
	(599, '	TL5953', 'MERCADO MAYORISTA', '-6.755111271', '-79.8438613', 'Av. Agusto B Leguia cuada 14', 148, 23, 15, 7, 1, 1, '	1:30', '1:00', 'PENDIENTE', '0:30', '0:00', '0:30', '25823457', 5, 1, 1, 1, 1, 1, '	ZONA PELIGROSA PARA INSTALAR GENERADOR	 ', NULL, NULL),
	(600, '	TP0074', 'MERINO', '-5.18017', '-80.6494', '', 1, 15, 33, 9, 1, 1, '	1:30', '', 'SOLO BTS', '0:30', '0:00', '0:30', '17209049', 3, 7, 1, 2, 1, 1, '', NULL, NULL),
	(601, '	TL4021', 'MESONES', '-6.763219', '-79.821628', '', 63, 23, 33, 7, 1, 1, '	1:30', '', 'SOLO BTS', '0:30', '0:00', '0:30', '38577154', 5, 1, 1, 2, 1, 1, '', NULL, NULL),
	(602, '	TJ6074', 'METROPOLITANO', '-8.091289', '-79.042039', 'AV METROPOLITANA I CDRA 3 CON CL ROSALES (POSTE)', 325, 25, 33, 1, 1, 1, '	1:30', '', 'SOLO BTS', '0:30', '0:00', '0:30', '63115004', 1, 1, 1, 1, 1, 1, '', NULL, NULL),
	(603, '	TJ1748', 'MG', '-7.609083', '-77.822333', 'CERRO TAMBOAL SECTOR HUALANGO', 299, 207, 33, 1, 1, 2, '	6:00', '7:00', 'SOLO BTS', '4:00', '0:40', '4:40', '63091486', 1, 1, 1, 1, 1, 1, '', NULL, NULL),
	(604, '	TJ5078', 'MICAELA BASTIDAS', '-8.08666669', '-78.99805578', 'AV. MICAELA BASTIDAS 1600', 102, 22, 33, 1, 1, 1, '	1:30', '3:30', 'SOLO BTS', '0:40', '0:00', '0:40', '47270684', 1, 1, 1, 1, 1, 1, '', NULL, NULL),
	(605, '	TP1628', 'MICAELA PIURA', '-5.172936', '-80.689931', 'AH VILLA HERMOSA MZ M LT 11', 242, 15, 2, 9, 1, 1, '	1:30', '0:16', 'SOLO BTS', '0:20', '0:00', '0:20', '16858589', 3, 1, 1, 1, 1, 1, '', NULL, NULL),
	(606, '	TJ2580', 'MICROCELDA VIRU', '-8.40791', '-78.81427', 'CARRETERA VIRU, LA LIBERTAD', 348, 70, 33, 1, 1, 1, '	2:00', '0:00', 'SOLO BTS', '2:00', '', '2:00', '62621971', 1, 7, 1, 4, 1, 1, '', NULL, NULL),
	(607, '	TT2475', 'MIGRACION', '-3.485169', '-80.2612', 'COMPLEJO ADUANERO AGUAS VERDES', 4, 14, 33, 4, 1, 1, '	1:30', '7:00', 'SOLO BTS', '0:30', '0:00', '0:30', '16776053', 3, 1, 1, 2, 1, 1, '', NULL, NULL),
	(608, '	TP6166', 'MIGUEL CHECA PIURA', '-5.190555607', '-80.66250016', 'AV. CIRCUNVALACION 3490', 242, 15, 2, 9, 1, 1, '	1:30', '2:00', 'SOLO BTS', '0:20', '0:00', '0:20', '05812080', 3, 1, 1, 1, 1, 1, '', NULL, NULL),
	(609, '	TJ5085', 'MIGUEL GRAU', '-8.124444483', '-79.02361113', 'AV. LA MARINA 1160 - UR  LA PERLA - OVALO MIGUEL GRAU', 325, 25, 33, 1, 1, 1, '	1:30', '0:20', 'SOLO BTS', '0:30', '0:00', '0:30', '47272802', 1, 1, 1, 1, 1, 1, '', NULL, NULL),
	(610, '	TC5396', 'MIGUEL ILLMAN', '-7.145633', '-78.518844', 'JR MIGUEL IGLESIAS 948', 32, 7, 33, 5, 1, 2, '	1:30', '1:00', 'SOLO BTS', '0:20', '0:00', '0:20', '61619905', 1, 1, 1, 1, 1, 1, '', NULL, NULL),
	(611, '	TJ4942', 'MILAGRITOS', '-8.033194', '-79.0645', 'AH EL MILAGRO SECTOR 1 MZ 17 LT 1A-1', 122, 40, 33, 1, 1, 1, '	1:30', '5:00', 'SOLO BTS', '0:50', '0:00', '0:50', '62024157', 1, 1, 1, 1, 1, 1, '', NULL, NULL),
	(612, '	TJ5185', 'EL MILAGRO', '-8.023305572', '-79.06411115', 'MZ. 59. LT. 9. SECTOR III. PANAMERICANA NORTE KM. 571.5', 122, 40, 31, 1, 1, 1, '	1:30', '6:00', 'SOLO BTS', '0:40', '0:30', '1:10', '54669451', 1, 1, 1, 1, 1, 1, '', NULL, NULL),
	(613, '	TJ6303', 'MINA EL TORO', '-7.839361', '-78.006444', 'COMPAÑIA MINA EL TORO', 118, 134, 33, 1, 1, 2, '	4:30', '', 'SOLO BTS', '1:20', '0:00', '1:20', 'S/N', 23, 1, 1, 1, 1, 1, '', NULL, NULL),
	(614, '	TC0607', 'MINAS', '-7.166817', '-78.514842', '', 32, 7, 33, 5, 1, 2, '	1:30', '5:00', 'SOLO BTS', '0:30', '0:00', '0:30', '63712810', 1, 1, 1, 2, 1, 1, '', NULL, NULL),
	(615, '	TP1863', 'MINAS DE SALVIA', '-4.87282', '-79.80381', 'PACAIPAMPA. AYABACA. PIURA', 220, 186, 33, 9, 1, 2, '	4:30', '3:20', 'SOLO BTS', '5:00', '0:00', '5:00', '10255012', 3, 1, 1, 3, 1, 1, '', NULL, NULL),
	(616, '	TJ5180', 'MINERA HORIZONTE', '-8.013666694', '-77.47344455', 'CAMPAMENTO MINERO HORIZONTE. PUEBLO RETAMAZ', 232, 218, 2, 1, 1, 2, '	12:00', '4:30', 'SOLO BTS', '', '', '0:00', 'S/N', 30, 1, 1, 1, 1, 1, '', NULL, NULL),
	(617, '	POP CHEPEN', 'MINI POP CHEPEN CENTRO', '-7.2266', '-79.4297', 'TORRERA ATC', 348, 109, 26, 1, 1, 1, '	2:30', '5:00', 'PENDIENTE', '3:30', '1:00', '4:30', 'S/N', 13, 7, 1, 12, 2, 2, '', NULL, NULL),
	(618, '	POP CHILETE', 'MINI POP CHILETE TDP', '', '', 'TDP', 348, 380, 26, 5, 1, 2, '	3:00', '', 'PENDIENTE', '2:00', '0:00', '2:00', 'S/N', 19, 7, 1, 12, 2, 2, '', NULL, NULL),
	(619, '	POP MALL AVENTURA', 'MINI POP MALL AVENTURA', '', '', 'MALL AVENTURA TRUJILLO', 187, 25, 26, 1, 1, 1, '	1:30', '', 'PENDIENTE', '0:30', '0:00', '0:30', 'S/N', 15, 7, 1, 12, 2, 1, '', NULL, NULL),
	(620, '	TC5917', 'MIRACOSTA', '-6.39698', '-79.2715', 'MIRACOSTA. CHOTA. CAJAMARCA', 195, 239, 13, 7, 1, 2, '	4:30', '5:00', 'PENDIENTE', '4:00', '0:00', '4:00', '35433704', 5, 1, 1, 1, 1, 1, '	DERRUMBES EN EPOCA DE LLUVIA	 ', NULL, NULL),
	(621, '	TC6416', 'MIRADOR YANACOCHA', '-6.97936', '-78.50758', 'CERRO EL MIRADOR MINAS YANACOCHA', 180, 46, 13, 5, 1, 2, '	2:30', '', 'PENDIENTE', '1:30', '0:00', '1:30', 'S/N', 31, 1, 1, 1, 1, 1, '', NULL, NULL),
	(622, '	TM5583', 'MIRAFLORES AMAZONAS', '-5.868194621', '-78.36552788', 'CALLE AMAZONAS S/N EL MOROCHAL. CENTRO POBLADO DE MIRAFLORES', 17, 43, 33, 8, 1, 3, '	2:30', '1:20', 'SOLO BTS', '4:00', '0:00', '4:00', '', 49, 1, 1, 1, 1, 1, '	CONSTANTES DESCARGAS ELÉCTRICAS ATMOSFÉRICAS/CONSTANTES PROBLEMAS CLIMATOLÓGICOS (LLUVIAS)/ZONA DE ALTO RIESGO PERSONAL (ROBO)	 ', NULL, NULL),
	(623, '	TA3236', 'MIRAMAR', '-10.052189', '-78.15905', '', 128, 96, 33, 2, 1, 1, '	2:00', '5:00', 'SOLO BTS', '1:30', '0:00', '1:30', '63933187', 1, 1, 1, 2, 1, 1, '', NULL, NULL),
	(624, '	TJ5080', 'MOCHE', '-8.16597', '-79.00833', 'PREDIO LOS TALLOS ESQ. CON PROLONGACIÓN CARLOS EROS', 196, 157, 15, 1, 1, 1, '	1:30', '4:30', 'PENDIENTE', '0:40', '1:00', '1:40', '47272769', 1, 1, 1, 1, 1, 1, '	ZONA CON MALA CALIDAD DE ENERGÍA.	 ', NULL, NULL),
	(625, '	TL4207', 'MOCHUMI', '-6.550142', '-79.864861', 'PROLONG MIGUEL GRAU MZ F LT 4-5 URB CAROLINA', 197, 240, 33, 7, 1, 1, '	1:30', '3:00', 'SOLO BTS', '0:40', '0:00', '0:40', '37225317', 5, 1, 1, 1, 1, 1, '', NULL, NULL),
	(626, '	TP3164', 'MOHME', '-5.157869', '-80.661069', '', 242, 15, 33, 9, 1, 1, '	1:30', '3:00', 'SOLO BTS', '0:30', '0:00', '0:30', '17130950', 3, 1, 1, 2, 1, 1, '', NULL, NULL),
	(627, '	TL3099', 'MOLINERA', '', '', '', 238, 82, 33, 7, 1, 1, '	1:30', '7:20', 'SOLO BTS', '0:30', '0:00', '0:30', '38903484', 5, 1, 1, 2, 1, 1, '', NULL, NULL),
	(628, '	TM5619', 'MOLINOPAMPA', '-6.206388942', '-77.65597236', 'LUGAR DENOMINADO LA PUNTA - COMUNIDAD CAMPESINA TAULIA - MOLINOPAMPA', 198, 241, 33, 8, 1, 3, '	2:00', '3:00', 'SOLO BTS', '1:30', '0:00', '1:30', '35839049', 4, 1, 1, 1, 1, 1, '	CONSTANTES DESCARGAS ELÉCTRICAS ATMOSFÉRICAS/CONSTANTES PROBLEMAS CLIMATOLÓGICOS (LLUVIAS)/ESTACION CON DIFICIL ACCESO	 ', NULL, NULL),
	(629, '	TC18666', 'MOLINO VIEJO', '-5.8005', '-79.3745', 'PREDIO MIRAFLORES - CP MOLINO VIEJO', 265, 211, 33, 6, 1, 2, '	3:00', '20:00', 'SOLO BTS', '3:00', '0:00', '3:00', 'S/N', 32, 2, 1, 3, 1, 1, '', NULL, NULL),
	(630, '	TL6001', 'MONSEFU ETEN', '-6.888277964', '-79.86863907', 'PREDIO LOS GRANADOS 192-2 CA MONSEFU ETEN', 199, 68, 17, 7, 1, 1, '	1:30', '1:30', 'PENDIENTE', '0:30', '0:30', '1:00', '25950280', 5, 1, 1, 1, 1, 1, '', NULL, NULL),
	(631, '	TJ5088', 'MONSERRATE', '-8.113750048', '-79.03280559', 'AV. ESPAÑA 305', 325, 25, 2, 1, 1, 1, '	1:30', '3:50', 'SOLO BTS', '0:30', '0:05', '0:35', '47330728', 1, 1, 1, 5, 1, 1, '', NULL, NULL),
	(632, '	TL4060', 'MONTE HERMOSO', '-6.4826', '-79.9572', '', 348, 242, 33, 7, 1, 1, '	1:30', '1:00', 'SOLO BTS', '0:30', '0:00', '0:30', '38790774', 5, 7, 1, 2, 1, 1, '', NULL, NULL),
	(633, '	TP6261', 'MONTERO', '-4.643055702', '-79.8203335', 'CERRO PICOLORO - LOMA SICACATE', 200, 243, 13, 9, 1, 2, '	3:00', '3:00', '24:00', '3:00', '0:30', '3:30', '11104095', 3, 1, 1, 1, 1, 1, '	ESTACIÓN CON DIFÍCIL ACCESO EN TEMPORADA DE LLUVIA/CORTES CONSTANTES	 ', NULL, NULL),
	(634, '	TP1236', 'MONTERON', '-4.880417', '-80.801639', 'CERRO S/N CASERIO MONTERON', 189, 230, 33, 9, 1, 1, '	2:00', '', 'SOLO BTS', '', '', '0:00', '16869457', 3, 1, 1, 1, 1, 1, '', NULL, NULL),
	(635, '	TA5652', 'MONTERREY', '-9.46553', '-77.54197', 'Urb. Monterrey (carretera a Collana)', 139, 71, 33, 3, 1, 2, '	1:30', '4:30', 'SOLO BTS', '0:45', '0:00', '0:45', '52802122', 1, 1, 1, 2, 1, 4, '	CONSTANTES DESCARGAS ELÉCTRICAS, LLUVIAS, FALLAS CON EL CONCESIONARIO ELECTRÍCO, RUTA ACCIDENTADA	 ', NULL, NULL),
	(636, '	TP6292', 'MORANTE CHICO', '-5.54047', '-80.02108', '', 159, 204, 33, 9, 1, 1, '	2:30', '5:00', 'SOLO BTS', '2:00', '0:00', '2:00', '36495640', 3, 1, 1, 1, 1, 2, '	ESTACIÓN CON DIFÍCIL ACCESO EN TEMPORADA DE LLUVIA	 ', NULL, NULL),
	(637, '	TA4938', 'MORO 2', '-9.139138889', '-78.18527778', 'PREDIO BENJAMIN UNIDAD CATASTRAL 1277', 201, 244, 13, 2, 1, 1, '	1:30', '5:40', 'PENDIENTE', '2:00', '0:30', '2:30', '55482457', 1, 1, 1, 1, 1, 1, '', NULL, NULL),
	(638, '	TP1827', 'MORRITO', '-5.212981', '-80.087989', 'PSJE PIURA 131 LA MATANZA', 159, 204, 33, 9, 1, 1, '	2:00', '4:30', 'SOLO BTS', '', '', '0:00', '17117439', 3, 1, 1, 2, 1, 1, '', NULL, NULL),
	(639, '	TL5960', 'MORROPE', '-6.543444571', '-80.01388892', 'CALLE PASCUAL PUYEN S/N', 202, 137, 15, 7, 1, 1, '	1:30', '4:30', 'PENDIENTE', '0:40', '0:25', '1:05', '27552148', 5, 1, 1, 1, 1, 1, '', NULL, NULL),
	(640, '	TP0030', 'MORROPON', '-5.186138', '-79.972526', '', 203, 97, 33, 9, 1, 1, '	2:30', '0:00', 'SOLO BTS', '', '', '0:00', '17094450', 3, 1, 1, 2, 1, 1, '', NULL, NULL),
	(641, '	TL5887', 'MOSHOQUEQUE II', '-6.754389', '-79.83627778', 'CA. CONQUISTA 1061 URB. URRUNAGA', 148, 29, 33, 7, 1, 1, '	1:30', '2:50', 'SOLO BTS', '0:20', '0:00', '0:20', '37725038', 5, 1, 1, 1, 1, 1, '', NULL, NULL),
	(642, '	TL5961', 'MOTUPE', '-6.162777833', '-79.69441683', 'ALTURA KM. 64 ANTIGUA PANAMERICANA NORTE (CRUCE A CHOCHOPE)', 204, 245, 13, 7, 1, 1, '	2:30', '2:50', '4:00', '1:15', '0:00', '1:15', '25851658', 5, 1, 1, 1, 1, 1, '	POBLACIÓN NO DEJA INSTALAR GE EN SITE (ACTUALMENTE SE INSTALARÁ SISTEMA ELEVADOR REDUCTOR	 ', NULL, NULL),
	(643, '	TL5957', 'MOTUPE JAYANCA', '-6.32705564', '-79.76300018', 'Centro Poblado Sancarranca S/N', 204, 192, 2, 7, 1, 1, '	2:00', '6:00', 'SOLO BTS', '1:00', '0:00', '1:00', '25851676', 5, 1, 1, 1, 1, 1, '', NULL, NULL),
	(644, '	TL5391', 'MOTUPILLO', '-6.44086', '-79.6071', '', 348, 246, 33, 7, 1, 1, '	2:00', '0:00', 'SOLO BTS', '1:30', '', '1:30', '38987500', 5, 7, 1, 2, 1, 1, '', NULL, NULL),
	(645, '	TA56644', 'MPCH PASADIZO', '', '', 'AV JOSE PARDO 4694 CC MEGAPLAZA CHIMBOTE', 66, 247, 12, 2, 1, 1, '	1:30', '', 'SOLO BTS', '0:30', '0:00', '0:30', 'S/N', 15, 3, 1, 12, 2, 1, '', NULL, NULL),
	(646, '	TA56641', 'MPCH PATIO COMIDAS', '-9.10242', '-78.55702', 'AV JOSE PARDO 4694 CC MEGAPLAZA  CHIMBOTE', 66, 247, 12, 2, 1, 1, '	1:30', '', 'SOLO BTS', '1:30', '0:00', '1:30', 'S/N', 15, 3, 1, 12, 1, 1, '', NULL, NULL),
	(647, '	TA56643', 'MPCH SODIMAC SAGA', '', '', 'AV JOSE PARDO 4694 CC MEGAPLAZA CHIMBOTE', 66, 247, 12, 2, 1, 1, '	1:30', '', 'SOLO BTS', '0:30', '0:00', '0:30', 'S/N', 15, 3, 1, 12, 2, 1, '', NULL, NULL),
	(648, '	TJ18738', 'MULLAMANDAY', '-8.12625', '-78.54169', 'CARABAMBA. JULCAN. LA LIBERTAD', 40, 76, 33, 1, 1, 2, '	3:00', '4:00', 'SOLO BTS', '5:00', '0:30', '5:30', '59229742', 1, 2, 1, 3, 1, 1, '	ZONA DE CONSTANTES DESCARGAS ATMOSFÉRICAS, 	 ', NULL, NULL),
	(649, '	TJ53383', 'MUNICIPALIDAD DE TRUJILLO', '-8.10816', '-79.0303', '', 325, 25, 33, 1, 1, 1, '	1:30', '', 'SOLO BTS', '0:30', '0:00', '0:30', '', 49, 4, 1, 4, 2, 1, '', NULL, NULL),
	(650, '	TC18650', 'MUYOC GRANDE', '-6.53345', '-78.2246', 'CASERIO MUYOC GRANDE', 78, 56, 33, 5, 1, 2, '	6:00', '9:00', 'SOLO BTS', '6:00', '1:15', '7:15', 'S/N', 10, 2, 1, 3, 1, 3, '	ESTACIÓN CON DIFÍCIL ACCESO	 ', NULL, NULL),
	(651, '	TC6437', 'NAMBALLE', '-4.989000208', '-79.08194449', 'CERRO RAMIREZ', 206, 248, 33, 6, 1, 3, '	4:30', '3:00', 'SOLO BTS', '4:00', '0:00', '4:00', '32044945', 4, 1, 1, 1, 1, 1, '	CONSTANTES PROBLEMAS CLIMATOLOGICOS	 ', NULL, NULL),
	(652, '	TC5924', 'NANCHOC', '-6.95127', '-79.2739', 'LOS PIRCAS. NANCHOC. SAN MIGUEL. CAJAMARCA', 208, 249, 13, 7, 1, 2, '	3:00', '3:00', 'PENDIENTE', '2:00', '0:00', '2:00', '26469421', 5, 1, 1, 1, 1, 1, '	DERRUMBES EN EPOCA DE LLUVIA	 ', NULL, NULL),
	(653, '	TM5622', 'NARANJITO', '-5.832611306', '-78.28050008', 'CERRO EL HUAYLLO SECTOR ESMERALDA - CASERIO PUERTO NARANJITOS', 141, 191, 33, 8, 1, 3, '	2:30', '4:20', 'SOLO BTS', '2:00', '0:00', '2:00', '35790485', 4, 1, 1, 1, 1, 1, '	CONSTANTES PROBLEMAS CLIMATOLÓGICOS (LLUVIAS)/ZONA DE ALTO RIESGO	 ', NULL, NULL),
	(654, '	TA42406', 'NAT ANTAMINA P1', '-9.577583', '-77.028639', 'Campamento Yanacancha / Antamina', 280, 33, 12, 3, 1, 2, '	2:00', '', 'SOLO BTS', '', '', '0:00', 'S/N', 9, 6, 1, 1, 1, 1, '', NULL, NULL),
	(655, '	TA42407', 'NAT ANTAMINA P2', '-9.577583', '-77.028639', 'NUEVO CAMPAMENTO - MINA ANTAMINA', 280, 33, 12, 3, 1, 2, '	2:00', '', 'SOLO BTS', '', '', '0:00', 'S/N', 9, 6, 1, 12, 1, 1, '', NULL, NULL),
	(656, '	TP63408', 'NAT AVELINO CACERES', '-5.18319', '-80.6231', 'CL LAS ESMERALDAS MZ E LT 32', 47, 19, 12, 9, 1, 1, '	1:30', '2:30', 'SOLO BTS', '0:30', '0:00', '0:30', '', 49, 6, 1, 12, 1, 1, '', NULL, NULL),
	(657, '	TJ49401', 'NAT BARRIO 3B P1', '-8.068', '-79.0197', 'CL NUEVO JERUSALEN S/N (POSTE EN VIA PUBLICA)', 102, 22, 12, 1, 1, 1, '	1:30', '', 'SOLO BTS', '0:30', '0:00', '0:30', '62152237', 1, 6, 1, 12, 1, 1, '', NULL, NULL),
	(658, '	TJ49403', 'NAT BARRIO 3B P2', '-8.059581', '-79.020747', '', 348, 380, 12, 1, 1, 1, '	1:30', '', 'SOLO BTS', '0:30', '0:00', '0:30', '62148790', 1, 7, 4, 12, 6, 1, '', NULL, NULL),
	(659, '	TJ49402', 'NAT BARRIO 3B P3', '-8.069417', '-79.032833', '', 348, 380, 12, 1, 1, 1, '	1:30', '', 'SOLO BTS', '0:30', '0:00', '0:30', '62148753', 1, 7, 4, 12, 6, 1, '', NULL, NULL),
	(660, '	TJ70785', 'NAT CERRO PRIETO P1', '-7.068605', '-79.558935', 'CA PANAMERICANA SUR KM 7335 GARITA 3', 221, 164, 12, 7, 1, 1, '	2:00', '', 'SOLO BTS', '', '', '0:00', '', 49, 6, 1, 12, 1, 1, '', NULL, NULL),
	(661, '	TJL51634', 'NAT CHICAGO P1', '-8.114111159', '-79.02261113', 'ESQUINA CALLE ATAHUALPA CON AV ESPAÑA COSTADO BOTICA ARCANGEL', 348, 25, 12, 1, 1, 1, '	1:30', '0:00', 'SOLO BTS', '0:30', '0:00', '0:30', '', 49, 7, 1, 1, 1, 1, '', NULL, NULL),
	(662, '	TJL51635', 'NAT CHICAGO P2', '-8.114111159', '-79.02261113', 'CL FRANCISCO DE ZELA', 348, 25, 12, 1, 1, 1, '	1:30', '0:00', 'SOLO BTS', '0:30', '0:00', '0:30', '', 49, 7, 1, 1, 1, 1, '', NULL, NULL),
	(663, '	TJL5191', 'NAT CLUB TRUJILLO', '-8.08892', '89230', '', 325, 40, 12, 1, 1, 1, '	1:30', '', 'SOLO BTS', '0:30', '0:00', '0:30', '', 49, 7, 1, 4, 2, 1, '', NULL, NULL),
	(664, '	TJ1824', 'NAT CREDITEX', '-8.055917', '-79.065867', 'PQ INDUSTRIAL MZ G LT 1 (FRENTE A UNIBLOCK)', 156, 2, 12, 1, 1, 1, '	1:30', '', 'SOLO BTS', '0:30', '0:00', '0:30', '', 49, 1, 1, 1, 1, 1, '', NULL, NULL),
	(665, '	TJP5076', 'NAT HUANCHACO P1', '-8.070972', '-79.120667', '', 122, 40, 12, 1, 1, 1, '	1:30', '', 'SOLO BTS', '0:30', '0:00', '0:30', '61313010', 1, 5, 1, 1, 1, 1, '', NULL, NULL),
	(666, '	TJ50769', 'CBGRB', '-8.080982', '-79.122528', 'AV LA RIBERA CON CL LOS CEREZOS (POSTE)', 122, 40, 12, 1, 1, 1, '	1:30', '', 'SOLO BTS', '0:30', '0:00', '0:30', '61313039', 1, 6, 1, 1, 1, 1, '', NULL, NULL),
	(667, '	TJL5076', 'NAT HUANCHACO P3', '-8.086583', '-79.121861', '', 348, 380, 12, 1, 1, 1, '	1:30', '0:00', 'SOLO BTS', '0:30', '0:00', '0:30', 'S/N', 33, 7, 4, 12, 6, 1, '', NULL, NULL),
	(668, '	TJ45915', 'NAT LA ALAMEDA P1', '-8.099414', '-79.056375', 'CL CHAN CHAN 580 (POSTE EN VIA PUBLICA)', 325, 25, 12, 1, 1, 1, '	1:30', '0:30', 'SOLO BTS', '0:30', '0:00', '0:30', '63094700', 1, 1, 1, 12, 1, 1, '', NULL, NULL),
	(669, '	TJ45918', 'NAT LA ALAMEDA P2', '-8.090605', '-79.051902', 'AV METROPOLITANA 1 CON CL SN(POSTE)', 325, 25, 12, 1, 1, 1, '	1:30', '0:30', 'SOLO BTS', '0:30', '0:00', '0:30', '63094684', 1, 1, 1, 12, 1, 1, '', NULL, NULL),
	(670, '	TJ08815', 'NAT LA ARENA P1', '-7.878892', '-78.138811', 'PLANTA DE PROCESAMIENTO DE MINERA LA ARENA', 118, 134, 12, 1, 1, 2, '	4:30', '', 'SOLO BTS', '', '', '0:00', 'S/N', 34, 6, 1, 1, 1, 1, '', NULL, NULL),
	(671, '	TM5510', 'NAT LIMON P2', '-6.234819', '-77.869181', 'CL LOS ANGELES CON CL LA UNION (POSTE EN VÍA PÚBLICA)', 53, 13, 12, 8, 1, 3, '	1:30', '2:00', 'SOLO BTS', '0:30', '0:00', '0:30', '90759920', 4, 1, 1, 1, 1, 1, '', NULL, NULL),
	(672, '	TJ5156', 'LOS CEDROS', '-8.095444', '-79.050028', 'UR ANIZACION SAN ISIDRO SEGUNDA ETAPA - MZ. Z LOTE 4', 325, 25, 15, 1, 1, 1, '	1:30', '1:00', 'PENDIENTE', '0:40', '0:00', '0:40', '47502152', 1, 1, 1, 1, 1, 1, '', NULL, NULL),
	(673, '	TJ51206', 'NAT MALECON HUANCHACO P1', '-8.070972', '-79.120667', 'AV LA RIBERA CON CL UNION (ALT DEL MUELLE DE HUANCHACO)', 122, 40, 12, 1, 1, 1, '	1:30', '', 'SOLO BTS', '0:30', '0:00', '0:30', '59982031', 1, 6, 1, 1, 1, 1, '', NULL, NULL),
	(674, '	TJ51207', 'NAT MALECON HUANCHACO P2', '-8.078831', '-79.120856', 'AV VICTOR LARCO HERRERA 1650 SECTOR LOS TUMBOS', 122, 40, 12, 1, 1, 1, '	1:30', '', 'SOLO BTS', '0:30', '0:00', '0:30', '59982040', 1, 6, 1, 1, 1, 1, '', NULL, NULL),
	(675, '	TJ51209', 'NAT MALECON HUANCHACO P3', '-8.085694', '-79.122508', '', 122, 40, 12, 1, 1, 1, '	1:30', '', 'SOLO BTS', '0:30', '0:00', '0:30', '59982069', 1, 6, 1, 1, 1, 1, '', NULL, NULL),
	(676, '	TP6168', 'NAT MANCORA PLAYA', '-4.105972', '-81.057056', 'PLAYA MANCORA', 348, 21, 12, 4, 1, 1, '	2:00', '', 'SOLO BTS', '2:00', '0:00', '2:00', '15695282', 3, 7, 1, 2, 1, 1, '', NULL, NULL),
	(677, '	TC1380', 'NAT MEGAPLAZA', '-5.727583', '-78.79675', 'AV MESONES MURO KM 145 (CA CHAMAYA SAN IGNACIO) - SECTOR MO', 140, 168, 12, 6, 1, 2, '	1:30', '2:00', 'SOLO BTS', '0:30', '0:00', '0:30', '90605460', 4, 6, 1, 1, 1, 1, '', NULL, NULL),
	(678, '	TPP56214', 'NAT MERCADO CENTRAL P1', '-5.1871', '-80.6358', 'JR B CON JR 2', 242, 15, 12, 9, 1, 1, '	1:30', '1:00', 'SOLO BTS', '0:30', '0:00', '0:30', '16954280', 3, 6, 1, 12, 1, 1, '', NULL, NULL),
	(679, '	TL22625', 'NAT NUEVO FERREÑAFE P1', '-6.645828', '-79.790297', '', 106, 250, 12, 7, 1, 1, '	1:30', '', 'SOLO BTS', '0:30', '0:00', '0:30', '37814049', 5, 6, 1, 1, 1, 1, '', NULL, NULL),
	(680, '	TL60945', 'NAT NUEVO FERREÑAFE P3', '-6.633467', '-79.787603', 'AV GRAU CON CL SAN MARTIN', 106, 250, 12, 7, 1, 1, '	1:30', '', 'SOLO BTS', '0:30', '0:00', '0:30', '37814030', 5, 6, 1, 1, 1, 1, '', NULL, NULL),
	(681, '	TJ5215', 'NAT PACASMAYO', '-7.40319', '-70.56381', '', 348, 380, 12, 1, 1, 1, '	2:00', '', 'SOLO BTS', '', '', '0:00', '64677250', 1, 7, 1, 2, 1, 1, '', NULL, NULL),
	(682, '	TL5959', 'NAT PLAYA PIMENTEL', '-6.84008', '-79.9362', 'CL RIVERA DEL MAR NO SALL CENTRO PIMENTEL', 238, 82, 12, 7, 1, 1, '	1:30', '2:00', 'SOLO BTS', '0:30', '0:00', '0:30', '36297975', 5, 6, 1, 1, 1, 1, '', NULL, NULL),
	(683, '	TT63461', 'NAT PLAYA ZORRITOS P1', '-3.678861', '-80.681611', '', 348, 380, 12, 4, 1, 1, '	2:00', '', 'SOLO BTS', '1:00', '0:00', '1:00', '15684903', 3, 7, 4, 12, 6, 1, '', NULL, NULL),
	(684, '	TT63462', 'NAT PLAYA ZORRITOS P2', '-3.68022', '-80.67653', '', 348, 380, 12, 4, 1, 1, '	2:00', '', 'SOLO BTS', '1:00', '0:00', '1:00', '15684959', 3, 7, 4, 12, 6, 1, '', NULL, NULL),
	(685, '	TJP52155', 'NAT PLAZA PACASMAYO P1', '-7.398494', '-79.571339', 'CL WASHINGTON - PQ PASEO DE LA AMISTAD, LA PAZ E INTEGRACION', 222, 251, 12, 1, 1, 1, '	2:00', '', 'SOLO BTS', '2:30', '0:00', '2:30', '60095211', 1, 6, 1, 12, 2, 1, '', NULL, NULL),
	(686, '	TJP52157', 'NAT PLAZA PACASMAYO P2', '-7.398494', '-79.571339', 'AV MALECON GRAU CON AV 28 DE JULIO', 222, 251, 12, 1, 1, 1, '	2:00', '', 'SOLO BTS', '2:30', '0:00', '2:30', '60092149', 1, 6, 1, 12, 2, 1, '', NULL, NULL),
	(687, '	TJP52158', 'NAT PLAZA PACASMAYO P3', '-7.398494', '-79.571339', 'AV JUNIN (ENTRE CL CALLAO Y CL DOS DE MAYO)', 222, 251, 12, 1, 1, 1, '	2:00', '', 'SOLO BTS', '2:30', '0:00', '2:30', '60095202', 1, 6, 1, 12, 1, 1, '', NULL, NULL),
	(688, '	TL6064', 'NAT PREMIUM BOULEVARD', '-6.77677', '-79.83896', 'AV JOSE BALTA CDRA 2 CON CL JUNIN CDRA 4', 348, 23, 12, 7, 1, 1, '	1:30', '0:00', 'SOLO BTS', '0:30', '0:00', '0:30', '', 49, 6, 1, 8, 1, 1, '', NULL, NULL),
	(689, '	TJ51328', 'NAT REGIONAL P1', '-8.104247222', '-79.03690833', 'AV MANSICHE CDRA 7 CL CON RIO DE JANEIRO', 325, 25, 12, 1, 1, 1, '	1:30', '', 'SOLO BTS', '0:30', '0:00', '0:30', '61550937', 1, 6, 1, 1, 1, 1, '', NULL, NULL),
	(690, '	TJ51329', 'NAT REGIONAL P2', '-8.104453', '-79.036586', 'AV MANSICHE CDRA 7', 325, 25, 12, 1, 1, 1, '	1:30', '', 'SOLO BTS', '0:30', '0:00', '0:30', '61550937', 1, 6, 1, 12, 1, 1, '', NULL, NULL),
	(691, '	TJ5575', 'NAT SANTILLAN P1', '-8.1441', '-79.030522', 'AV LAS PALMAS CUADRA 01', 336, 124, 12, 1, 1, 1, '	1:30', '', 'SOLO BTS', '0:30', '0:00', '0:30', '61798056', 1, 6, 1, 1, 1, 1, '', NULL, NULL),
	(692, '	TJ5439', 'NAT SANTILLAN P2', '-8.144447', '-79.032508', 'URB PALMA REAL MZ E LT 17', 336, 124, 12, 1, 1, 1, '	1:30', '', 'SOLO BTS', '0:30', '0:00', '0:30', '62149939', 1, 6, 1, 1, 1, 1, '', NULL, NULL),
	(693, '	TJ1388', 'NAT SANTILLAN P3', '-8.143336', '-79.029697', 'AV LAS PALMAS CUADRA 02 CON CLL LAS CAPULLANAS', 336, 124, 12, 1, 1, 1, '	1:30', '', 'SOLO BTS', '0:30', '0:00', '0:30', '61798047', 1, 6, 1, 5, 1, 1, '', NULL, NULL),
	(694, '	TPL40991', 'NAT TALARA P1', '-4.587894', '-81.254317', '', 348, 380, 12, 9, 1, 1, '	2:30', '1:00', 'SOLO BTS', '2:00', '0:00', '2:00', '16154821', 3, 7, 4, 12, 6, 1, '', NULL, NULL),
	(695, '	TPL40992', 'NAT TALARA P2', '-4.587894', '-81.254317', '', 348, 380, 12, 9, 1, 1, '	2:30', '1:00', 'SOLO BTS', '2:00', '0:00', '2:00', '16154803', 3, 7, 4, 12, 6, 1, '', NULL, NULL),
	(696, '	TPL40993', 'NAT TALARA P3', '-4.592536', '-81.251478', '', 348, 380, 12, 9, 1, 1, '	2:30', '1:00', 'SOLO BTS', '2:00', '0:00', '2:00', '16154840', 3, 7, 4, 12, 6, 1, '', NULL, NULL),
	(697, '	TJ15211', 'NAT TALENTOS P1', '-8.133656', '-79.031219', 'AV PROLONG FATIMA (POSTE FRENTE AL REAL PLAZA TRUJILLO)', 325, 25, 12, 1, 1, 1, '	1:30', '1:20', 'SOLO BTS', '0:30', '0:00', '0:30', '61646662', 1, 6, 1, 12, 1, 1, '', NULL, NULL),
	(698, '	TJ15212', 'NAT TALENTOS P2', '-8.132083', '-79.029417', 'JR PAISAJISTICA CON CL 4 (POSTE A ESPALDAS DEL CC REAL PLAZA', 325, 25, 12, 1, 1, 1, '	1:30', '1:20', 'SOLO BTS', '0:30', '0:00', '0:30', '61800323', 1, 6, 1, 12, 1, 1, '', NULL, NULL),
	(699, '	TJ15213', 'NAT TALENTOS P3', '-8.134111', '-79.024917', 'CA PANAMERICANA NORTE S/N (CA INDUSTRIAL)- INNOVA SHOOLS (PO', 325, 25, 12, 1, 1, 1, '	1:30', '1:20', 'SOLO BTS', '0:30', '0:00', '0:30', '61646733', 1, 6, 1, 12, 1, 1, '', NULL, NULL),
	(700, '	TJ1337', 'NAT TALSA', '-8.593278', '-78.58525', 'EMPRESA TALSA PAMPA LAS DUNAS', 58, 106, 12, 1, 1, 1, '	2:30', '', 'SOLO BTS', '', '', '0:00', '', 49, 6, 1, 1, 1, 1, '', NULL, NULL),
	(701, '	TAP56498', 'NAT TERMINAL CHIMBOTE P1', '-9.10394', '-78.5594', '', 66, 17, 12, 2, 1, 1, '	1:30', '', 'SOLO BTS', '0:30', '0:00', '0:30', '63557347', 1, 6, 1, 4, 2, 1, '', NULL, NULL),
	(702, '	TP61494', 'NAT UCV PIURA P1', '-5.17456', '-80.661', 'AV PROLONGACION (FRENTE A UNIVERSIDAD CESAR VALLEJO)', 242, 15, 12, 9, 1, 1, '	1:30', '', 'SOLO BTS', '0:30', '0:00', '0:30', '17141588', 3, 6, 1, 12, 1, 1, '', NULL, NULL),
	(703, '	TJ7395', 'NAT UNIVERSIDAD CATOLICA', '-8.161753', '-79.011353', '', 196, 157, 12, 1, 1, 1, '	1:30', '', 'SOLO BTS', '0:30', '0:00', '0:30', '61867190', 1, 6, 1, 1, 1, 1, '', NULL, NULL),
	(704, '	TJ5268', 'NAT UNT P1', '-8.11411', '-79.03556', 'AV JUAN PABLO II CDRA 2', 325, 25, 12, 1, 1, 1, '	1:30', '', 'SOLO BTS', '0:30', '0:00', '0:30', '59276386', 1, 6, 1, 1, 1, 1, '', NULL, NULL),
	(705, '	TJ58015', 'NAT UPAO P1', '-8.128869', '-79.032831', '', 325, 25, 12, 1, 1, 1, '	1:30', '', 'SOLO BTS', '0:30', '0:00', '0:30', '59276448', 1, 6, 1, 1, 1, 1, '', NULL, NULL),
	(706, '	TJ58016', 'NAT UPAO P2', '-8.126536', '-79.033606', 'URB LA ARBOLEDA E19 - CL LOS AGUACATES', 325, 25, 12, 1, 1, 1, '	1:30', '1:00', 'SOLO BTS', '0:30', '0:00', '0:30', '59276448', 1, 6, 1, 1, 1, 1, '', NULL, NULL),
	(707, '	TC64205', 'NAT UPN CAJAMARCA P1', '-7.15100335', '-78.5065843', 'AV VIA EVITAMIENTO NORTE CDRA 15 CON ARNALDO MARQUEZ', 32, 7, 12, 5, 1, 2, '	1:30', '', 'SOLO BTS', '0:30', '0:00', '0:30', '59666443', 1, 6, 1, 1, 1, 1, '', NULL, NULL),
	(708, '	TC64206', 'NAT UPN CAJAMARCA P2', '-7.150222', '-78.505528', 'CL IRENE SILVA Y TARSICIO BAZAN ZEGARRA', 32, 7, 12, 5, 1, 2, '	1:30', '', 'SOLO BTS', '0:30', '0:00', '0:30', '60028415', 1, 6, 1, 1, 1, 1, '', NULL, NULL),
	(709, '	TJ1298', 'NAT WILLITO', '-8.086647', '-79.085097', 'CL FRANSISCO BOLOGNESI MZ J LT 25', 348, 40, 12, 1, 1, 1, '	1:30', '2:00', 'SOLO BTS', '0:30', '0:00', '0:30', '61510379', 1, 1, 1, 1, 1, 1, '', NULL, NULL),
	(710, '	TP6139', 'NEGRITOS', '-4.658805703', '-81.30388896', 'CALLE LIBERTAD 599', 153, 199, 31, 9, 1, 1, '	2:30', '3:30', 'SOLO BTS', '2:00', '0:30', '2:30', '16360285', 3, 1, 1, 1, 1, 1, '', NULL, NULL),
	(711, '	TP6358', 'SAN JACINTO SULLANA', '-4.840139069', '-80.86925018', 'CALLE CAYETANO HEREDIA S/N  SECTOR SAN ISIDRO', 135, 252, 15, 9, 1, 1, '	2:00', '5:00', 'PENDIENTE', '0:40', '0:20', '1:00', '12606449', 3, 1, 1, 1, 1, 1, '	CORTES CONSTANTES	 ', NULL, NULL),
	(712, '	TJ52867', 'NESSUS', '', '', 'JR DIEGO DE ALMAGRO 586', 325, 25, 33, 1, 1, 1, '	1:30', '', 'SOLO BTS', '0:30', '0:00', '0:30', '', 49, 4, 1, 12, 2, 1, '', NULL, NULL),
	(713, '	TL5934', 'NICOLAS DE PIEROLA', '-6.763111287', '-79.83669462', 'NICOLAS DE PIEROLA 220 - AHORA AUGUSTO B LEGUIA', 63, 23, 2, 7, 1, 1, '	1:30', '2:00', 'SOLO BTS', '0:20', '0:00', '0:20', '25639474', 5, 1, 1, 5, 1, 1, '', NULL, NULL),
	(714, '	TC6433', 'NINABAMBA', '-6.667889025', '-78.81875017', 'PREDIO CHANGACIRCA', 8, 253, 33, 10, 1, 2, '	3:00', '6:00', 'SOLO BTS', '2:30', '0:00', '2:30', 'S/N', 6, 1, 1, 1, 1, 1, '	ENERGÍA INESTABLE. CONSTANTES DESCARGAS ATMOSFÉRICAS. TROCHAS EN MAL ESTADO. ZONA DE HUMEDAD.	 ', NULL, NULL),
	(715, '	TM5603', 'NUBE NEGRA', '-5.76416667', '-78.4335556', 'CL CUZCO CON CA FERNANDO BELAUNDE TERRI. BAGUA GRANDE. UCTUBAMBA. AMAZONAS', 17, 43, 33, 8, 1, 3, '	2:30', '6:00', 'SOLO BTS', '3:00', '0:00', '3:00', 'S/N', 6, 1, 1, 1, 1, 1, '', NULL, NULL),
	(716, '	TJ5161', 'NUEVA CAMPANA', '-7.932972438', '-79.10016669', 'PANAMERICANA NORTE KM 582.3', 62, 111, 4, 1, 1, 1, '	1:30', '12:00', 'PENDIENTE', '1:00', '1:30', '2:30', 'S/N', 21, 1, 1, 1, 1, 2, '', NULL, NULL),
	(717, '	TA5746', 'NUEVA FLORIDA', '-9.529508', '-77.513047', 'PJ LOS PINOS S/N', 139, 28, 33, 3, 1, 2, '	1:30', '2:00', 'SOLO BTS', '0:30', '0:00', '0:30', '63701674', 1, 7, 1, 2, 1, 1, '', NULL, NULL),
	(718, '	TC18678', 'NUEVO BELLA AURORA', '-6.57756', '-78.26006', 'PREDIO DENOMINADO MULLACAPUCRO', 78, 56, 33, 5, 1, 2, '	7:30', '30:00', 'SOLO BTS', '6:50', '1:00', '7:50', '58473540', 1, 2, 1, 3, 1, 1, '', NULL, NULL),
	(719, '	TA5816', 'NUEVO CHIMBOTE', '-9.12678', '-78.51719', 'URB. BUENOS AIRES ZONA 3, LT.8 MZ.Q3, SECTOR 3D, PROGRAMA VIV. SECTOR 3B-3D', 212, 17, 2, 2, 1, 1, '	1:30', '1:00', 'SOLO BTS', '1:45', '0:00', '1:45', '58082584', 1, 1, 1, 1, 1, 1, '	SÓLO SE PUEDE ACCEDER EN HORARIOS DEFINIDOS.	 ', NULL, NULL),
	(720, '	TC1864', 'NUEVO LAGUNA', '-6.53345', '-78.2246', '', 348, 380, 33, 5, 1, 2, '	22:30', '9:00', 'SOLO BTS', '10:00', '0:00', '10:00', '66922632', 10, 7, 4, 12, 6, 3, '', NULL, NULL),
	(721, '	TM5356', 'NUEVO LAMUD', '-6.1479', '-78.0074', '', 167, 229, 33, 8, 1, 3, '	2:00', '', 'SOLO BTS', '', '', '0:00', '36436903', 4, 7, 1, 2, 1, 1, '', NULL, NULL),
	(722, '	TC6467', 'NUEVO PARAISO', '-5.603667', '-79.299164', 'PARCELA UC 07201 - CERRO CORAZON DE JESUS DEL PREDIO PALAMBE', 261, 254, 33, 6, 1, 2, '	6:00', '12:00', 'SOLO BTS', '3:30', '0:10', '3:40', '36470099', 4, 1, 1, 1, 1, 4, '	CONSTANTES PROBLEMAS CLIMATOLOGICOS	 ', NULL, NULL),
	(723, '	TA5630', 'NUEVO PARDO', '-9.08231', '-78.57653', 'CL JOSE PARDO 2096', 66, 17, 13, 2, 1, 1, '	1:30', '3:00', 'PENDIENTE', '1:30', '0:00', '1:30', '49564969', 1, 1, 1, 1, 1, 1, '', NULL, NULL),
	(724, '	TA6495', 'NUEVO PARDO 2', '-9.08916', '-78.57041', 'AV PARDO 2882  MZ G1 LT 6  - PJ MIRAFLORES ALTO', 348, 17, 33, 2, 1, 1, '	1:30', '1:30', 'SOLO BTS', '1:30', '0:00', '1:30', '59452358', 1, 1, 1, 1, 1, 1, '	MALA CALIDAD DE ENERGÍA	 ', NULL, NULL),
	(725, '	TC1531', 'NUEVO SAN JUAN ALTO', '-6.78475', '-78.567694', 'NUEVO SAN JUAN ALTO HUALGAYOC', 116, 30, 33, 10, 1, 2, '	2:00', '20:00', 'SOLO BTS', '2:30', '0:05', '2:35', '37823870', 5, 1, 1, 6, 1, 1, '', NULL, NULL),
	(726, '	TP6179', 'NUEVO SECHURA', '-5.547972358', '-80.81711128', 'CA SECHURA - PIURA KM 1', 301, 47, 18, 9, 1, 1, '	2:30', '4:00', 'PENDIENTE', '1:30', '0:00', '1:30', '14640056', 3, 1, 1, 2, 1, 1, '	 ZONA DE ALTO RIESGO PERSONAL (ROBO)	 ', NULL, NULL),
	(727, '	TJ3784', 'NUEVO TRUJILLO', '-8.068761111', '-79.07381667', 'AH VICTOR RAUL HAYA DE LA TORRE MZ G3 LT 20', 156, 2, 13, 1, 1, 1, '	1:30', '1:00', 'PENDIENTE', '0:40', '0:00', '0:40', '60570640', 1, 1, 1, 1, 1, 1, '', NULL, NULL),
	(728, '	TM4524', 'NUNUCOR', '-6.222225', '-77.873733', '', 348, 216, 33, 8, 1, 3, '	2:30', '7:00', 'SOLO BTS', '', '', '0:00', '36423940', 4, 7, 1, 1, 1, 1, '', NULL, NULL),
	(729, '	TA8746', 'NUPAMARCA', '-9.69106', '-77.201', 'Desvío de carretera a Chavín (entre Cahuish y Tambillos)', 348, 108, 13, 3, 1, 2, '	3:00', '32:00', 'PENDIENTE', '3:30', '0:00', '3:30', 'S/N', 13, 7, 1, 12, 2, 1, '', NULL, NULL),
	(730, '	TC18668', 'ÑURUÑUPE', '-5.853439', '-79.29881', 'CASERIO DE ÑURUÑUPE. SAN FELIPE. JAEN. CAJAMARCA', 265, 211, 33, 6, 1, 2, '	3:00', '70:00', 'SOLO BTS', '3:30', '0:05', '3:35', 'S/N', 10, 2, 1, 3, 1, 3, '', NULL, NULL),
	(731, '	TL5971', 'OASIS', '-6.29094', '-80.28606', 'CA PANAMERICANA NORTE KM 860 (CHICLAYO - PIURA)', 215, 69, 33, 7, 1, 1, '	2:30', '7:00', 'PENDIENTE', '1:15', '0:00', '1:15', 'S/N', 18, 1, 1, 1, 1, 5, '', NULL, NULL),
	(732, '	TM5591', 'OCALLI', '-6.23261', '-78.26983333', 'PREDIO DENOMINADO EL TANQUE', 213, 255, 33, 6, 1, 3, '	9:00', '3:30', 'SOLO BTS', '10:00', '0:00', '10:00', '35809353', 4, 1, 1, 1, 1, 1, '	CONSTANTES DESLIZAMIENTOS	 ', NULL, NULL),
	(733, '	TA5808', 'OCROS', '-10.39075009', '-77.41794453', 'CERRO DENOMINADO RESERVORIO COMUNAL', 214, 256, 33, 3, 1, 2, '	6:00', '7:00', 'SOLO BTS', '4:30', '0:00', '4:30', 'S/N', 6, 1, 1, 2, 1, 1, '	CONSTANTES DESCARGAS ELÉCTRICAS, LLUVIAS, FALLAS CON EL CONCESIONARIO ELECTRÍCO, RUTA ACCIDENTADA	 ', NULL, NULL),
	(734, '	TA18756', 'OCSHAY', '-8.44818', '-77.4604', 'OCSHAY', 6, 38, 33, 1, 1, 2, '	13:00', '7:00', 'SOLO BTS', '11:00', '0:00', '11:00', '58709072', 1, 2, 1, 3, 1, 1, '	ZONA LEJANA DE DIFICIL ACCESO, ZONA DE CONSTANTES DESCARGAS ATMOSFÉRICAS, RUTA DE CONSTANTES DESLIZAMIENTOS.	 ', NULL, NULL),
	(735, '	TP6288', 'ODEBRECHT OCCIDENTE', '-5.917611296', '-79.53286125', 'CAMPMENTO ODEBRECHT OCCIDENTE', 127, 185, 33, 7, 1, 2, '	2:30', '7:00', 'SOLO BTS', '2:30', '1:00', '3:30', 'S/N', 35, 1, 1, 3, 1, 1, '', NULL, NULL),
	(736, '	TL6404', 'ODEBRECHT OLMOS', '-6.076778', '-80.05225', 'LOTE A5 – RAMAL NORTE - PROYECTO ODEBRECHT', 215, 69, 15, 7, 1, 1, '	2:30', '5:00', 'PENDIENTE', '2:00', '0:00', '2:00', 'S/N', 35, 1, 1, 1, 1, 1, '', NULL, NULL),
	(737, '	TC5847', 'ODEBRECHT ORIENTE', '-5.904416856', '-79.33058342', '', 244, 257, 33, 6, 1, 2, '	2:30', '', 'SOLO BTS', '3:00', '1:30', '4:30', 'S/N', 35, 1, 1, 1, 1, 1, '', NULL, NULL),
	(738, '	TA6439', 'OLLEROS', '-9.664', '-77.475', 'CERRO HUARIPAMPA', 348, 258, 33, 3, 1, 2, '	2:00', '12:00', 'SOLO BTS', '1:00', '0:30', '1:30', '', 49, 7, 1, 1, 1, 1, '', NULL, NULL),
	(739, '	TL5991', 'OLMOS', '-5.975944656', '-79.75897239', 'CERRO LA MINA', 215, 69, 33, 7, 1, 1, '	3:00', '16:30', 'SOLO BTS', '2:00', '0:00', '2:00', '37256340', 5, 1, 1, 1, 1, 2, '', NULL, NULL),
	(740, '	TL2252', 'OLTURSA CHICLAYO', '-6.769575', '-79.844764', 'AV MARISCAL CACERES N/S (POSTE EN VIA PUBLICA)', 63, 23, 33, 7, 1, 1, '	1:30', '3:00', 'SOLO BTS', '0:20', '0:45', '1:05', '38200949', 5, 1, 1, 5, 1, 1, '', NULL, NULL),
	(741, '	TJ5238', 'ONGON', '-8.182388889', '-76.98421111', 'CERRO SANTO TORIBIO', 216, 259, 33, 1, 1, 2, '	18:00', '15:00', 'SOLO BTS', '23:00', '0:20', '23:20', 'S/N', 18, 1, 1, 3, 1, 6, '', NULL, NULL),
	(742, '	TP5360', 'OPEN PLAZA PIURA', '-5.182279', '-80.621904', 'AV ANDRES AVELINO CACERES 147', 47, 19, 33, 9, 1, 1, '	1:30', '', 'SOLO BTS', '0:30', '0:00', '0:30', 'S/N', 15, 4, 1, 2, 1, 1, '', NULL, NULL),
	(743, '	TJ6515', 'OPEN PLAZA TRUJILLO', '-8.094734', '-79.023232', '', 348, 25, 33, 1, 1, 1, '	1:30', '', 'SOLO BTS', '0:30', '0:00', '0:30', 'S/N', 15, 7, 1, 2, 1, 1, '', NULL, NULL),
	(744, '	TJL65152', 'OPEN SODIMAC', '-8.09447', '-79.0233', '', 348, 25, 33, 1, 1, 1, '	1:30', '', 'SOLO BTS', '0:30', '0:00', '0:30', 'S/N', 15, 7, 1, 4, 2, 1, '', NULL, NULL),
	(745, '	TJL65151', 'OPEN TOTTUS', '-8.09447', '-79.0233', '', 348, 25, 33, 1, 1, 1, '	1:30', '', 'SOLO BTS', '0:30', '0:00', '0:30', 'S/N', 15, 7, 1, 4, 2, 1, '', NULL, NULL),
	(746, '	TP5329', 'ORGANOS PLAYA', '-4.175514', '-81.125306', '1153 DE LA CARRETERA DE LA PANAMERICANA NORTE', 181, 228, 2, 4, 1, 1, '	2:30', '7:00', 'SOLO BTS', '3:30', '0:00', '3:30', '16147934', 3, 1, 1, 2, 1, 1, '', NULL, NULL),
	(747, '	TA18778', 'OTOCO', '-9.029461', '-77.26055', 'CP de Otoco', 341, 234, 33, 3, 1, 2, '	2:00', '5:00', 'SOLO BTS', '6:00', '0:00', '6:00', '58684250', 1, 2, 1, 3, 2, 1, '	CONSTANTES CORTES, DESLIZAMIENTOS, DESCARGAS ELÉCTRICAS, LLUVIAS, FALLAS CON EL CONCESIONARIO ELECTRÍCO, RUTA ACCIDENTADA	 ', NULL, NULL),
	(748, '	TJ5142', 'OTUZCO', '-7.903777965', '-78.5540279', 'SECTOR WALTER ACEVEDO N 25 - CERRO PINIT', 217, 260, 31, 1, 1, 2, '	2:30', '3:00', 'SOLO BTS', '2:00', '0:00', '2:00', '47922522', 1, 1, 1, 2, 1, 1, '	ACARREO SIN PESO 30 MINUTOS	 ', NULL, NULL),
	(749, '	TC1271', 'OTUZCO BAJO', '-7.12494', '-78.4603', '', 20, 46, 33, 5, 1, 2, '	1:30', '5:30', 'SOLO BTS', '0:30', '0:00', '0:30', '', 49, 7, 1, 2, 1, 1, '', NULL, NULL),
	(750, '	TJ5140', 'OUICHIBAMBA', '-8.01814', '-77.57538889', 'ANEXO DELICIANA', 133, 261, 33, 1, 1, 2, '	10:30', '4:00', 'SOLO BTS', '', '', '0:00', '59991228', 1, 1, 1, 1, 1, 1, '	ZONA DE DIFICIL ACCESO, ZONA DE CONSTANTES DESCARGAS ATMOSFÉRICAS, RUTA DE CONSTANTES DESLIZAMIENTOS,RUTA CON RIESGO DE ASALTOS	 ', NULL, NULL),
	(751, '	TA3233', 'COMERCIO', '-9.2816', '-77.6495', 'Jr Aurora S/N', 42, 78, 33, 3, 1, 2, '	2:00', '', 'SOLO BTS', '', '', '0:00', '63576306', 2, 1, 1, 1, 1, 1, '', NULL, NULL),
	(752, '	TP6159', 'OVALO BOLOGNESI', '-5.199305624', '-80.62997237', 'AV. BOLOGNESI 636', 242, 15, 33, 9, 1, 1, '	1:30', '3:20', 'SOLO BTS', '0:20', '0:00', '0:20', '05795210', 3, 1, 1, 5, 1, 1, '', NULL, NULL),
	(753, '	TL5988', 'OVALO CHICLAYO', '-6.768527935', '-79.83555573', 'AV. SAENZ PEÑA 1248', 63, 23, 33, 7, 1, 1, '	1:30', '2:00', 'SOLO BTS', '0:20', '0:00', '0:20', '25878885', 5, 1, 1, 5, 1, 1, '	ZONA COMERCIAL	 ', NULL, NULL),
	(754, '	TJ4224', 'OVALO HUANCHACO', '-8.088628', '-79.100681', 'HUANCHAQUITO ALTO', 122, 40, 33, 1, 1, 1, '	1:30', '6:00', 'SOLO BTS', '0:30', '0:00', '0:30', '64348717', 1, 1, 1, 1, 1, 1, '', NULL, NULL),
	(755, '	TJ2797', 'OVALO LA MARINA', '-8.13066111', '-79.02135', 'AV LA MARINA CON CA PANAMERICANA NORTE - OVALO LA MARINA', 325, 25, 33, 1, 1, 1, '	1:30', '4:00', 'SOLO BTS', '0:40', '0:00', '0:40', '62148109', 1, 1, 1, 1, 1, 1, '', NULL, NULL),
	(756, '	TJ5242', 'OVALO LARCO', '-8.125583375', '-79.03708335', 'AV AMERICA DEL SUR N  3867', 325, 25, 2, 1, 1, 1, '	1:30', '0:00', 'SOLO BTS', '0:30', '0:45', '1:15', '59416638', 1, 1, 1, 5, 1, 1, '', NULL, NULL),
	(757, '	TJ5207', 'OVALO PAPAL', '-8.119805585', '-79.04225002', 'CALLE ANGEL MARIA TANYA Nº 4, MZ.F, LT.7, URB. VISTA HERMOSA', 325, 25, 33, 1, 1, 1, '	1:30', '4:00', 'SOLO BTS', '0:30', '0:00', '0:30', '58504075', 1, 1, 1, 5, 1, 1, '', NULL, NULL),
	(758, '	TC5903', 'OXAMARCA', '-7.02474', '-78.07335', 'CERRO LAS MELGAS SECTOR DE CONGA DEL GRANERO. OXAMARCA. CELENDIN. CAJAMARCA', 218, 202, 13, 5, 1, 2, '	6:00', '12:00', 'PENDIENTE', '3:40', '0:00', '3:40', '58761798', 1, 1, 1, 1, 1, 1, '	CONSTANTES DESLIZAMIENTOS	 ', NULL, NULL),
	(759, '	TL5986', 'OYOTUN', '-6.835777949', '-79.28477784', 'CARRETERA A OYOTUN', 219, 262, 13, 7, 1, 1, '	2:30', '0:00', '7:00', '1:50', '0:00', '1:50', '25864549', 5, 1, 1, 1, 1, 1, '', NULL, NULL),
	(760, '	TJ5214', 'PABLO CASALS', '-8.095222263', '-79.0395278', 'AV. LAS AMERICAS OESTE MZ.LL LT.49. URB. LOS CEDROS', 348, 25, 2, 1, 1, 1, '	1:30', '1:00', 'SOLO BTS', '0:40', '0:00', '0:40', '57973015', 1, 1, 1, 1, 1, 1, '', NULL, NULL),
	(761, '	TP5394', 'PACAIPAMPA', '-4.93037', '-79.66683333', 'CERRO YAMBUR', 220, 186, 33, 9, 1, 2, '	4:30', '4:00', 'SOLO BTS', '5:00', '', '5:00', '16055860', 3, 1, 1, 1, 1, 1, '	ESTACIÓN CON DIFÍCIL ACCESO/CONSTANTES FALLAS CON CONCESIONARIO ELÉCTRICO/----	 ', NULL, NULL),
	(762, '	TC6505', 'PACAMUROS', '-5.719694594', '-78.80938907', 'CASERIO CHILLIQUE', 348, 168, 2, 6, 1, 2, '	1:30', '0:00', 'SOLO BTS', '0:20', '0:00', '0:20', '35574696', 4, 1, 1, 1, 1, 1, '	ZONA DE ALTO RIESGO PERSONAL	 ', NULL, NULL),
	(763, '	TJ5355', 'PACANGA', '-7.174322', '-79.487631', 'SAN JUAN N  289 LT 01 MZ D2 SECTOR SAN JUAN', 221, 164, 33, 7, 1, 1, '	2:00', '5:00', 'SOLO BTS', '1:30', '0:00', '1:30', '56418165', 5, 1, 1, 1, 1, 1, '', NULL, NULL),
	(764, '	TJ5208', 'PACANGUILLA MORO', '-7.159722272', '-79.44330566', 'PREDIO RUSTICO EL SANJON VALLE JEQUETEPEQUE', 221, 164, 15, 7, 1, 1, '	2:30', '0:40', 'PENDIENTE', '1:15', '0:00', '1:15', '56421607', 5, 1, 1, 1, 1, 1, '', NULL, NULL),
	(765, '	TJ5098', 'PACASMAYO', '-7.403194531', '-79.56380569', 'CA ANCASH 337', 222, 251, 31, 1, 1, 1, '	2:00', '3:00', 'SOLO BTS', '2:00', '0:00', '2:00', '48455020', 1, 1, 1, 2, 1, 1, '	ACCESO EN HORARIOS DEFINIDOS, DIFICULTAD SABADOS Y DOMINGOS	 ', NULL, NULL),
	(766, '	TP5890', 'PACCHA ', '-5.011028', '-80.225083', 'AV MIGUEL GRAU MZ 31 LT 32 CP PACHA', 77, 121, 33, 9, 1, 1, '	2:30', '1:30', 'SOLO BTS', '2:30', '', '2:30', '16174350', 3, 1, 1, 1, 1, 1, '', NULL, NULL),
	(767, '	TJ1187', 'PACHIN BAJO', '-7.88075', '-78.625361', '', 217, 260, 33, 1, 1, 2, '	2:30', '13:00', 'SOLO BTS', '2:30', '1:00', '3:30', '63416115', 1, 1, 1, 1, 1, 1, '', NULL, NULL),
	(768, '	TA5633', 'PACIFICO', '-9.12283', '-78.52814', 'Av. Brasil S/N a 73mts del club el huerto. Nuevo Chimbote', 212, 17, 13, 2, 1, 1, '	1:30', '1:46', 'SOLO BTS', '1:45', '0:00', '1:45', '49564950', 1, 1, 1, 8, 1, 1, '', NULL, NULL),
	(769, '	TL6021', 'PACO YUNQUE', '-6.755805717', '-79.81819461', 'LAS DALIAS N° 100 MZ.J LT.13 EL MILAGRO', 148, 29, 33, 7, 1, 1, '	1:30', '0:00', 'SOLO BTS', '0:20', '0:00', '0:20', '26470656', 5, 1, 1, 2, 1, 1, '', NULL, NULL),
	(770, '	TL0029', 'PACORA', '', '', '', 223, 242, 33, 7, 1, 1, '	2:30', '', 'SOLO BTS', '', '', '0:00', '38565270', 5, 1, 1, 2, 1, 1, '', NULL, NULL),
	(771, '	TJ5100', 'PAIJAN', '-7.735250151', '-79.29200007', 'KM 614 PANAMERICANA NORTE - LOMAS A LA ENTRADA DE LA CIUDAD', 224, 263, 18, 1, 1, 1, '	2:30', '6:00', 'PENDIENTE', '1:20', '0:00', '1:20', '48694412', 1, 1, 1, 2, 1, 1, '	ZONA DE RIESGO PARA EL PERSONAL, PRINCIPALMENTE DE NOCHE	 ', NULL, NULL),
	(772, '	TP6133', 'PAIMAS', '-4.639694444', '-79.95355556', 'COMUNIDAD YACILA ZAMBA-PAIMAS. PAIMAS. AYABACA. PIURA', 225, 264, 33, 9, 1, 2, '	4:30', '6:00', 'SOLO BTS', '3:30', '', '3:30', '11210347', 3, 1, 1, 1, 1, 1, '', NULL, NULL),
	(773, '	TP6142', 'PAITA', '-5.087277802', '-81.1064167', 'AV COLAN S/N', 226, 158, 7, 9, 1, 1, '	2:30', '2:30', 'PENDIENTE', '1:00', '0:00', '1:00', '12464325', 3, 1, 1, 2, 1, 2, '	ESTACIÓN CON DIFÍCIL ACCESO/MALA CALIDAD DE ENERGÍA	 ', NULL, NULL),
	(774, '	TP5318', 'PAITA CENTRO', '-5.096528', '-81.1023', 'ASENTAMIENTO HUMANO EL TABLAZO. SAN FRANCISCO - JAIME NAVASH MZ. C? ? LOTE 32', 226, 158, 2, 9, 1, 1, '	2:30', '3:00', 'SOLO BTS', '1:00', '0:00', '1:00', '15986682', 3, 1, 1, 2, 1, 1, '', NULL, NULL),
	(775, '	TP6283', 'PAITA INDUSTRIAL', '-5.079472261', '-81.07619448', 'CARRETERA PAITA SULLANA S/N', 226, 158, 2, 9, 1, 1, '	2:30', '4:00', 'SOLO BTS', '1:00', '0:00', '1:00', '12549048', 3, 1, 1, 1, 1, 1, '', NULL, NULL),
	(776, '	TP6284', 'PAITA PESQUERA', '-5.753111267', '-80.85972241', 'TIERRA COLORADA S/N', 226, 158, 2, 9, 1, 1, '	2:30', '4:00', 'SOLO BTS', '1:00', '0:00', '1:00', '12538714', 3, 1, 1, 1, 1, 1, '	 ZONA DE ALTO RIESGO PERSONAL (ROBO)/CONSTANTE ROBO DE CONDUCTOR ELÉCTRICO.	 ', NULL, NULL),
	(777, '	TJ5252', 'PALACIO DE JUSTICIA', '-8.113555603', '-79.04780559', 'MZ.O LT.12 - URB. NATASHA ALTA', 325, 25, 2, 1, 1, 1, '	1:30', '3:00', 'SOLO BTS', '0:30', '0:30', '1:00', '59109501', 1, 1, 1, 1, 1, 1, '', NULL, NULL),
	(778, '	TJ5217', 'PALMA SUR', '-8.112861157', '-79.01313892', 'ESQUINA AV. RICARDO PALMA 541 Y CALLE FRANCISCO LAZO N° 201. URB. SANTO DOMINGUITO', 348, 25, 33, 1, 1, 1, '	1:30', '1:00', 'SOLO BTS', '0:40', '0:00', '0:40', '55096675', 1, 1, 1, 1, 1, 1, '', NULL, NULL),
	(779, '	TJ5226', 'PALMERAS DEL GOLF', '-8.139994', '-79.031581', 'AV EL GOLF 930', 336, 124, 2, 1, 1, 1, '	1:30', '1:00', 'SOLO BTS', '0:30', '0:20', '0:50', '60536648', 1, 1, 1, 5, 1, 1, '', NULL, NULL),
	(780, '	TC4165', 'PALMIER', '-7.002861', '-78.856306', 'CA A CRUZ PAMPA S/N', 281, 198, 33, 5, 1, 2, '	2:00', '3:30', 'SOLO BTS', '3:00', '', '3:00', '63092536', 1, 1, 1, 2, 1, 1, '', NULL, NULL),
	(781, '	TJ1473', 'PALO REDONDO', '-8.723744', '-78.506706', 'CAMPAMENTO PALO REDONDO. CHAO. VIRU. LA LIBERTAD', 58, 106, 33, 1, 1, 1, '	2:00', '', 'SOLO BTS', '', '', '0:00', '', 49, 1, 1, 6, 1, 1, '', NULL, NULL),
	(782, '	TC5863', 'PALOMAPATA', '-7.090750032', '-78.34988899', 'CASERIO HUAYTORCO S/N. PREDIO MALAYERBA', 104, 80, 33, 5, 1, 2, '	2:30', '5:00', 'SOLO BTS', '1:00', '0:30', '1:30', '59023407', 1, 1, 1, 1, 1, 1, '', NULL, NULL),
	(783, '	TL3407', 'PAMPA BAJA MC', '-6.129444', '-79.964444', '', 215, 69, 33, 7, 1, 1, '	2:30', '', 'SOLO BTS', '2:00', '', '2:00', '', 49, 1, 1, 1, 1, 1, '', NULL, NULL),
	(784, '	TT6327', 'PAMPA GRANDE TUMBES', '-3.58000014', '-80.44911123', 'CALLE JOSE BALTA N° 107', 329, 5, 13, 4, 1, 1, '	2:00', '3:00', 'PENDIENTE', '0:30', '0:00', '0:30', '06741967', 3, 1, 1, 1, 1, 1, '', NULL, NULL),
	(785, '	TA6448', 'PAMPACHACRA', '-8.89491', '-77.23637', 'CP de Cantu (carretera Llama - Pampachacra)', 103, 169, 33, 3, 1, 2, '	7:30', '10:20', 'SOLO BTS', '8:30', '0:00', '8:30', '58683190', 1, 1, 1, 1, 1, 1, '	CONSTANTES CORTES, DESLIZAMIENTOS, DESCARGAS ELÉCTRICAS, LLUVIAS, FALLAS CON EL CONCESIONARIO ELECTRÍCO, RUTA ACCIDENTADA	 ', NULL, NULL),
	(786, '	TC5589', 'PAMPALARGA', '-6.985194', '-78.491583', 'MINERA YANACOCHA', 180, 46, 33, 5, 1, 2, '	2:30', '', 'SOLO BTS', '', '', '0:00', '', 22, 1, 1, 2, 1, 1, '', NULL, NULL),
	(787, '	TA5820', 'PAMPAROMAS', '-9.077916703', '-77.98283356', 'CERRO IRKA CHICKU. CAMPANA RUMI S/N', 227, 265, 33, 2, 1, 2, '	3:00', '1:15', 'SOLO BTS', '5:30', '0:00', '5:30', '49532366', 6, 1, 1, 1, 1, 1, '	ESTACIÓN CON DIFÍCIL ACCESO EN TEMPORADA DE LLUVIA/ CONSTANTES FALLAS CON CONCESIONARIO ELÉCTRICO	 ', NULL, NULL),
	(788, '	TA3518', 'PAMPAS', '-12.4085', '-74.872', '', 230, 113, 33, 2, 1, 2, '	2:00', '10:40', 'SOLO BTS', '', '', '0:00', '64041317', 1, 7, 1, 2, 1, 1, '', NULL, NULL),
	(789, '	TT6324', 'PAMPAS DE HOSPITAL', '-3.680500161', '-80.43538898', 'CARRETERA PAMPAS DE HOSPITAL KM. 13.7', 229, 266, 13, 4, 1, 1, '	1:30', '4:00', 'SOLO BTS', '0:45', '0:00', '0:45', '6691711', 3, 1, 1, 1, 1, 1, '', NULL, NULL),
	(790, '	TC18707', 'PAMPLONA', '-7.379917', '-78.07058', 'CASERIO PAMPLONA. ICHOCAN. SAN MARCOS. CAJAMARCA', 134, 267, 33, 5, 1, 2, '	3:00', '30:00', 'SOLO BTS', '4:00', '0:30', '4:30', '60316036', 1, 2, 1, 3, 1, 1, '', NULL, NULL),
	(791, '	TL5970', 'PAN DE AZUFRE', '-6.023888907', '-80.52361123', 'PANAMERICANA NORTE KM. 902', 301, 47, 33, 7, 1, 1, '	1:30', '4:00', 'SOLO BTS', '2:00', '0:00', '2:00', 'S/N', 18, 1, 1, 1, 1, 5, '', NULL, NULL),
	(792, '	TJ5209', 'PANAMERICANA GOLF', '-8.139777817', '-79.02713891', 'CARRETERA INDUSTRIAL ALT. KM 559. PREDIO LA ENCALADA', 325, 25, 15, 1, 1, 1, '	1:30', '6:00', 'PENDIENTE', '0:30', '0:00', '0:30', '55058262', 1, 1, 1, 5, 1, 1, '', NULL, NULL),
	(793, '	TJ5210', 'PANAMERICANA QUIRUVILCA', '-7.997611336', '-78.31427787', 'CERRO CHIMBORASO', 254, 20, 32, 1, 1, 2, '	3:00', '8:00', 'SOLO BTS', '2:00', '0:15', '2:15', '64754144', 1, 1, 1, 2, 1, 1, '', NULL, NULL),
	(794, '	TT6323', 'PAPAYAL', ' ', '', 'CARRETERA A PAPAYAL', 231, 152, 13, 4, 1, 1, '	1:30', '2:00', '8:00', '0:45', '0:00', '0:45', '06701282', 3, 1, 1, 1, 1, 1, '', NULL, NULL),
	(795, '	TP6155', 'PARACHIQUE', '-5.753111267', '-80.85972241', 'CARRETERA SECHURA - PARACHIQUE KM. 23', 301, 47, 13, 9, 1, 1, '	2:00', '4:00', 'PENDIENTE', '1:30', '0:00', '1:30', '14605001', 3, 1, 1, 1, 1, 1, '	 ZONA DE ALTO RIESGO PERSONAL (ROBO)	 ', NULL, NULL),
	(796, '	TA18760', 'PARCO', '-8.767239', '-77.301216', 'A la entrada de CP de Parco', 107, 104, 33, 3, 1, 2, '	7:30', '12:00', 'SOLO BTS', '10:00', '0:00', '10:00', '58593450', 1, 2, 1, 3, 1, 1, '	CONSTANTES CORTES, DESLIZAMIENTOS, DESCARGAS ELÉCTRICAS, LLUVIAS, FALLAS CON EL CONCESIONARIO ELECTRÍCO, RUTA ACCIDENTADA	 ', NULL, NULL),
	(797, '	TJ5116', 'PARQUE INDUSTRIAL', '-8.136777811', '-79.0151667', 'PREDIO LARREA (HOY PASAJE LARREA S/N) LOTE 3', 325, 25, 15, 1, 1, 1, '	1:30', '3:30', 'PENDIENTE', '0:40', '0:00', '0:40', '59292138', 1, 1, 1, 1, 1, 1, '	ACCESO EN HORARIOS DEFINIDOS, ', NULL, NULL),
	(798, '	TA3816', 'PASEO DEL MAR', '-9.122889', '-78.536111', 'Jr. Huascaran S/N .Nuevo Chimbote', 348, 17, 24, 2, 1, 1, '	1:30', '3:00', 'SOLO BTS', '1:30', '0:00', '1:30', '60877923', 1, 1, 1, 8, 1, 1, '', NULL, NULL),
	(799, '	TL5998', 'PASEO LA PAZ', '-6.785111271', '-79.83683351', 'Frente Av. Chinchaysuyo N° 460 Urb. Federico Villareal', 162, 23, 33, 7, 1, 1, '	1:30', '2:00', 'SOLO BTS', '0:20', '0:00', '0:20', '25923882', 5, 1, 1, 1, 1, 1, '', NULL, NULL),
	(800, '	TL5996', 'PATAPO', '-6.73500015', '-79.62897237', 'Av.Chota Cdra. 13(Lote 15 Mz. 107)Aahh Posope Alto', 234, 268, 13, 7, 1, 1, '	1:30', '0:05', 'SOLO BTS', '0:50', '0:00', '0:50', '34869114', 5, 1, 1, 8, 2, 1, '', NULL, NULL),
	(801, '	TA18758', 'PATARA', '-8.741389', '-77.29272', 'CP de Patara', 107, 104, 33, 3, 1, 2, '	9:00', '100:00', 'SOLO BTS', '10:00', '0:00', '10:00', 'S/N', 10, 2, 1, 3, 1, 3, '	CONSTANTES CORTES, DESLIZAMIENTOS, DESCARGAS ELÉCTRICAS, LLUVIAS, FALLAS CON EL CONCESIONARIO ELECTRÍCO, RUTA ACCIDENTADA	 ', NULL, NULL),
	(802, '	TJ6422', 'PATAZ PUEBLO', '-7.788194', '-77.590831', 'AV PRINCIPAL CAMPAMENTO PARTE ESTE (INMUEBLE DENOMINADO CHOC', 235, 6, 33, 1, 1, 2, '	12:00', '5:30', 'SOLO BTS', '11:00', '0:30', '11:30', 'S/N', 8, 1, 1, 1, 1, 1, '', NULL, NULL),
	(803, '	TC6463', 'PATIÑO', '-7.077250035', '-78.69155571', 'PREDIO LA CONTADERA"', 328, 269, 13, 5, 1, 2, '	2:30', '5:00', 'PENDIENTE', '1:30', '0:00', '1:30', 'S/N', 18, 1, 1, 1, 1, 3, '	CONSTANTES PROBLEMAS CLIMATOLÓGICOS (LLUVIAS)	 ', NULL, NULL),
	(804, '	TJ5183', 'PAY PAY', '-8.091750034', '-79.01433336', 'CALLE LIBERTADORES MZ. G LOTE 15', 325, 25, 33, 1, 1, 1, '	1:30', '2:10', 'SOLO BTS', '0:40', '0:00', '0:40', '54892263', 1, 1, 1, 1, 1, 1, '', NULL, NULL),
	(805, '	PDI CAJAMARCA', 'PDI CAJAMARCA', '', '', 'CALLE SAN MARTIN 340A', 32, 7, 25, 5, 1, 2, '	1:30', '', 'PENDIENTE', '0:20', '0:00', '0:20', '45612404', 1, 1, 1, 12, 1, 2, '', NULL, NULL),
	(806, '	TA8305', 'PDI CHIMBOTE', '', '', '', 348, 380, 25, 2, 1, 1, '	1:30', '5:00', 'PENDIENTE', '0:45', '0:00', '0:45', '49565456', 1, 7, 4, 12, 6, 2, '', NULL, NULL),
	(807, '	PDI CHICLAYO', 'PDI ELIAS AGUIRRE', '', '', 'ELIAS AGUIRRE 941', 348, 23, 25, 7, 1, 1, '	1:30', '', 'PENDIENTE', '0:20', '0:00', '0:20', '25004860', 5, 1, 1, 12, 3, 2, '', NULL, NULL),
	(808, '	TP8713', 'PDI PIURA', '', '', '', 348, 380, 25, 9, 1, 1, '	1:30', '3:00', 'PENDIENTE', '0:20', '0:00', '0:20', '05026888', 3, 7, 4, 12, 6, 2, '', NULL, NULL),
	(809, '	PDI TRUJILLO', 'PDI PIZARRO (TRUJILLO)', '', '', 'JR.PIZARRO 162 TRUJILLO', 325, 25, 25, 1, 1, 1, '	1:30', '', 'PENDIENTE', '0:20', '0:00', '0:20', '58958238', 1, 1, 1, 12, 3, 2, '', NULL, NULL),
	(810, '	TP3193', 'PEDREGAL GRANDE', '-5.307694', '-80.684639', '', 48, 140, 33, 9, 1, 1, '	1:30', '7:00', 'SOLO BTS', '0:30', '0:00', '0:30', '16225333', 3, 7, 1, 1, 1, 1, '', NULL, NULL),
	(811, '	TM1855', 'PEDRO CASTRO', '-6.217767', '-77.865578', 'AV 11 DE OCTUBRE S/N CDRA 6 AH PEDRO CASTRO ALVA', 53, 13, 33, 8, 1, 3, '	1:30', '3:30', 'SOLO BTS', '0:20', '0:00', '0:20', '90768483', 4, 1, 1, 1, 1, 1, '', NULL, NULL),
	(812, '	TL5974', 'PEDRO RUIZ', '-6.766305738', '-79.84077796', 'Calle Arica 825, Urb. San Luis', 348, 23, 2, 7, 1, 1, '	1:30', '0:00', 'SOLO BTS', '0:20', '0:30', '0:50', '25836731', 5, 1, 1, 1, 1, 1, '', NULL, NULL),
	(813, '	TM5580', 'PEDRO RUIZ GALLO', '-5.94661', '-77.96722', 'CERRO UCHACRUZ', 144, 270, 15, 8, 1, 3, '	1:30', '6:00', 'PENDIENTE', '1:20', '0:00', '1:20', '32481593', 4, 1, 1, 1, 1, 2, '	CONSTANTES PROBLEMAS CLIMATOLÓGICOS (LLUVIAS)/ SOLO SE PUEDE ACEDER EN HORARIO DE DÍA	 ', NULL, NULL),
	(814, '	TL6011', 'PENACHI', '-6.170861153', '-79.47502789', 'PREDIO LUMBRE CIRCA S/N', 258, 196, 13, 7, 1, 1, '	3:00', '7:00', 'PENDIENTE', '3:30', '0:00', '3:30', '27859898', 5, 1, 1, 1, 1, 1, '', NULL, NULL),
	(815, '	TP4383', 'PETRO PERU PUNTA ARENAS', '-4.596886', '-81.291222', 'URB LUIS NEGREIROS VEGA - CASERIO TALARA - SECTOR A', 233, 21, 33, 9, 1, 1, '	2:00', '4:00', 'SOLO BTS', '2:20', '', '2:20', '16291562', 3, 1, 1, 2, 1, 1, '', NULL, NULL),
	(816, '	TJ18216', 'PICO CALEMAR', '-7.51463', '-77.723056', 'PREDIO RUSTICO DENOMINADO CALEMAR', 18, 44, 33, 1, 1, 2, '	7:30', '', 'SOLO BTS', '7:30', '0:00', '7:30', '', 49, 2, 1, 3, 1, 1, '', NULL, NULL),
	(817, '	TJ18239', 'PICO KENTY', '-8.224991667', '-78.48021111', 'SECTOR KENTY PREDIO UNINGAMBAL (AREA DE SEMBRIO RURAL)', 129, 184, 33, 1, 1, 2, '	4:30', '', 'SOLO BTS', '', '', '0:00', '', 49, 2, 1, 3, 1, 1, '', NULL, NULL),
	(818, '	TJ18235', 'PICO LOS LOROS', '-7.815277778', '-78.20186111', 'CASERIO LOS LOROS', 288, 227, 33, 1, 1, 2, '	4:30', '16:00', 'SOLO BTS', '3:00', '0:00', '3:00', '60867060', 1, 2, 1, 3, 1, 1, '', NULL, NULL),
	(819, '	TC1819', 'PICO SALITRE', '-5.752833', '-79.327722', 'CASERIO EL SALITRE S/N', 348, 211, 33, 6, 1, 2, '	3:00', '20:00', 'SOLO BTS', '3:30', '0:00', '3:30', '90421711', 4, 1, 1, 6, 1, 1, '', NULL, NULL),
	(820, '	TP18046', 'PICO SAUSAL', '-4.751', '-79.760472', 'CASERIO SAUSAL DE QUIROZ', 348, 41, 33, 9, 1, 2, '	4:30', '', 'SOLO BTS', '', '', '0:00', '15986771', 3, 2, 1, 3, 1, 3, '', NULL, NULL),
	(821, '	TL5964', 'PICSI', '-6.713805723', '-79.77194461', 'AV. MIGUEL GRAU CUADRA 7', 237, 271, 33, 7, 1, 1, '	1:30', '4:00', 'PENDIENTE', '0:25', '0:00', '0:25', '26893868', 5, 1, 1, 1, 1, 1, '	NO  HAY ACCESO. PROBLEMA JUDICIAL CON PROPIETARIO	 ', NULL, NULL),
	(822, '	TA5750', 'PIERINA', '-9.45108', '-77.57694', 'Campamento Pierina - Barrik', 142, 272, 33, 3, 1, 2, '	2:00', '', 'SOLO BTS', '', '', '0:00', 'S/N', 36, 1, 1, 1, 1, 1, '	CONSTANTES DESCARGAS ELÉCTRICAS, LLUVIAS, FALLAS CON EL CONCESIONARIO ELECTRÍCO, RUTA ACCIDENTADA	 ', NULL, NULL),
	(823, '	TL5941', 'PIMENTEL', '-6.833777945', '-79.93222244', 'CALLE LEONCIO PRADO 600', 238, 82, 15, 7, 1, 1, '	1:30', '2:00', 'PENDIENTE', '0:30', '1:40', '2:10', '26580710', 5, 1, 1, 1, 1, 1, '', NULL, NULL),
	(824, '	TL5363', 'PIMENTEL CENTRO', '-6.835126', '-79.934976', 'LEONCIO PRADO 248', 238, 82, 33, 7, 1, 1, '	1:30', '1:00', 'SOLO BTS', '0:30', '2:30', '3:00', '37721271', 5, 1, 1, 1, 1, 1, '', NULL, NULL),
	(825, '	TM5593', 'PINCHUDOS', '-6.230194515', '-77.87061129', 'LT.4 PREDIO CON ACCESO A JR. DOS DE MAYO N° 613 - BARRIO LA LAGUNA', 53, 13, 33, 8, 1, 3, '	1:30', '2:30', 'SOLO BTS', '0:20', '0:15', '0:35', '35733999', 4, 1, 1, 1, 1, 1, '	 PROBLEMAS CON POBLACIÓN	 ', NULL, NULL),
	(826, '	TC5858', 'PINDOC', '-6.14401', '-78.8928', 'CASERIO CHONTA ALTA. CALLAYUC. CUTERVO. CAJAMARCA', 36, 273, 13, 6, 1, 2, '	4:30', '14:00', 'PENDIENTE', '2:00', '0:00', '2:00', '37898657', 5, 1, 1, 1, 1, 2, '', NULL, NULL),
	(827, '	TA5657', 'PIRA', '-9.59731', '-77.71731', 'SECTOR CARCASH PUNTA. PIRA. HUARAZ. ANCASH', 239, 219, 33, 3, 1, 2, '	6:00', '12:00', 'SOLO BTS', '2:30', '0:00', '2:30', '59110941', 1, 1, 1, 1, 1, 1, '	CONSTANTES DESCARGAS ELÉCTRICAS, LLUVIAS, FALLAS CON EL CONCESIONARIO ELECTRÍCO, RUTA ACCIDENTADA	 ', NULL, NULL),
	(828, '	TA5763', 'PISCOBAMBA', '-8.86129', '-77.3484', 'Carretera a Parco (a 4 kilometro de Piscobamba)', 240, 274, 17, 3, 1, 2, '	6:00', '0:15', 'PENDIENTE', '7:00', '0:00', '7:00', '55868119', 1, 1, 1, 2, 1, 1, '	CONSTANTES CORTES, DESLIZAMIENTOS, DESCARGAS ELÉCTRICAS, LLUVIAS, FALLAS CON EL CONCESIONARIO ELECTRÍCO, RUTA ACCIDENTADA	 ', NULL, NULL),
	(829, '	TL6016', 'PITIPO', '-6.564389028', '-79.77583351', 'PARCELA N°4 DEL PREDIO EL ESPINO - EL SAUCE"', 241, 246, 33, 7, 1, 1, '	1:30', '8:00', 'SOLO BTS', '1:25', '0:00', '1:25', '26941240', 5, 1, 1, 1, 1, 1, '', NULL, NULL),
	(830, '	TL6017', 'PITIPO BATAN GRANDE', '-6.48019', '-79.64822', 'INMUEBLE DENOMINADO SANTA CRUZ SECTOR LA BALSA', 241, 246, 13, 7, 1, 1, '	2:00', '3:00', 'PENDIENTE', '0:45', '0:10', '0:55', '35451945', 5, 1, 1, 1, 1, 1, '', NULL, NULL),
	(831, '	TP5684', 'PIURA', '', '', 'AV SANCHEZ CERRO 228 LT 3 ZONA INDUSTRIAL', 242, 15, 33, 9, 1, 1, '	1:30', '', 'SOLO BTS', '0:30', '0:00', '0:30', '', 49, 1, 1, 9, 1, 1, '', NULL, NULL),
	(832, '	TJ5162', 'PIZARRO', '-8.115083384', '-79.02952781', 'JR. ALFONSO UGARTE 571', 348, 25, 33, 1, 1, 1, '	1:30', '6:00', 'SOLO BTS', '0:30', '0:00', '0:30', '54869864', 1, 1, 1, 5, 1, 1, '', NULL, NULL),
	(833, '	TJ5350', 'PLANTA VIRU', '-8.398555663', '-78.8104724', 'PANAMERICANA NORTE KM.521 - SOCIEDAD AGRICOLA VIRU', 337, 70, 2, 1, 1, 1, '	2:00', '10:00', 'SOLO BTS', '1:00', '0:00', '1:00', 'S/N', 37, 1, 1, 1, 1, 1, '', NULL, NULL),
	(834, '	TL2438', 'PLANTACION DEL SOL', '-6.215972', '-79.72985', 'FUNDO CHOLOCAL (CA CHICLAYO-MOTUPE KM 56)', 204, 245, 33, 7, 1, 1, '	2:30', '0:00', 'SOLO BTS', '1:00', '', '1:00', '', 49, 1, 1, 4, 2, 1, '', NULL, NULL),
	(835, '	TP6205', 'PLAYA LOBITOS', '-4.45492', '-81.27608', 'CERRO FRENTE A SECTOR VIRGEN FATIMA. LOBITOS. TALARA. PIURA', 177, 275, 33, 9, 1, 1, '	2:30', '5:00', 'SOLO BTS', '2:00', '0:00', '2:00', '15315300', 3, 1, 1, 1, 1, 1, '', NULL, NULL),
	(836, '	TP6148', 'PLAYA YACILA', '-5.134888919', '-81.16875004', 'CEMENTERIO DE YACILA', 226, 158, 33, 9, 1, 1, '	2:30', '0:40', 'SOLO BTS', '1:00', '0:00', '1:00', '12536916', 3, 1, 1, 1, 1, 1, '', NULL, NULL),
	(837, '	TJ6020', 'PLAZA CASCAS', '-7.476680669', '-78.81806128', 'CL BOLIVAR 803 CON COLÓN', 44, 86, 32, 1, 1, 2, '	3:00', '1:00', 'SOLO BTS', '2:30', '0:00', '2:30', '58953572', 1, 1, 1, 2, 1, 1, '', NULL, NULL),
	(838, '	TL5989', 'PLAZA CHICLAYO', '-6.774194613', '-79.83994462', 'AV. FRANCISCO CABRERA 411', 63, 23, 2, 7, 1, 1, '	1:30', '7:00', 'SOLO BTS', '0:20', '0:00', '0:20', '25878894', 5, 1, 1, 5, 1, 1, '', NULL, NULL),
	(839, '	TA5572', 'PLAZA CHIMBOTE', '-9.074444473', '-78.59161124', 'JR JOSE OLAYA 580 MZ 53 URB CASO URBANO CENTRAL', 66, 17, 33, 2, 1, 1, '	1:30', '4:30', 'SOLO BTS', '1:20', '0:00', '1:20', '63192890 ', 1, 1, 1, 1, 1, 1, '', NULL, NULL),
	(840, '	TJ5150', 'PLAZA DE TOROS', '-8.107500035', '-79.02430557', 'CALLE PIZARRO 897', 325, 25, 2, 1, 1, 1, '	1:30', '0:30', 'SOLO BTS', '0:30', '1:00', '1:30', '54895238', 1, 1, 1, 1, 1, 1, '', NULL, NULL),
	(841, '	TA5784', 'PLAZA HUARAZ', '-9.530250131', '-77.52525012', 'JIRON BUENAVENTURA MENDOZA 710', 348, 28, 33, 3, 1, 2, '	1:30', '1:30', 'SOLO BTS', '0:30', '2:00', '2:30', '52813126', 1, 1, 1, 1, 1, 1, '	CONSTANTES DESCARGAS ELÉCTRICAS, LLUVIAS, FALLAS CON EL CONCESIONARIO ELECTRÍCO	 ', NULL, NULL),
	(842, '	TC4065', 'PLAZA IGNACIO', '-5.14606', '-79.0036', '', 348, 50, 33, 6, 1, 3, '	2:30', '7:00', 'SOLO BTS', '', '', '0:00', '90544838', 4, 7, 1, 2, 1, 1, '', NULL, NULL),
	(843, '	TC4073', 'PLAZA JORGE PIEDRA', '-6.376653', '-78.818047', '', 348, 142, 33, 10, 1, 2, '	2:30', '2:00', 'SOLO BTS', '2:00', '', '2:00', '38616922', 5, 7, 1, 2, 1, 1, '', NULL, NULL),
	(844, '	TL1267', 'PLAZA MOTUPE', '-6.165367', '-79.714569', '', 204, 245, 33, 7, 1, 1, '	2:30', '2:30', 'SOLO BTS', '1:00', '0:00', '1:00', '39058058', 5, 1, 1, 1, 1, 1, '', NULL, NULL),
	(845, '	TJ2680', 'PLAZA OTUZCO', '-7.903869', '-78.565523', 'CL PROGRESO CON CL SANTA RITA. OTUZCO. OTUZCO. LA LIBERTAD', 217, 260, 33, 1, 1, 2, '	1:30', '0:00', 'SOLO BTS', '2:00', '0:00', '2:00', '60412542', 1, 1, 1, 2, 1, 1, '', NULL, NULL),
	(846, '	TL0041', 'PLAZA OYOTUN', '-6.850803', '-79.301044', '', 348, 262, 33, 7, 1, 2, '	2:30', '6:00', 'SOLO BTS', '0:40', '', '0:40', '38622590', 5, 7, 1, 1, 1, 1, '', NULL, NULL),
	(847, '	TJ3071', 'PLAZA PAIJAN', '-7.730828', '#¡REF!', 'PUEBLO JOVEN ALTO PAIJAN SECTOR MANCO CAPAC M16 L7', 224, 263, 33, 1, 1, 1, '	2:30', '1:40', 'SOLO BTS', '', '', '0:00', '63326260', 1, 1, 1, 1, 1, 1, '', NULL, NULL),
	(848, '	TT4186', 'PLAZA SJ TUMBES', '-3.644036', '-80.451403', '', 269, 276, 33, 4, 1, 1, '	2:00', '1:00', 'SOLO BTS', '0:45', '0:00', '0:45', '17101377', 3, 1, 1, 2, 1, 1, '', NULL, NULL),
	(849, '	TA5753', 'POMABAMBA', '-8.824861291', '-77.46872232', 'Frente a la ciudad de Pomabamba (Cerro de torres celulares)', 243, 277, 33, 3, 1, 2, '	9:00', '9:00', 'SOLO BTS', '8:00', '0:00', '8:00', '52768174', 1, 1, 1, 2, 1, 1, '	CONSTANTES CORTES, DESLIZAMIENTOS, DESCARGAS ELÉCTRICAS, LLUVIAS, FALLAS CON EL CONCESIONARIO ELECTRÍCO, RUTA ACCIDENTADA	 ', NULL, NULL),
	(850, '	TC6436', 'POMAHUACA', '-5.959055764', '-79.20891672', '', 244, 257, 33, 6, 1, 2, '	4:30', '0:30', 'SOLO BTS', '2:00', '0:00', '2:00', '35790420', 4, 1, 1, 1, 1, 1, '', NULL, NULL),
	(851, '	TL5965', 'POMALCA', '-6.769944604', '-79.78066685', 'LOTE 5 MZ A SECTOR 6. POMALCA (ALT. CARRETERA CHICLAYO - POMALCA KM. 6)', 245, 278, 33, 7, 1, 1, '	1:30', '4:00', 'SOLO BTS', '0:25', '0:00', '0:25', '37120244', 5, 1, 1, 1, 1, 1, '', NULL, NULL),
	(852, '	TP0108', 'POMAR', '-5.182194', '-80.594361', '', 47, 19, 33, 9, 1, 1, '	1:30', '5:30', 'SOLO BTS', '0:20', '0:00', '0:20', '16536100', 3, 1, 1, 1, 1, 1, '', NULL, NULL),
	(853, '	POP OLMOS', 'POP OLMOS', '', '', 'CA. ELIAS RIVERA MUÑOZ 245', 348, 69, 26, 7, 1, 1, '	2:30', '8:00', 'PENDIENTE', '2:00', '0:00', '2:00', '27978772', 5, 7, 1, 12, 2, 2, '', NULL, NULL),
	(854, '	TJ5255', 'ENTRADA PACASMAYO - POP PACASMAYO', '-7.407416762', '-79.55894457', 'CALLE VICENTE RAZURI N° 226. MZ.08 LT.09 - CCPP PACASMAYO. SECTOR EL PORVENIR', 348, 251, 13, 1, 1, 1, '	2:00', '5:30', 'PENDIENTE', '2:00', '0:00', '2:00', '48477608', 1, 1, 1, 1, 1, 2, '', NULL, NULL),
	(855, '	TJ6214', 'POROTO', '-8.012444', '-78.765944', 'PREDIO CACHAPE LOMA DEL PANTEON', 246, 279, 33, 1, 1, 1, '	1:30', '1:00', 'SOLO BTS', '1:00', '0:00', '1:00', '55032014', 1, 1, 1, 1, 1, 1, '', NULL, NULL),
	(856, '	TA5735', 'PORVENIR CHIMBOTE', '-9.060169', '-78.57583888', 'PUEBLO JOVEN EL PORVENIR # ZONA A - JR UNION S/N', 66, 17, 13, 2, 1, 1, '	1:30', '2:00', 'SOLO BTS', '1:45', '0:40', '2:25', '60607490', 1, 1, 1, 1, 1, 1, '', NULL, NULL),
	(857, '	TA29855', 'POSTE ARCOIRIS P1', '-9.12661', '-78.529164', 'AV CHIMBOTE CON AV SANTA', 212, 17, 12, 2, 1, 1, '	1:30', '7:00', 'SOLO BTS', '0:30', '0:00', '0:30', '', 49, 6, 1, 12, 2, 1, '', NULL, NULL),
	(858, '	TA5742', 'PRIMERO DE MAYO', '-9.116028', '-78.541444', 'CARRETERA PANAMERICANA NORTE CRUCE CON CALLE 9 DE OCTUBRE', 212, 17, 33, 2, 1, 1, '	1:30', '0:50', 'SOLO BTS', '1:45', '0:00', '1:45', '55490889', 1, 1, 1, 1, 1, 1, '	SÓLO SE PUEDE ACCEDER EN HORARIOS DEFINIDOS.	 ', NULL, NULL),
	(859, '	TP6151', 'CASTILLA PIURA', '-5.210894', '-80.627417', 'AV  TACNA 908  URB CASTILLA', 348, 19, 2, 9, 1, 1, '	1:30', '5:00', 'SOLO BTS', '0:20', '0:00', '0:20', '05815538', 3, 1, 1, 5, 1, 1, '	MALA CALIDAD DE ENERGÍA/ESTACIÓN CON DIFÍCIL ACCESO/ ZONA DE ALTO RIESGO PERSONAL (ROBO)	 ', NULL, NULL),
	(860, '	TL0600', 'PUBLIMOVIL BOLOGNESI', '-6.77684', '-79.8301', 'AV FRANCISCO BOLOGNESI 1474', 63, 23, 33, 7, 1, 1, '	1:30', '', 'SOLO BTS', '0:30', '0:00', '0:30', '25669870', 5, 1, 1, 4, 1, 1, '', NULL, NULL),
	(861, '	TC5867', 'PUCARA', '-6.039555575', '-79.12383337', 'SECTOR HUARANGO PAMPA S/N', 248, 280, 13, 6, 1, 2, '	2:30', '1:15', 'PENDIENTE', '1:30', '0:00', '1:30', '35800017', 4, 1, 1, 1, 1, 1, '	ZONA DE ALTO RIESGO PERSONAL	 ', NULL, NULL),
	(862, '	TJ6210', 'PUEBLO NUEVO', '-7.18842', '-79.514139', 'AV CENTRAL 256 URB VIA PUEBLO NUEVO', 249, 162, 33, 1, 1, 1, '	2:30', '1:00', 'SOLO BTS', '', '', '0:00', '61233107', 1, 1, 1, 1, 1, 1, '', NULL, NULL),
	(863, '	TP6260', 'PUEBLO NUEVO COLAN', '-4.905333524', '-81.05250002', 'PARTE ALTA AL COSTADO DEL CEMENTARIO', 83, 87, 33, 9, 1, 1, '	2:30', '1:00', 'SOLO BTS', '1:30', '0:00', '1:30', '12558673', 3, 1, 1, 1, 1, 1, '	 ZONA DE ALTO RIESGO PERSONAL (ROBO)	 ', NULL, NULL),
	(864, '	TJ4155', 'PUENTE VIRU', '', '-78.778719', 'CALLE RICARDO PALMA Nº325 - VIRU', 337, 70, 15, 1, 1, 1, '	2:00', '7:00', 'PENDIENTE', '1:00', '0:00', '1:00', '61525836', 1, 1, 1, 1, 1, 1, '', NULL, NULL),
	(865, '	TJ5166', 'PUERTO  MALABRIGO', '', '-79.43216678', 'AV. LA MARINA MZ E LOTE 22.23.24 AA.HH. NUEVO MALABRIGO', 255, 99, 33, 1, 1, 1, '	2:30', '1:40', 'SOLO BTS', '1:20', '0:00', '1:20', '53966934', 1, 1, 1, 1, 1, 1, '', NULL, NULL),
	(866, '	TJ6102', 'PUERTO MORIN', '-8.4045', '-78.8947', 'SECTOR PUERTO MORIN MZ 12 LT 14', 337, 70, 33, 1, 1, 1, '	1:30', '6:30', 'SOLO BTS', '1:00', '0:00', '1:00', '62941854', 1, 1, 1, 1, 1, 1, '', NULL, NULL),
	(867, '	TT6311', 'PUERTO PIZARRO', '-3.502833439', '-80.38897231', 'SUB LOTE A. AV. PRINCIPAL N° 100 - VILLA PUERTO PIZARRO', 329, 5, 33, 4, 1, 1, '	1:30', '1:30', 'SOLO BTS', '0:30', '0:00', '0:30', '06742033', 3, 1, 1, 1, 1, 1, '', NULL, NULL),
	(868, '	TJ3566', 'PUMACAHUA', '-8.053506', '-79.007611', 'AH ALTO TRUJILLO MZ H LT 35 BARRIO 5B', 102, 22, 33, 1, 1, 1, '	1:30', '1:00', 'SOLO BTS', '0:40', '0:00', '0:40', '63001200', 1, 1, 1, 1, 1, 1, '', NULL, NULL),
	(869, '	TT0645', 'PUNTA MERO', '-3.899778', '-80.866222', 'CERRO PUNTA MERO', 38, 72, 33, 4, 1, 1, '	2:00', '15:00', 'SOLO BTS', '1:30', '0:00', '1:30', '16856270', 3, 1, 1, 2, 1, 1, '', NULL, NULL),
	(870, '	TT6306', 'PUNTA SAL COSITING', '-3.984', '-80.9835', 'COSITING PUNTA SAL CON TELEFONICA', 38, 72, 21, 4, 1, 1, '	2:30', '0:00', 'SOLO BTS', '2:00', '0:00', '2:00', 'S/N', 19, 1, 1, 1, 1, 1, '', NULL, NULL),
	(871, '	TT6314', 'PUNTA SAL HOTEL', '-3.955611312', '-80.9506113', 'KM. 1192 PANAMERICANA NORTE', 38, 72, 22, 4, 1, 1, '	2:30', '2:00', 'SOLO BTS', '2:00', '0:20', '2:20', 'S/N', 17, 1, 1, 1, 1, 1, '', NULL, NULL),
	(872, '	TL5573', 'PUNTO ROJO', '-6.776836', '-79.830142', 'Panamericana Norte 700', 162, 27, 33, 7, 1, 1, '	1:30', '6:00', 'SOLO BTS', '0:20', '0:25', '0:45', '38200967', 5, 1, 1, 1, 1, 1, '', NULL, NULL),
	(873, '	TP6297', 'QUERECOTILLO SALITRAL', '-4.819500169', '-80.66197238', 'CARRETERA CABO VERDE. MARGEN DERECHA CANAL DE CHECA', 251, 118, 33, 9, 1, 1, '	2:30', '0:00', '10:00', '1:00', '0:40', '1:40', '11051643', 3, 1, 1, 1, 1, 1, '	CONSTANTES ROBOS Y/O PERJUICIOS A BTS.	 ', NULL, NULL),
	(874, '	TC6418', 'QUEROCOTO', '-6.3625', '-79.0345', 'CASERÍO CERCADO QUEROCOTO - EL AGUA BLANCA', 252, 281, 33, 10, 1, 2, '	2:30', '1:20', 'SOLO BTS', '2:30', '1:45', '4:15', '28980926', 5, 1, 1, 1, 1, 1, '	PRESENCIA DE DERRUMBES, RIESGO DE AGRESIÓN FÍSICA POR SER FORÁNEOS.	 ', NULL, NULL),
	(875, '	TA18796', 'QUERORAGRA', '-9.291139', '-77.074192', 'CP QUERORAGRA', 34, 182, 33, 3, 1, 2, '	6:00', '20:00', 'SOLO BTS', '6:00', '0:20', '6:20', '58444979', 1, 2, 1, 3, 1, 1, '	CONSTANTES CORTES, DESLIZAMIENTOS, DESCARGAS ELÉCTRICAS, LLUVIAS, FALLAS CON EL CONCESIONARIO ELECTRÍCO, RUTA ACCIDENTADA	 ', NULL, NULL),
	(876, '	TC18694', 'QUICTUALLE', '-6.2871695', '-78.669586', 'CASERIO QUICTUALLE. SOCOTA. CUTERVO. CAJAMARCA', 309, 282, 33, 10, 1, 2, '	3:00', '', 'SOLO BTS', '3:00', '1:00', '4:00', '', 49, 2, 1, 3, 1, 1, '	EL SITE SE ENCUENTRA EN ZONA DE CONSTANTES LLUVIAS.	 ', NULL, NULL),
	(877, '	TA5823', 'QUILLO', '-9.318277844', '-78.00525001', 'CERRO PUCAHUANCA. CASERIO DE PARIACOLCA. DENTRO DEL TERRITORIO DE LA CC VIRGEN DEL ROSARIO', 253, 283, 33, 2, 1, 2, '	3:00', '8:00', 'SOLO BTS', '4:30', '0:00', '4:30', '59627884', 1, 1, 1, 1, 1, 1, '	CONSTANTES FALLAS CON CONCESIONARIO ELÉCTRICO/ ESTACIÓN CON DIFÍCIL ACCESO	 ', NULL, NULL),
	(878, '	TA18029', 'QUIROBAMBA', '-8.259139', '-77.63611', 'CASERIO QUIROBAMBA. CONCHUCOS. PALLASCA. ANCASH', 88, 284, 33, 2, 1, 2, '	2:30', '8:00', 'SOLO BTS', '9:00', '0:20', '9:20', '60276576', 1, 2, 1, 3, 1, 1, '', NULL, NULL),
	(879, '	TP5426', 'RADIO PRINCIPE', '-4.90661', '-80.6898', '', 348, 24, 33, 9, 1, 1, '	1:30', '5:30', 'SOLO BTS', '0:30', '0:00', '0:30', '18124008', 3, 7, 1, 2, 1, 1, '', NULL, NULL),
	(880, '	TP6360', 'RAMOS', '-4.79532', '-79.90023', 'CERRO RAMOS - COMUNIDAD CAMPESINA SAN ANDRES DE MONTEGRANDE', 297, 285, 33, 9, 1, 2, '	4:30', '4:00', 'SOLO BTS', '5:00', '0:00', '5:00', '11305020', 3, 1, 1, 1, 1, 1, '	CORTES CONSTANTES DE ENERGÍA/ESTACIÓN CON DIFÍCIL ACCESO EN TEMPORADA DE LLUVIA	 ', NULL, NULL),
	(881, '	TA18770', 'RAYANPAMPA', '-8.986633', '-77.7795', 'CP de Rayampampa', 291, 183, 33, 3, 1, 2, '	3:00', '5:00', 'SOLO BTS', '3:30', '0:00', '3:30', 'S/N', 6, 2, 1, 3, 2, 1, '	CONSTANTES CORTES, DESLIZAMIENTOS, DESCARGAS ELÉCTRICAS, LLUVIAS, FALLAS CON EL CONCESIONARIO ELECTRÍCO, RUTA ACCIDENTADA	 ', NULL, NULL),
	(882, '	TA3520', 'RAYMONDY', '-9.0492', '-77.8095', 'Jose de Sucre S/N (Frente al Ministerio Publico)', 41, 77, 33, 3, 1, 2, '	2:30', '', 'SOLO BTS', '', '', '0:00', '61870355', 1, 1, 1, 1, 1, 1, '', NULL, NULL),
	(883, '	TC6164', 'REAL PLAZA CAJAMARCA', '-7.154333', '-78.50542', 'CC REAL PLAZA', 348, 168, 33, 5, 1, 2, '	1:30', '', 'SOLO BTS', '0:30', '0:00', '0:30', '', 49, 7, 1, 2, 1, 1, '', NULL, NULL),
	(884, '	TC2974', 'REAL VEA', '-7.154028', '-78.505215', 'CC REAL PLAZA', 32, 7, 33, 5, 1, 2, '	1:30', '', 'SOLO BTS', '0:30', '0:00', '0:30', '', 49, 1, 1, 4, 2, 1, '', NULL, NULL),
	(885, '	TA5651', 'RECUAY', '-9.72664', '-77.46281', 'Carretera Recuay - Aija (a la altura de la capilla abandonada)', 256, 146, 3, 3, 1, 2, '	2:00', '5:00', 'SOLO BTS', '1:00', '0:00', '1:00', '52767560', 1, 1, 1, 2, 1, 1, '	CONSTANTES DESCARGAS ELÉCTRICAS, LLUVIAS, FALLAS CON EL CONCESIONARIO ELECTRÍCO, RUTA ACCIDENTADA	 ', NULL, NULL),
	(886, '	TJ4401', 'RENIEC TRUJILLO', '-8.098506', '-79.043197', 'AV AMERICA OESTE MZ D LT 4 CON CL JASPE. URB LOS CEDROS', 325, 25, 33, 1, 1, 1, '	1:30', '3:00', 'SOLO BTS', '0:40', '1:30', '2:10', '61996651', 1, 1, 1, 1, 1, 1, '', NULL, NULL),
	(887, '	TT6303', 'REP. F.O. PUNTA SAL', '-3.984', '-80.9835', '', 348, 380, 3, 4, 1, 1, '	2:30', '3:00', 'PENDIENTE', '2:00', '0:30', '2:30', '06723388', 3, 7, 1, 12, 1, 2, '', NULL, NULL),
	(888, '	TC8285', 'REPETIDOR TX CHECOS', '', '', '', 348, 380, 33, 10, 1, 2, '	2:00', '', 'SOLO BTS', '2:20', '0:00', '2:20', '', 49, 7, 1, 12, 1, 1, '', NULL, NULL),
	(889, '	TJ2057', 'REPETIDOR ARAGOSTAI', '', '', 'MINA PODEROSA', 348, 286, 33, 1, 1, 2, '	9:00', '', 'SOLO BTS', '', '', '0:00', 'S/N', 38, 7, 1, 12, 2, 1, '', NULL, NULL),
	(890, '	TJ8886', 'REPETIDOR CHUGAY', '-7.628962', '-77.827736', '', 348, 380, 13, 1, 1, 2, '	6:00', '18:00', 'PENDIENTE', '', '', '0:00', '62615670', 1, 7, 1, 12, 2, 1, '', NULL, NULL),
	(891, '	TT8120', 'REPETIDOR EL GRILLO', '', '', '', 348, 380, 3, 4, 1, 1, '	2:00', '4:00', 'PENDIENTE', '1:30', '0:00', '1:30', '17252101', 3, 7, 1, 12, 1, 2, '', NULL, NULL),
	(892, '	TA8871', 'REPETIDOR HUALLANCA PUEBLO', '', '', '', 348, 380, 3, 3, 1, 2, '	4:30', '5:45', 'PENDIENTE', '3:30', '0:00', '3:30', 'S/N', 6, 7, 2, 12, 1, 2, '', NULL, NULL),
	(893, '	TJ87501', 'REPETIDOR TORRE CLIENTE', '', '', 'MINA PODEROSA', 348, 286, 12, 1, 1, 2, '	9:00', '', 'SOLO BTS', '', '', '0:00', 'S/N', 38, 6, 1, 12, 6, 1, '', NULL, NULL),
	(894, '	TM7249', 'REPETIDOR WARAPATURCO', '', '', '', 348, 287, 33, 8, 1, 3, '	2:30', '0:00', 'SOLO BTS', '3:00', '0:00', '3:00', 'S/N', 18, 7, 1, 12, 1, 1, '', NULL, NULL),
	(895, '	TL5944', 'REQUE ETEN', '-6.88294465', '-79.81827794', 'CL PUERTO ETEN S/N', 257, 288, 31, 7, 1, 1, '	1:30', '0:30', 'SOLO BTS', '0:40', '0:00', '0:40', '25699409', 5, 1, 1, 2, 1, 2, '	DORSAL / BTS	 ', NULL, NULL),
	(896, '	TA5627', 'RESERVORIO', '-9.05703', '-78.58456', 'AV CHIMU MZ U LT 16', 66, 17, 33, 2, 1, 1, '	1:30', '2:00', 'SOLO BTS', '1:45', '0:00', '1:45', '49046515', 1, 1, 1, 1, 1, 1, '	SÓLO SE PUEDE ACCEDER EN HORARIOS DEFINIDOS.	 ', NULL, NULL),
	(897, '	TJ0922', 'RETAMAS', '-8.021167', '-77.477611', 'PREDIO DENOMINADO SEMBRADO DE EUCALIPTOS DE RUMPUY', 232, 218, 33, 1, 1, 2, '	10:30', '8:00', 'SOLO BTS', '', '', '0:00', '61522306', 1, 1, 1, 2, 1, 1, '', NULL, NULL),
	(898, '	TT6332', 'RICA PLAYA ', '-3.79125', '-80.48883', 'EX FUNDO PLATEROS', 269, 276, 33, 4, 1, 1, '	1:30', '2:00', 'SOLO BTS', '1:30', '0:00', '1:30', '06762949', 3, 1, 1, 1, 1, 1, '', NULL, NULL),
	(899, '	TL0025', 'RICARDO MORENO', '-6.636644', '-79.391367', '', 348, 53, 33, 7, 1, 1, '	2:30', '4:00', 'SOLO BTS', '', '', '0:00', '', 49, 7, 1, 1, 1, 1, '', NULL, NULL),
	(900, '	TJ6470', 'RIMBARA', '-8.09551', '-78.6411', 'CASERIO RIMBARA. CARABAMBA. JULCAN. LA LIBERTAD', 40, 76, 13, 1, 1, 2, '	4:30', '12:00', 'PENDIENTE', '4:00', '0:00', '4:00', '59229798', 1, 1, 1, 1, 1, 1, '', NULL, NULL),
	(901, '	TJ5106', 'RINCONADA', '-8.300277838', '-78.88805574', 'LA RINCONADA     PANAMERICANA  NORTE    KM. 529', 259, 289, 4, 1, 1, 1, '	2:00', '7:00', 'PENDIENTE', '1:30', '0:00', '1:30', '47376754', 1, 1, 1, 1, 1, 2, '', NULL, NULL),
	(902, '	TA3178', 'RINCONADA CHIMBOTE', '-8.889481', '-78.564719', '', 348, 17, 33, 2, 1, 1, '	2:00', '5:00', 'SOLO BTS', '1:30', '0:00', '1:30', '66854550', 1, 7, 1, 2, 1, 1, '', NULL, NULL),
	(903, '	TJ6483', 'RIO ALTO', '-7.887833519', '-78.12869449', 'CAMPAMENTO MINERO LA ARENA - ZONA CAMPAMENTO', 118, 134, 2, 1, 1, 2, '	4:30', '6:30', 'SOLO BTS', '0:50', '0:00', '0:50', 'S/N', 34, 1, 1, 1, 1, 1, '', NULL, NULL),
	(904, '	TP5402', 'RIO BLANCO', '-5.187133', '-80.626719', 'CL LORETO 273', 242, 15, 33, 9, 1, 1, '	1:30', '2:00', 'SOLO BTS', '0:20', '0:00', '0:20', '16318657', 3, 1, 1, 5, 1, 1, '', NULL, NULL),
	(905, '	TC5880', 'RIO TINTO', '-6.369222301', '-79.12383337', 'CERRO DENOMINADO LAJAS – LA GRANJA', 252, 281, 2, 10, 1, 2, '	4:30', '2:00', 'SOLO BTS', '3:30', '0:00', '3:30', '35954710', 5, 1, 1, 1, 1, 1, '	FUERTE PENDIENTE EN EL CARRETERA. EN TEMPORADA DE LLUVIAS LOS RIOS ACRECIENTAN Y NO PERMITEN EL PASE. HUMEDALES. COMUNEROS QUE NO PERMITEN TRABAJAR POR ATRIBUIRSE CIERTOS DERECHOS.	 ', NULL, NULL),
	(906, '	TM5581', 'RODRIGUEZ DE MENDOZA', '-6.389027866', '-77.48125012', 'CERRO DOBAL', 283, 290, 2, 8, 1, 3, '	2:30', '6:00', 'SOLO BTS', '4:00', '0:00', '4:00', '33542568', 4, 1, 1, 1, 1, 1, '	 CONSTANTES FALLAS CON CONCESIONARIO ELÉCTRICO	 ', NULL, NULL),
	(907, '	TL5842', 'ROMERO', '', '', 'FUNDO LA TIZA - CASERIO LA OLLERIA - CP LA COLORADA', 202, 137, 33, 7, 1, 1, '	1:30', '5:00', 'SOLO BTS', '1:00', '0:00', '1:00', '38235407', 5, 1, 1, 2, 1, 1, '', NULL, NULL),
	(908, '	TA5818', 'ROSAS PAMPAS', '-9.525139009', '-77.53238902', 'AV. ANTONIO RAYMONDI N° 299 LT.01 MZ.C. SECTOR CONO ALUVIONICO. ASOCIACION VECINAL 31 DE MAYO', 126, 28, 33, 3, 1, 2, '	1:30', '0:40', 'SOLO BTS', '0:30', '0:00', '0:30', '59084449', 1, 1, 1, 1, 1, 1, '	CONSTANTES DESCARGAS ELÉCTRICAS, LLUVIAS, FALLAS CON EL CONCESIONARIO ELECTRÍCO	 ', NULL, NULL),
	(909, '	TA5629', 'SAENZ PEÑA', '-9.074583363', '-78.59722237', 'AV. VICTOR RAUL HAYA DE LA TORRE 112 - 116', 66, 17, 31, 2, 1, 1, '	1:30', '3:00', 'SOLO BTS', '1:30', '0:00', '1:30', 'S/N', 6, 1, 1, 1, 1, 1, '	SÓLO SE PUEDE ACCEDER EN HORARIOS DEFINIDOS.	 ', NULL, NULL),
	(910, '	TL5852', 'SALAS', '-6.270625', '-79.593753', 'CERRO MORRUPE', 258, 196, 33, 7, 1, 1, '	6:00', '6:30', 'SOLO BTS', '', '', '0:00', '', 49, 1, 1, 1, 1, 1, '', NULL, NULL),
	(911, '	TJ5096', 'SALAVERRY', '-8.20961117', '-78.96307522', 'CERRO ALTO SALAVERRY CARRETEREA PANAMERICANA NORTE KM. 547', 259, 289, 31, 1, 1, 1, '	1:30', '2:00', 'SOLO BTS', '0:50', '0:00', '0:50', 'S/N', 19, 1, 1, 1, 1, 2, '', NULL, NULL),
	(912, '	TL6028', 'SALAVERRY QUIÑONES', '-6.770277938', '-79.85211129', 'AV. SALAVERRY N° 690', 63, 23, 31, 7, 1, 1, '	1:30', '0:00', 'SOLO BTS', '0:20', '0:00', '0:20', '', 49, 1, 1, 5, 1, 1, '', NULL, NULL),
	(913, '	TP6150', 'SALIDA CHULUCANAS', '-5.182277842', '-80.57950014', 'CARRETERA A CHULUCANAS KM. 250 LOTE 4. PREDIO EL BOSQUE', 47, 19, 9, 9, 1, 1, '	1:30', '2:10', 'PENDIENTE', '0:20', '0:30', '0:50', '5974202', 3, 1, 1, 1, 1, 1, '	ESTACIÓN CON DIFÍCIL ACCESO	 ', NULL, NULL),
	(914, '	TP1929', 'SALITRAL', '-4.860261', '-80.681006', 'CL TRANSVERSAL LA MAR S/N', 260, 291, 33, 9, 1, 1, '	2:00', '5:00', 'SOLO BTS', '1:00', '0:00', '1:00', '16514318', 3, 1, 1, 1, 1, 1, '', NULL, NULL),
	(915, '	TC5910', 'SALLIQUE', '-5.7054305', '-79.33249', 'CASERIO UNION CERRO HUARHUAR. SALLIQUE. JAEN. CAJAMARCA', 261, 254, 13, 6, 1, 2, '	4:30', '8:00', 'PENDIENTE', '4:00', '0:00', '4:00', '90548710', 4, 1, 1, 1, 1, 2, '', NULL, NULL),
	(916, '	TP6480', 'SALVIA', '-4.88714', '-79.82974', 'LAGUNAS. AYABACA. PIURA', 220, 186, 33, 9, 1, 2, '	6:00', '4:00', 'SOLO BTS', '5:00', '0:00', '5:00', '10258758', 3, 1, 1, 1, 1, 1, '	CORTES CONSTANTES DE ENERGÍA/ESTACIÓN CON DIFÍCIL ACCESO EN TEMPORADA DE LLUVIA/CORTES CONSTANTES DE ENERGÍA	 ', NULL, NULL),
	(917, '	TA6333', 'SAMANCO', '-9.25675', '-78.497333', 'EMPRESA PESQUERA DIAMANTE', 263, 173, 33, 2, 1, 1, '	1:30', '7:00', 'SOLO BTS', '2:00', '1:30', '3:30', '49609363', 39, 1, 1, 1, 1, 1, '', NULL, NULL),
	(918, '	TJ5155', 'SAN ANDRES', '-8.12641671', '-79.0441667', 'CALLE LOS CANARIOS MZ D5 LOTE 4', 348, 25, 2, 1, 1, 1, '	1:30', '3:00', 'SOLO BTS', '0:30', '0:30', '1:00', '47498158', 1, 1, 1, 5, 1, 1, '', NULL, NULL),
	(919, '	TJ5343', 'SAN ANDRES MOCHE', '-8.18291112', '-78.9870139', 'AH ALTO MOCHE A MZ 5 LT 8', 259, 289, 33, 1, 1, 1, '	1:30', '1:00', 'SOLO BTS', '0:40', '0:00', '0:40', '60870243', 1, 1, 1, 1, 1, 1, '', NULL, NULL),
	(920, '	TC5907', 'SAN BENITO', '-7.4391', '-78.91251', 'CERRO EL SILLON. SAN BENITO. CONTUMAZA. CAJAMARCA', 264, 292, 33, 1, 1, 2, '	4:30', '2:00', 'SOLO BTS', '3:30', '1:00', '4:30', '58579601', 1, 1, 1, 1, 1, 1, '	ZONA DE DIFICIL ACCESO, ZONA DE CONSTANTES DESCARGAS ATMOSFÉRICAS, RUTA DE CONSTANTES DESLIZAMIENTOS	 ', NULL, NULL),
	(921, '	LH3617', 'SAN BUENAVENTURA', '', '', 'BARRIO BUENOS AIRES', 348, 293, 13, 1, 1, 2, '	15:00', '14:00', 'PENDIENTE', '14:00', '0:00', '14:00', '58921238', 1, 1, 3, 3, 1, 1, '	ZONA LEJANA DE DIFICIL ACCESO, ZONA DE CONSTANTES DESCARGAS ATMOSFÉRICAS, RUTA DE CONSTANTES DESLIZAMIENTOS, TIEMPO DE CAMINATA SIN PESO 4 HORAS.	 ', NULL, NULL),
	(922, '	TP4420', 'SAN EDUARDO', '-5.182944', '-80.62675', 'AV ANDRES AVELINO CACERES CON AV CHIRICHIGNO', 242, 15, 33, 9, 1, 1, '	1:30', '0:00', 'SOLO BTS', '0:20', '0:00', '0:20', '16469606', 3, 1, 1, 5, 1, 1, '', NULL, NULL),
	(923, '	TC5911', 'SAN FELIPE JAEN', '-5.780511', '-79.29112', 'CERRO   QUISPE O CERRO LA HUACA', 265, 211, 33, 6, 1, 2, '	4:30', '23:00', 'SOLO BTS', '4:00', '0:20', '4:20', '36419850', 4, 1, 1, 1, 1, 2, '	CONSTANTES PROBLEMAS CLIMATOLOGICOS	 ', NULL, NULL),
	(924, '	TC5916', 'SAN GREGORIO', '-7.053', '-79.0828', 'CERRO LA PAMPA', 267, 294, 33, 7, 1, 2, '	3:00', '1:15', 'SOLO BTS', '3:30', '0:00', '3:30', '61782987', 1, 1, 1, 1, 1, 2, '	DERRUMBES EN EPOCA DE LLUVIA	 ', NULL, NULL),
	(925, '	TC5856', 'SAN IGNACIO', '-5.125972264', '-79.01080558', 'PREDIO CAMPANAS - SAN IGNACIO', 268, 50, 17, 6, 1, 3, '	2:30', '0:40', 'PENDIENTE', '2:30', '0:20', '2:50', '32022625', 4, 1, 1, 2, 1, 1, '', NULL, NULL),
	(926, '	TJ5241', 'SAN IGNACIO OTUZCO', '-7.8213058', '-78.74683', 'PREDIO SHIRE', 306, 295, 33, 1, 1, 2, '	4:30', '1:30', 'SOLO BTS', '4:00', '1:00', '5:00', '59298884', 1, 1, 1, 1, 1, 1, '', NULL, NULL),
	(927, '	TJ1181', 'SAN ISIDRO', '-7.915833', '-78.505139', '', 217, 260, 33, 1, 1, 2, '	3:00', '6:30', 'SOLO BTS', '2:30', '', '2:30', '63416124', 1, 1, 1, 1, 1, 1, '', NULL, NULL),
	(928, '	TT6335', 'SAN ISIDRO CORRALES', '-3.60994', '-80.51119', 'PREDIO LA MALMACEDA # U C  N 04205', 94, 296, 2, 4, 1, 1, '	1:30', '', 'SOLO BTS', '0:30', '0:00', '0:30', '6765593', 3, 1, 1, 1, 1, 1, '', NULL, NULL),
	(929, '	TC18696', 'SAN ISIDRO DE LAS ROSAS', '-7.3161693', '-78.92651', 'CERRO LAS PIEDRAS SUGAS - CP SAN ISIDRO DE LAS ROSAS', 318, 91, 33, 5, 1, 2, '	6:30', '15:00', 'SOLO BTS', '5:00', '0:00', '5:00', 'S/N', 10, 2, 1, 3, 1, 3, '	CONSTANTES DESLIZAMIENTOS	 ', NULL, NULL),
	(930, '	TA5405', 'SAN JACINTO CENTRO', '-9.14525', '-78.283306', 'CALLE LAS CASUARINAS MANZANA H LOTE 18. AA. HH. SOLIDEX ALTO', 209, 297, 33, 2, 1, 1, '	2:30', '1:50', 'SOLO BTS', '2:00', '0:00', '2:00', '60394364', 1, 1, 1, 1, 1, 1, '', NULL, NULL),
	(931, '	TA5768', 'SAN JACINTO', '-9.177777833', '-78.25844451', 'CERRO QUISKE', 209, 297, 13, 2, 1, 1, '	2:30', '10:00', 'PENDIENTE', '2:00', '1:00', '3:00', '55513992', 1, 1, 1, 1, 1, 1, '	ESTACIÓN CON DIFÍCIL ACCESO	 ', NULL, NULL),
	(932, '	TA5755', 'NEPEÑA-SAN JACINTO', '-9.14525', '-78.283306', 'CERRO BLANCO NEPEÑA', 209, 297, 13, 2, 1, 1, '	2:30', '7:00', 'PENDIENTE', '2:00', '0:00', '2:00', '58153612', 1, 1, 1, 1, 1, 1, '	ESTACIÓN CON DIFÍCIL ACCESO	 ', NULL, NULL),
	(933, '	TM5607', 'SAN JERONIMO AMAZONAS', '-6.073861139', '-77.97619466', 'PREDIO GUADAPITA', 270, 298, 3, 8, 1, 3, '	4:30', '2:00', '4:00', '3:00', '0:00', '3:00', '32506487', 4, 1, 1, 1, 1, 2, '	CONSTANTES PROBLEMAS CLIMATOLOGICOS/CONSTANTES DESCARGAS ELECTRICAS	 ', NULL, NULL),
	(934, '	TL5987', 'SAN JOSE DE CHICLAYO', '-6.770722384', '-79.84088907', 'AV. SAN JOSE 545', 348, 23, 2, 7, 1, 1, '	1:30', '5:00', 'SOLO BTS', '0:30', '0:00', '0:30', '25839386', 5, 1, 1, 5, 1, 1, '', NULL, NULL),
	(935, '	TC5846', 'SAN JUAN DE CAJAMARCA', '-7.28072', '-78.55711', 'SAN JUAN CAJAMARCA COMUNIDAD CAMPESINA KIWICHAN', 184, 85, 32, 5, 1, 2, '	2:00', '6:00', 'SOLO BTS', '1:20', '0:00', '1:20', '45976355', 1, 1, 1, 1, 1, 1, '', NULL, NULL),
	(936, '	TT6336', 'SAN JUAN DE LA VIRGEN', '-3.628361258', '-80.42757511', 'ZONA EL MIRADOR - COSTADO DE CANAL DE REGAD#O BRUJAS ALTAS', 275, 299, 33, 4, 1, 1, '	1:30', '5:00', 'SOLO BTS', '0:45', '0:00', '0:45', '06762500', 3, 1, 1, 1, 1, 1, '', NULL, NULL),
	(937, '	TC18676', 'SAN JUAN DE PIOBAMBA', '-7.10936', '-78.06526', '', 218, 202, 33, 5, 1, 2, '	4:30', '14:00', 'SOLO BTS', '2:40', '1:00', '3:40', '58906438', 1, 2, 1, 3, 1, 1, '	PROBLEMAS CON POBLACIÓN	 ', NULL, NULL),
	(938, '	TA6450', 'SAN JUAN DE RONTOY', '-9.176', '-77.000946', 'Ciudad de San Juan de Rontoy', 277, 300, 33, 3, 1, 2, '	6:00', '0:00', 'SOLO BTS', '6:00', '0:00', '6:00', '58358487', 1, 1, 1, 3, 1, 1, '	CONSTANTES CORTES, DESLIZAMIENTOS, DESCARGAS ELÉCTRICAS, LLUVIAS, FALLAS CON EL CONCESIONARIO ELECTRÍCO, RUTA ACCIDENTADA	 ', NULL, NULL),
	(939, '	TA5733', 'SAN LUIS', '-9.137417', '-78.506056', 'AV. ALCATRACES CON PACFICIO', 212, 17, 33, 2, 1, 1, '	1:30', '0:00', 'SOLO BTS', '1:45', '0:00', '1:45', '60372198', 1, 1, 1, 1, 1, 1, '', NULL, NULL),
	(940, '	TC5908', 'SAN LUIS DE LUCMA', '-6.33136', '-78.60639', 'CASERIO CERCADO DE ANGUIA - EL MIRADOR S/N', 10, 301, 13, 10, 1, 2, '	3:00', '4:30', 'PENDIENTE', '2:30', '0:00', '2:30', '37793637', 5, 1, 1, 1, 1, 1, '', NULL, NULL),
	(941, '	TA6062', 'SAN MANUEL', '-8.989778', '-78.617611', 'PARCELA 12377. PREDIO CHIROQUE. ALTURA KM. 422 PANAMERICANA NORTE', 290, 302, 33, 2, 1, 1, '	1:30', '2:30', 'SOLO BTS', '0:15', '0:15', '0:30', '62985750', 1, 1, 1, 1, 1, 1, '', NULL, NULL),
	(942, '	TC5849', 'SAN MARCOS', '-7.329194533', '-78.16769448', 'PREDIO RUSTICO FLORENCIA CASERIO MALLORCO', 236, 303, 18, 5, 1, 2, '	2:30', '5:40', '9:00', '2:10', '0:00', '2:10', '', 1, 1, 1, 2, 1, 1, '', NULL, NULL),
	(943, '	TA4239', 'SAN MARCOS ANCASH', '-9.521436111', '-77.149583', 'Ciudad de San Macos (desvío de a poblado de Runtu)', 280, 33, 2, 3, 1, 2, '	3:00', '4:30', 'SOLO BTS', '4:30', '0:00', '4:30', '61090210', 1, 1, 1, 1, 1, 1, '', NULL, NULL),
	(944, '	TC5854', 'SAN MARTIN DE CAJAMARCA', '-7.192777833', '-78.49836124', 'PREDIO RUSTICO PATA. SECTOR PACCHA CHICA', 32, 7, 18, 5, 1, 2, '	1:30', '7:00', 'PENDIENTE', '0:30', '0:30', '1:00', '45990004', 1, 1, 1, 1, 1, 1, '', NULL, NULL),
	(945, '	TP6149', 'SAN MARTIN DE PIURA', '-5.175777829', '-80.66936125', 'MZ I LOTE 28. ZONA INDUSTRIAL 2° ETAPA', 242, 15, 27, 9, 1, 1, '	1:30', '23:30', 'PENDIENTE', '0:20', '0:00', '0:20', '05772922', 3, 1, 1, 1, 1, 2, '', NULL, NULL),
	(946, '	TC5868', 'SAN MIGUEL DE PALLAQUES', '-6.988750208', '-78.82744463', 'PREDIO LA FILA', 281, 198, 17, 5, 1, 2, '	3:00', '1:40', 'SOLO BTS', '4:00', '0:00', '4:00', '59133383', 1, 1, 1, 2, 1, 1, '', NULL, NULL),
	(947, '	TM4053', 'SAN PABLO AMAZONAS', '-6.04305', '-77.920261', '', 348, 304, 33, 8, 1, 3, '	1:30', '', 'SOLO BTS', '0:30', '0:00', '0:30', '35991026', 4, 7, 1, 1, 1, 1, '', NULL, NULL),
	(948, '	TC5869', 'SAN PABLO DE CAJAMARCA', '-7.10166669', '-78.83108353', 'LAS PERCHAS - CERRO CASHURCO', 284, 305, 17, 5, 1, 2, '	2:30', '1:40', '4:20', '1:30', '1:30', '3:00', '45841505', 1, 1, 1, 2, 1, 1, '	 CONSTANTES DESCARGAS ELÉCTRICAS ATMOSFÉRICAS	 ', NULL, NULL),
	(949, '	TA6114', 'SAN PEDRO', '-9.049444', '-78.585944', 'AH SAN PEDRO MZ K2 LT 11', 66, 17, 33, 2, 1, 1, '	1:30', '1:10', 'SOLO BTS', '1:45', '0:00', '1:45', '61629062', 1, 1, 1, 1, 1, 1, '', NULL, NULL),
	(950, '	LH3616', 'SAN PEDRO DE CHONTA', '', '', 'SAN PEDRO DE CHONTA', 348, 306, 33, 1, 1, 2, '	15:00', '20:00', 'SOLO BTS', '13:00', '0:00', '13:00', '130145', 40, 7, 1, 3, 1, 2, '	ZONA LEJANA DE DIFICIL ACCESO, ZONA DE CONSTANTES DESCARGAS ATMOSFÉRICAS, RUTA DE CONSTANTES DESLIZAMIENTOS	 ', NULL, NULL),
	(951, '	TC5888', 'SAN PEDRO DE CHOTA', '-6.4715085', '-78.65181', 'PARCELA LAS CHOLTAS  CASER#O  UTCHUCACHULIT', 87, 307, 13, 10, 1, 2, '	2:30', '5:30', '18:00', '1:20', '0:00', '1:20', 'S/N', 6, 1, 1, 1, 1, 1, '	TROCHA INESTABLE. PRESENCIA DE CERCOS PERIMÉTRICOS QUE IMPIDEN EL PASO, PAGOS POR PASES DE CHACRAS PARA LLEGAR AL SITE. CAMINO EMPINADO Y DE CONSTANTE LLUVIA.	 ', NULL, NULL),
	(952, '	TJ5124', 'SAN PEDRO DE LLOC', '-7.4250001', '-79.50300011', 'AV INDEPENDENCIA S/N', 287, 308, 13, 1, 1, 1, '	2:00', '4:00', 'PENDIENTE', '2:00', '0:30', '2:30', '62936282', 1, 1, 1, 1, 1, 1, '	ACCESO A LOCALES CO-UBICADOS DEMORA POR PARTE DEL CO OPERADOR	 ', NULL, NULL),
	(953, '	TT6322', 'SAN PEDRO DE LOS INCAS', '-3.614472371', '-80.4812779', 'CERRO DE SAN PEDRO DE LOS INCAS', 94, 296, 15, 4, 1, 1, '	1:30', '2:00', 'SOLO BTS', '0:30', '0:00', '0:30', '06697635', 3, 1, 1, 1, 1, 1, '', NULL, NULL),
	(954, '	TP0805', 'SAN SEBASTIAN', '-4.509028', '-79.996167', 'SUYO', 314, 309, 33, 9, 1, 1, '	3:00', '4:00', 'SOLO BTS', '3:30', '0:25', '3:55', '16643600', 3, 1, 1, 1, 1, 1, '', NULL, NULL),
	(955, '	TA6451', 'SANACHGAN', '-8.806788', '-77.26768', 'CP de Sanachgán (junto a la municipalidad)', 107, 104, 33, 3, 1, 2, '	6:00', '12:00', 'SOLO BTS', '9:30', '0:00', '9:30', '58894963', 1, 1, 1, 3, 1, 1, '	CONSTANTES CORTES, DESLIZAMIENTOS, DESCARGAS ELÉCTRICAS, LLUVIAS, FALLAS CON EL CONCESIONARIO ELECTRÍCO, RUTA ACCIDENTADA	 ', NULL, NULL),
	(956, '	TJ5240', 'SANAGORAN LA LIBERTAD', '-7.76155', '-78.14108', 'CASERIO MALRACHUGO. SANAGORAN. SANCHEZ CARRION. LA LIBERTAD', 288, 227, 13, 1, 1, 2, '	4:30', '1:00', '23:00', '3:30', '0:00', '3:30', '58895147', 1, 1, 1, 1, 1, 1, '', NULL, NULL),
	(957, '	TP6130', 'SANCHEZ CERRO', '-5.190138939', '-80.63455568', 'AV. SANCHEZ CERRO 1350', 242, 15, 2, 9, 1, 1, '	1:30', '5:30', 'SOLO BTS', '0:20', '0:00', '0:20', '5647138', 3, 1, 1, 5, 1, 1, '', NULL, NULL),
	(958, '	TL6012', 'SANTA ANA', '-6.74667', '-79.85625', 'LOTE N°1 DE LA MZ. A. PUEBLO JOVEN SANTA ANA. AHORA AV. LA DESPENSA S/N', 148, 29, 33, 7, 1, 1, '	1:30', '2:00', 'SOLO BTS', '0:30', '0:00', '0:30', '37814002', 5, 1, 1, 1, 1, 1, '', NULL, NULL),
	(959, '	TC5885', 'SANTA APOLONIA', '-7.168222259', '-78.52158345', 'CARRETERA COMBEMAYO. SECTOR BELLAVISTA ALTA', 32, 7, 9, 5, 1, 2, '	1:30', '2:30', 'PENDIENTE', '0:45', '1:00', '1:45', '45864170', 1, 1, 1, 3, 1, 2, '', NULL, NULL),
	(960, '	TL4050', 'SANTA CATALINA', '-6.749692', '-79.850211', '', 348, 29, 33, 7, 1, 1, '	1:30', '5:00', 'SOLO BTS', '0:30', '0:00', '0:30', '38577172', 5, 7, 1, 2, 1, 1, '', NULL, NULL),
	(961, '	TA18792', 'SANTA CRUZ - ANCASH', '-10.01497', '-77.64645', 'CP de Santa Cruz (pasando Cotaparaco)', 80, 310, 33, 3, 1, 2, '	4:30', '12:00', 'SOLO BTS', '5:00', '0:00', '5:00', '58634365', 1, 2, 1, 3, 1, 1, '	CONSTANTES CORTES, DESLIZAMIENTOS, DESCARGAS ELÉCTRICAS, LLUVIAS, FALLAS CON EL CONCESIONARIO ELECTRÍCO, RUTA ACCIDENTADA	 ', NULL, NULL),
	(962, '	TC5861', 'SANTA CRUZ DE CAJAMARCA', '-6.636583467', '-78.95750021', 'CERRO COTORUMI', 291, 183, 17, 10, 1, 2, '	3:00', '8:40', 'PENDIENTE', '2:00', '1:00', '3:00', '28477351', 5, 1, 1, 2, 1, 1, '	DESCARGAS ATMOSFÉRICAS FRECUENTES. FUERTES VIENTOS. TROCHA INESTABLE SIN MANTENIMIENTOS.	 ', NULL, NULL),
	(963, '	TC5909', 'SANTA CRUZ DE CUTERVO', '-6.11517', '-78.85088', 'TIERRA PROMETIDA', 291, 183, 33, 6, 1, 2, '	3:00', '0:00', 'SOLO BTS', '2:30', '0:00', '2:30', '38359718', 4, 1, 1, 1, 1, 1, '	CONSTANTES PROBLEMAS CLIMATOLOGICOS	 ', NULL, NULL),
	(964, '	TP6257', 'SANTA CRUZ KM 50', '-5.173472269', '-80.18211118', 'CARRETERA PIURA CHULUCANAS KM. 50', 77, 121, 5, 9, 1, 1, '	2:30', '3:30', 'PENDIENTE', '1:00', '0:00', '1:00', '10184190', 3, 1, 1, 1, 1, 2, '	MALA CALIDAD DE ENERGÍA	 ', NULL, NULL),
	(965, '	TJ6472', 'SANTA ELENA HUASO', '-8.27918', '-78.41821', 'PREDIO LAS CAHUAS - CASERIO SANTA ELENA', 129, 184, 33, 1, 1, 2, '	6:00', '16:00', 'SOLO BTS', '4:00', '0:30', '4:30', 'S/N', 18, 1, 1, 1, 1, 6, '', NULL, NULL),
	(966, '	TJ5132', 'SANTA INES', '-8.1022833', '-79.0386917', 'AV. MANSICHE 1023', 325, 25, 2, 1, 1, 1, '	1:30', '1:10', 'SOLO BTS', '0:40', '0:20', '1:00', '47525710', 1, 1, 1, 1, 1, 1, '	ESTACIÓN MONTADA ENCIMA DE UN HOTEL, ACCESO EN HORARIOS ESTABLECIDOS, NO SE PERMITE INSTALAR G.E	 ', NULL, NULL),
	(967, '	TM5604', 'SANTA MARIA NIEVAS', '-4.595444585', '-77.86602798', 'CALLE 01 MZ.M LT.10 - AA.HH. VILLA SANTA MARIA DE NIEVA', 211, 311, 33, 8, 1, 3, '	10:30', '5:30', 'SOLO BTS', '9:00', '1:00', '10:00', '90216102', 4, 1, 1, 3, 1, 1, '	CONSTANTES DESCARGAS ELÉCTRICAS ATMOSFÉRICAS/MALA CALIDAD DE ENERGÍA/- CORTES CONSTANTES	 ', NULL, NULL),
	(968, '	TC18662', 'SANTA ROSA CAJAMARCA', '-5.7245693', '-79.32226', 'SALLIQUE. JAEN. CAJAMARCA', 261, 254, 33, 6, 1, 2, '	3:00', '90:00', 'SOLO BTS', '3:30', '0:00', '3:30', '90690255', 4, 2, 1, 3, 1, 2, '', NULL, NULL),
	(969, '	TL5950', 'SANTA ROSA CALETA ', '-6.879972422', '-79.92333353', 'AV MARISCAL CASTILLA S/N', 292, 312, 2, 7, 1, 1, '	1:30', '1:30', 'SOLO BTS', '0:30', '0:00', '0:30', '26544580', 5, 1, 1, 2, 1, 1, '', NULL, NULL),
	(970, '	TC6502', 'SANTA ROSA DE JAEN', '-5.398472329', '-78.57763902', 'INMUEBLE UBICADO EN EL CERRO MIRADOR. CASERIO SAN JOSE DE ALTO - COMUNIDAD CAMPESINA SANTA ROSA', 292, 312, 33, 6, 1, 2, '	3:00', '5:00', 'SOLO BTS', '3:00', '0:00', '3:00', '36483493', 4, 1, 1, 1, 1, 1, '', NULL, NULL),
	(971, '	TC5017', 'SANTA ROSA DE LA YUNGA', '-5.429083442', '-78.56588903', 'BARRIO GIRASOLES PARTE ALTA', 292, 312, 33, 6, 1, 2, '	3:00', '6:00', 'SOLO BTS', '3:00', '0:00', '3:00', '90012050', 4, 1, 1, 1, 1, 1, '', NULL, NULL),
	(972, '	TJ5089', 'SANTA SOFIA', '-8.09636', '-79.00817', 'MZ. A LOTE 15 URB. SANTA OTILIA', 325, 25, 15, 1, 1, 1, '	1:30', '4:30', 'PENDIENTE', '0:40', '0:00', '0:40', '47303266', 1, 1, 1, 1, 1, 1, '	ZONA DE MALA CALIDAD DE ENERGÍA	 ', NULL, NULL),
	(973, '	TL5931', 'SANTA VICTORIA', '-6.783583491', '-79.84438908', 'JR. LOS ALAMOS 290 - URB. SANTA VICTORIA', 63, 23, 2, 7, 1, 1, '	1:30', '2:00', 'SOLO BTS', '0:20', '0:30', '0:50', '25639465', 5, 1, 1, 5, 1, 1, '', NULL, NULL),
	(974, '	TJ5141', 'SANTIAGO DE CAO', '-7.960944656', '-79.2394445', 'CALLE LIBERTAD 540', 293, 83, 33, 1, 1, 1, '	2:00', '14:00', 'SOLO BTS', '1:00', '0:40', '1:40', '48739597', 1, 1, 1, 1, 1, 1, '', NULL, NULL),
	(975, '	TJ5125', 'SANTIAGO DE CHUCO', '-8.147916723', '-78.16475006', 'CHAYCHUGO S/N', 294, 156, 13, 1, 1, 2, '	4:30', '3:00', '13:00', '3:30', '0:15', '3:45', '47506509', 1, 1, 1, 1, 1, 1, '	ZONA DE DIFICIL ACCESO, ZONA DE CONSTANTES DESCARGAS ATMOSFÉRICAS, RUTA DE CONSTANTES DESLIZAMIENTOS	 ', NULL, NULL),
	(976, '	TP6259', 'SANTO DOMINGO DE CHILACO', '-5.006805569', '-79.80505573', 'CERRO NUEVA ALIANZA', 54, 313, 13, 9, 1, 1, '	3:00', '2:00', 'SOLO BTS', '4:00', '0:30', '4:30', '10180065', 3, 1, 1, 1, 1, 1, '	CORTES CONSTANTES/ ESTACIÓN CON DIFÍCIL ACCESO EN TEMPORADA DE LLUVIA	 ', NULL, NULL),
	(977, '	TM5613', 'SANTO TOMAS DE AMAZONAS', '-6.589777907', '-77.86658354', 'PARCELA LA CORONA DE MORAS', 295, 13, 33, 8, 1, 3, '	3:00', '4:00', 'SOLO BTS', '2:00', '0:00', '2:00', '35991026', 4, 1, 1, 1, 1, 1, '	CONSTANTES DESCARGAS ELÉCTRICAS ATMOSFÉRICAS/CONSTANTES PROBLEMAS CLIMATOLÓGICOS (LLUVIAS)	 ', NULL, NULL),
	(978, '	TC5946', 'SANTO TOMAS DE CAJAMARCA', '-6.151278', '-78.675389', 'CERRO SANTO TOMAS', 295, 314, 2, 6, 1, 2, '	2:30', '2:00', 'SOLO BTS', '4:00', '0:00', '4:00', '39771610', 5, 1, 1, 2, 1, 1, '', NULL, NULL),
	(979, '	TP6180', 'SAPILLICA', '-4.765944626', '-79.97408354', 'CASERIO LAGUNAS DE SAPILLICA S/N', 297, 285, 33, 9, 1, 2, '	3:00', '3:30', 'SOLO BTS', '4:00', '0:00', '4:00', '11302959', 3, 1, 1, 1, 1, 1, '	ESTACIÓN CON DIFÍCIL ACCESO/CORTES CONSTANTES	 ', NULL, NULL),
	(980, '	TJ5228', 'SARIN', '-7.898472429', '-77.89647243', 'CASERIO CEBADAPAMPA', 298, 150, 33, 1, 1, 2, '	6:00', '4:00', 'SOLO BTS', '3:00', '0:00', '3:00', '58297971', 1, 1, 1, 1, 1, 1, '', NULL, NULL),
	(981, '	TJ18742', 'SATAPAMPA', '-8.172973', '-78.62942', 'CASERIO SATAPAMPA PARCELA EL PITAYO PREDIO HUAYLLIN. CARABAMBA. JULCAN. LA LIBERTAD', 40, 76, 33, 1, 1, 2, '	4:30', '4:00', 'SOLO BTS', '5:00', '0:00', '5:00', '59229822', 1, 2, 1, 3, 1, 1, '	ZONA DE DIFICIL ACCESO, ZONA DE CONSTANTES DESCARGAS ATMOSFÉRICAS	 ', NULL, NULL),
	(982, '	TC18660', 'SAULACA', '-5.6506443', '-79.37726', 'CASERIO SAULACA. SALLIQUE. JAEN. CAJAMARCA', 261, 254, 33, 6, 1, 2, '	3:00', '70:00', 'SOLO BTS', '4:00', '0:00', '4:00', 'S/N', 10, 2, 1, 3, 1, 3, '', NULL, NULL),
	(983, '	TJ1348', 'SAUSAL', '-7.735194', '-79.006111', '', 62, 111, 33, 1, 1, 1, '	2:00', '1:00', 'SOLO BTS', '', '', '0:00', '63570616', 1, 1, 1, 2, 1, 1, '', NULL, NULL),
	(984, '	TP5430', 'SEAFROST (NO LO VEMOS)', '-5.07667', '-80.125056', '', 226, 121, 33, 9, 1, 1, '	2:30', '', 'SOLO BTS', '', '', '0:00', '', 49, 7, 1, 2, 1, 1, '', NULL, NULL),
	(985, '	TA0110', 'SECHIM', '-9.473807', '-78.297361', 'PJ SAN RAFAEL MZ O1 LT 11', 46, 89, 33, 2, 1, 1, '	1:30', '0:35', 'SOLO BTS', '2:00', '0:45', '2:45', '63124308', 1, 1, 1, 1, 1, 1, '', NULL, NULL),
	(986, '	TP6156', 'SECHURA CARRETERA', '-5.661111263', '-80.56936123', '407 METROS DE LA CARRETERA PIURA CHICLAYO (ALTURA DE LA NORIA 01 DEL POZO OSCURO)', 301, 47, 13, 9, 1, 1, '	1:30', '4:00', 'PENDIENTE', '1:00', '0:45', '1:45', 'S/N', 18, 1, 1, 1, 1, 7, '', NULL, NULL),
	(987, '	TP2287', 'SEDE PIURA', '-5.192417', '-80.628194', '', 242, 15, 33, 9, 1, 1, '	1:30', '', 'SOLO BTS', '0:30', '0:00', '0:30', '17123570', 3, 5, 1, 5, 1, 1, '', NULL, NULL),
	(988, '	TP3637', 'SEÑOR CAUTIVO', '-4.640556', '-79.716042', 'AV AREQUIPA 155', 15, 41, 33, 9, 1, 2, '	4:30', '4:30', 'SOLO BTS', '6:00', '', '6:00', '16429450', 3, 1, 1, 1, 1, 1, '', NULL, NULL),
	(989, '	TC2967', 'SHAGUINDO', '-7.627308', '-78.212858', 'MINERA RIO ALTO', 29, 61, 33, 5, 1, 2, '	2:30', '', 'SOLO BTS', '', '', '0:00', '', 49, 1, 1, 1, 1, 1, '', NULL, NULL),
	(990, '	TA6320', 'SHANCAYAN', '-9.522311', '-77.521608', 'JR VIRGEN DEL ROSARIO S/N MZ 43  LT 04', 139, 71, 33, 3, 1, 2, '	1:30', '2:00', 'SOLO BTS', '0:30', '0:00', '0:30', '63693625', 1, 1, 1, 2, 1, 1, '', NULL, NULL),
	(991, '	TA5650', 'SHILLA AMASHCA CONGAR', '-9.25219', '-77.63542', 'Dsitrito de Shilla, Carretera al botadero de basura', 321, 315, 33, 3, 1, 2, '	2:30', '0:00', 'SOLO BTS', '1:30', '0:00', '1:30', '50362133', 1, 1, 1, 1, 1, 1, '	CONSTANTES DESCARGAS ELÉCTRICAS, LLUVIAS, FALLAS CON EL CONCESIONARIO ELECTRÍCO, RUTA ACCIDENTADA	 ', NULL, NULL),
	(992, '	TC5914', 'SHIRAC', '-7.3415', '-78.033', 'JOSE MANUEL QUIROZ. SAN MARCOS. CAJAMARCA. JOSE MANUEL QUIROZ. SAN MARCOS', 149, 316, 13, 5, 1, 2, '	3:00', '8:40', '8:40', '4:00', '0:45', '4:45', '58912168', 1, 1, 1, 1, 1, 1, '	CONSTANTES PROBLEMAS CLIMATOLÓGICOS (LLUVIAS)	 ', NULL, NULL),
	(993, '	TJ2122', 'SHUBEL TRUJILLO', '-8.104572', '-79.037908', 'URB JOSE FAUSTINO SANCHEZ CARRION MZ B LT 13 1RA ETAPA (CL G', 325, 25, 2, 1, 1, 1, '	1:30', '4:00', 'SOLO BTS', '0:40', '0:30', '1:10', '60233550', 1, 1, 1, 1, 1, 1, '', NULL, NULL),
	(994, '	TA5739', 'SHUPLUY', '-9.212388954', '-77.70525015', 'Límite entre Shupluy y Cascapara (pasando la calera)', 303, 317, 13, 3, 1, 2, '	2:30', '9:55', 'PENDIENTE', '2:00', '0:30', '2:30', '52771939', 1, 1, 1, 1, 1, 2, '	CONSTANTES DESCARGAS ELÉCTRICAS, LLUVIAS, FALLAS CON EL CONCESIONARIO ELECTRÍCO, RUTA ACCIDENTADA	 ', NULL, NULL),
	(995, '	TJ3455', 'SHUYO', '-8.278611', '-77.29895', 'PAMPA CURCURAH URB EL BOSQUE S/N', 320, 318, 33, 1, 1, 2, '	12:00', '2:00', 'SOLO BTS', '12:00', '0:00', '12:00', 'S/N', 8, 1, 1, 1, 1, 1, '', NULL, NULL),
	(996, '	TA3640', 'SIERRA HERMOSA', '-9.510528', '-77.526722', '', 348, 17, 33, 3, 1, 2, '	1:30', '2:00', 'SOLO BTS', '0:30', '0:00', '0:30', '63828216', 1, 7, 1, 1, 1, 1, '', NULL, NULL),
	(997, '	TA5772', 'SIHUAS', '-8.56289', '-77.59764', 'Zona de Saurapa', 304, 153, 32, 3, 1, 2, '	7:30', '6:50', 'SOLO BTS', '8:00', '0:30', '8:30', '52483540', 1, 1, 1, 1, 1, 1, '	CONSTANTES CORTES, DESLIZAMIENTOS, DESCARGAS ELÉCTRICAS, LLUVIAS, FALLAS CON EL CONCESIONARIO ELECTRÍCO, RUTA ACCIDENTADA	 ', NULL, NULL),
	(998, '	TJ5200', 'SIMBAL', '-7.983055782', '-78.80941685', 'CERRO LA CRUZ', 305, 319, 33, 1, 1, 1, '	2:00', '3:00', 'SOLO BTS', '1:00', '1:30', '2:30', '58219151', 1, 1, 1, 1, 1, 1, '', NULL, NULL),
	(999, '	TL5429', 'SIMON BOLIVAR', '-6.6438', '-79.3865', '', 73, 53, 33, 7, 1, 1, '	2:30', '3:20', 'SOLO BTS', '1:30', '', '1:30', '37101463', 5, 1, 1, 1, 1, 1, '', NULL, NULL),
	(1000, '	TJ5171', 'SINSICAP', '-7.847861307', '-78.7260835', 'CENTRO POBLADO DE SINSICAP. CERRO S/N', 306, 295, 13, 1, 1, 2, '	3:00', '2:00', 'SOLO BTS', '4:00', '0:00', '4:00', '60107116', 1, 1, 1, 1, 1, 1, '', NULL, NULL),
	(1001, '	TL5967', 'SIPAN', '-6.817472387', '-79.63633347', 'CERRO SALTUR', 296, 320, 13, 7, 1, 1, '	1:30', '3:00', 'PENDIENTE', '0:45', '0:00', '0:45', 'S/N', 18, 1, 1, 1, 1, 5, '', NULL, NULL),
	(1002, '	TJ5261', 'SITABAMBA', '-8.02444', '-77.73041111', 'SECTOR DENOMINADO PINABAMBA', 307, 321, 33, 1, 1, 2, '	7:30', '', 'SOLO BTS', '5:30', '1:00', '6:30', '60051502', 1, 1, 1, 3, 1, 1, '', NULL, NULL),
	(1003, '	TJ5358', 'SOCIEDAD AGRICOLA VIRU', '-8.354456', '-78.844575', 'PANAMERICANA NORTE KM 525', 337, 70, 33, 1, 1, 1, '	2:30', '3:30', 'SOLO BTS', '', '', '0:00', 'S/N', 41, 1, 1, 1, 1, 1, '', NULL, NULL),
	(1004, '	TC6413', 'SOCOTA', '-6.307333408', '-78.69825017', 'SECTOR DEL VALLE DE PROVIDENCIA S/N', 309, 282, 33, 10, 1, 2, '	2:30', '5:00', 'SOLO BTS', '2:30', '0:30', '3:00', '35614764', 5, 1, 1, 1, 1, 1, '	CAMINO EMPINADO ROCOSO, EXPOSICIÓN A CAÍDAS MORTALES. FUERTES VIENTOS Y BAJAS TEMPERATURAS. CONSTANTES DESCARGAS ATMOSFÉRICAS.	 ', NULL, NULL),
	(1005, '	TP2155', 'SOJO', '-4.901972', '-80.816417', '', 313, 230, 33, 9, 1, 1, '	2:30', '', 'SOLO BTS', '', '', '0:00', '17144884', 3, 7, 1, 1, 1, 1, '', NULL, NULL),
	(1006, '	TC6486', 'SOLEDAD CAJAMARCA', '-7.162083388', '-78.51858344', 'JR. SANTA APOLONIA N° 123 - BARRIO SAN SEBASTIAN', 32, 7, 2, 5, 1, 2, '	1:30', '6:30', 'SOLO BTS', '0:20', '0:00', '0:20', '71442871', 1, 1, 1, 1, 1, 1, '', NULL, NULL),
	(1007, '	TP6174', 'SONDORILLO', '-5.344314', '-79.439384', 'SONDORILLO. HUANCABAMBA. PIURA', 310, 322, 33, 9, 1, 2, '	4:30', '3:00', '24:00', '6:00', '1:00', '7:00', '15206610', 3, 1, 1, 1, 1, 1, '	ESTACIÓN CON DIFÍCIL ACCESO	 ', NULL, NULL),
	(1008, '	TC6256', 'SOR MANUELA', '-7.142358', '-78.5127', '', 348, 302, 33, 5, 1, 2, '	1:30', '', 'SOLO BTS', '0:30', '0:00', '0:30', '63946443', 1, 7, 1, 2, 1, 1, '', NULL, NULL),
	(1009, '	TC6407', 'SOROCHUCO', '-6.94961133', '-78.27627785', 'PREDIO LOMA PUNTA', 311, 323, 33, 5, 1, 2, '	3:00', '4:30', 'SOLO BTS', '1:30', '0:00', '1:30', '58816484', 1, 1, 1, 1, 1, 1, '	CONSTANTES CORTES DE ENERGÍA	 ', NULL, NULL),
	(1010, '	TC5594', 'SUCRE JOSE GALVEZ', '-6.928975', '-78.130944', 'JR JUSTO ZEGARRA S/N CDRA DIEZ DEL CERCADO', 147, 324, 33, 5, 1, 2, '	3:00', '3:00', 'SOLO BTS', '', '', '0:00', '63700640', 1, 1, 1, 1, 1, 1, '', NULL, NULL),
	(1011, '	TP6251', 'SULLANA   - (NODO 35 SITE)', '-4.895139089', '-80.68663903', 'ESQUINA CALLE NICOLAS DE PIEROLA CON CALLE CALLAO N° 258', 313, 24, 4, 9, 1, 1, '	1:30', '4:00', 'PENDIENTE', '1:00', '0:00', '1:00', '10842723', 3, 1, 1, 1, 1, 2, '	MALA CALIDAD DE ENERGÍA	 ', NULL, NULL),
	(1012, '	TP6348', 'SUYOS', '-4.58342', '-79.85817', 'CERRO DENOMINADO LAUREL', 200, 243, 33, 9, 1, 2, '	4:30', '5:00', '24:00', '3:00', '0:00', '3:00', '11304407', 3, 1, 1, 1, 1, 1, '	ESTACIÓN CON DIFÍCIL ACCESO EN TEMPORADA DE LLUVIA	 ', NULL, NULL),
	(1013, '	TJ5122', 'T2 ALTO CHICAMA', '-7.944194653', '-78.23055563', 'MINERA BARRICK', 254, 20, 33, 1, 1, 2, '	4:30', '6:00', 'SOLO BTS', '4:30', '0:00', '4:30', 'S/N', 7, 1, 1, 1, 1, 1, '	ZONA DE DIFICIL ACCESO, ZONA DE CONSTANTES DESCARGAS ATMOSFÉRICAS	 ', NULL, NULL),
	(1014, '	TC4929', 'TABACONAS', '-5.317361111', '-79.28255556', 'DIST: TABACONAS. PROV: SAN IGNACIO. DEP: CAJAMARCA', 315, 325, 33, 6, 1, 3, '	4:30', '0:00', 'SOLO BTS', '4:00', '', '4:00', '35482253', 4, 1, 1, 1, 1, 1, '	CONSTANTES PROBLEMAS CLIMATOLOGICOS / DESLIZAMIENTOS	 ', NULL, NULL),
	(1015, '	TP2149', 'TABLAZO', '-5.378333', '-80.765167', '', 161, 206, 33, 9, 1, 1, '	2:00', '1:30', 'SOLO BTS', '', '', '0:00', '17092090', 3, 1, 1, 1, 1, 1, '', NULL, NULL),
	(1016, '	TC5864', 'TACABAMBA', '-6.39633', '-78.598', 'CERRO LUZCAMPA. LOTE EL PAJURO', 316, 326, 33, 10, 1, 2, '	2:30', '2:40', 'SOLO BTS', '2:00', '0:00', '2:00', '28485587', 5, 1, 1, 1, 1, 1, '	PRESENCIA DE DERRUMBES, TROCHAS SIN MANTENIMIENTOS. 	 ', NULL, NULL),
	(1017, '	TP1217', 'TALANDRACAS', '-5.108917', '-80.057722', 'CERRO S/N CP DE TALANDRACAS', 77, 121, 33, 9, 1, 1, '	2:30', '0:00', 'SOLO BTS', '2:30', '', '2:30', '16867917', 3, 1, 1, 2, 1, 1, '', NULL, NULL),
	(1018, '	TP6276', 'TALARA', '-4.582527923', '-81.26463897', 'VILLA FAP BASE AEREA EL PATO GRUPO AEREO N  11', 233, 21, 7, 9, 1, 1, '	2:30', '4:00', 'PENDIENTE', '2:00', '0:00', '2:00', '08723494', 3, 1, 1, 2, 1, 2, '	ESTACIÓN CON DIFÍCIL ACCESO EN TEMPORADA DE LLUVIA/CORTES CONSTANTES	 ', NULL, NULL),
	(1019, '	TP4303', 'TALLANES', '-5.182814', '-80.661685', 'CL 1 LT 11 DE LA MANZANA INSTITUCIONAL', 242, 15, 33, 9, 1, 1, '	1:30', '4:00', 'SOLO BTS', '0:20', '0:00', '0:20', '16787290', 3, 1, 1, 2, 1, 1, '', NULL, NULL),
	(1020, '	TA18776', 'TAMBO ANCASH', '-9.0236', '-77.27008', 'PREDIO NARANJITOS - CP de Tambo', 341, 234, 33, 3, 1, 2, '	6:00', '6:30', 'SOLO BTS', '5:00', '0:00', '5:00', '58684240', 1, 2, 1, 3, 1, 1, '	CONSTANTES CORTES, DESLIZAMIENTOS, DESCARGAS ELÉCTRICAS, LLUVIAS, FALLAS CON EL CONCESIONARIO ELECTRÍCO, RUTA ACCIDENTADA	 ', NULL, NULL),
	(1021, '	TP6147', 'TAMBO GRANDE', '-4.916833517', '-80.35166674', 'P15-8. HUANCA BLANCA', 317, 136, 18, 9, 1, 1, '	1:30', '3:00', 'PENDIENTE', '1:00', '0:00', '1:00', '11045744', 3, 1, 1, 1, 1, 1, '	ESTACIÓN CON DIFÍCIL ACCESO	 ', NULL, NULL),
	(1022, '	TP5425', 'TANGARA', '-4.919492', '-80.723981', '', 313, 24, 33, 9, 1, 1, '	2:00', '4:00', 'SOLO BTS', '', '', '0:00', '17106749', 3, 7, 1, 2, 1, 1, '', NULL, NULL),
	(1023, '	TP18636', 'TAPUL', '-4.85502', '-79.87343', 'TAPUL', 164, 35, 33, 9, 1, 2, '	4:30', '', 'SOLO BTS', '5:00', '0:00', '5:00', 'S/N', 10, 2, 1, 3, 1, 3, '	ESTACIÓN CON DIFÍCIL ACCESO	 ', NULL, NULL),
	(1024, '	TC3524', 'TAR TAR CHICO', '-7.146111', '-78.458722', 'CP TAR TAR CHICO SECTOR EL MOLLE S/N', 180, 46, 13, 5, 1, 2, '	1:30', '3:00', 'SOLO BTS', '0:45', '0:00', '0:45', '61655966', 1, 1, 1, 1, 1, 1, '', NULL, NULL),
	(1025, '	TA5805', 'TARICA JANCAS', '-9.391944538', '-77.57947236', 'Urb. La alborada', 319, 327, 33, 3, 1, 2, '	1:30', '2:00', 'SOLO BTS', '0:45', '0:00', '0:45', 'S/N', 22, 1, 1, 2, 1, 1, '	CONSTANTES DESCARGAS ELÉCTRICAS, LLUVIAS, FALLAS CON EL CONCESIONARIO ELECTRÍCO	 ', NULL, NULL),
	(1026, '	TJ5169', 'TAYABAMBA', '-8.27031', '-77.28278', 'SECTOR SAN PEDRO DE COLLAY, TAYABAMBA, PATAZ, LA LIBERTAD', 320, 318, 15, 1, 1, 2, '	12:00', '6:00', 'PENDIENTE', '12:00', '0:00', '12:00', '60144049', 1, 1, 1, 1, 1, 1, '', NULL, NULL),
	(1027, '	TC18704', 'TAYAPAMBA', '-7.531839', '-78.30157', 'CASERIO TAYAPAMBA', 29, 61, 33, 5, 1, 2, '	6:00', '30:00', 'SOLO BTS', '3:30', '0:00', '3:30', 'S/N', 10, 2, 1, 3, 1, 3, '', NULL, NULL),
	(1028, '	TP18630', 'TAZAJERAS', '-5.818269444', '-79.378011', 'CASERIO TASAJERAS', 127, 185, 33, 6, 1, 2, '	3:00', '26:00', 'SOLO BTS', '3:00', '0:00', '3:00', 'S/N', 32, 2, 1, 3, 1, 1, '', NULL, NULL),
	(1029, '	TC5866', 'TEMBLADERA', '-7.255222283', '-79.13225005', '', 342, 165, 33, 5, 1, 2, '	3:00', '5:00', 'SOLO BTS', '2:30', '0:00', '2:30', '45799072', 1, 1, 1, 1, 1, 1, '', NULL, NULL),
	(1030, '	TL0071', 'TERRY', '-6.47333', '-79.853611', '', 136, 328, 33, 7, 1, 1, '	2:00', '2:00', 'SOLO BTS', '1:00', '', '1:00', '37186729', 5, 1, 1, 2, 1, 1, '', NULL, NULL),
	(1031, '	TC5919', 'TOCMOCHE', '-6.3977', '-79.3569', 'TOCMOCHE. CHOTA. CAJAMARCA', 323, 329, 33, 7, 1, 2, '	4:30', '1:00', 'SOLO BTS', '3:30', '0:00', '3:30', '35433698', 5, 1, 1, 1, 1, 1, '	DERRUMBES EN EPOCA DE LLUVIA	 ', NULL, NULL),
	(1032, '	TA5636', 'TORTUGAS', '-9.364333432', '-78.40813899', 'AV. CENTRAL MZ. 15 LT. 1', 86, 330, 33, 2, 1, 1, '	1:30', '1:30', 'SOLO BTS', '2:00', '0:00', '2:00', '59922964', 1, 1, 1, 1, 1, 1, '', NULL, NULL),
	(1033, '	TP6345', 'TRES CABALLOS', '-5.22522', '-80.63178', 'AV  GRAU 2520 SALIDA A CATACAOS - CHICLAYITO', 47, 19, 2, 9, 1, 1, '	1:30', '4:30', 'SOLO BTS', '0:20', '0:00', '0:20', '15335582', 3, 1, 1, 5, 1, 1, '', NULL, NULL),
	(1034, '	TC6488', 'TRES CABEZAS', '-7.15289', '-78.50717', 'JR SAN ROQUE LT 3 LOTIZACION SANTA MERCEDES. CAJAMARCA. CAJAMARCA', 32, 7, 33, 5, 1, 2, '	1:30', '2:00', 'SOLO BTS', '0:20', '0:00', '0:20', '59473581', 1, 1, 1, 2, 1, 1, '', NULL, NULL),
	(1035, '	TC5895', 'TRES GALLOS', '-7.15808', '-78.51808', 'JR SAN MARTIN 344', 348, 7, 2, 5, 1, 2, '	1:30', '0:00', 'SOLO BTS', '0:20', '0:00', '0:20', '45612404', 1, 1, 1, 2, 1, 1, '', NULL, NULL),
	(1036, '	TC59041', 'TRIGOPAMPA', '-5.783278', '-79.30236', 'CASERIO TRIGOPAMPA', 265, 211, 33, 6, 1, 2, '	2:00', '90:00', 'SOLO BTS', '4:00', '0:00', '4:00', '', 49, 2, 1, 3, 1, 3, '', NULL, NULL),
	(1037, '	TC5905', 'TRINIDAD', '-7.3412223', '-79.03986', 'COMUNIDAD CAMPESINA SANTISIMA TRINIDAD', 97, 331, 33, 5, 1, 2, '	4:30', '6:30', 'SOLO BTS', '3:40', '0:00', '3:40', 'S/N', 6, 1, 1, 1, 1, 1, '', NULL, NULL),
	(1038, '	TM0810', 'TRIUNFO', '-6.229447', '-77.875714', '', 348, 13, 33, 8, 1, 3, '	2:30', '8:00', 'SOLO BTS', '', '', '0:00', '36424254', 4, 7, 1, 1, 1, 1, '', NULL, NULL),
	(1039, '	TP3375', 'TRUCK CARSOL', '-5.066617', '-80.5549', 'EMPRESA CARSOL', 47, 19, 33, 9, 1, 1, '	2:00', '6:00', 'SOLO BTS', '', '', '0:00', '', 49, 7, 1, 1, 1, 1, '', NULL, NULL),
	(1040, '	TJ6277', 'TRUCK DANPER VENTUROSA', '-7.182722', '-79.373844', 'EMPRESA DANPER VENTUROSA HUACA BLANCA', 60, 157, 33, 7, 1, 1, '	2:00', '', 'SOLO BTS', '', '', '0:00', '', 49, 7, 1, 1, 1, 1, '', NULL, NULL),
	(1041, '	TP6266', 'TRUCK ECO ACUICOLA', '-5.120583', '-80.59275', 'AGRO INDUSTRIAL ECO ACUICOLA', 47, 19, 33, 9, 1, 1, '	2:00', '1:10', 'SOLO BTS', '', '', '0:00', '', 49, 1, 1, 1, 1, 1, '', NULL, NULL),
	(1042, '	TC6435', 'TRUCK JAEN', '-5.700944586', '-78.80933351', 'CALLE EL PORVENIR N° 01 - SECTOR PUEBLO LIBRE', 140, 168, 2, 6, 1, 2, '	1:30', '2:20', 'SOLO BTS', '0:20', '0:00', '0:20', '35836216', 4, 1, 1, 1, 1, 1, '', NULL, NULL),
	(1043, '	TJ5101', 'TRUJILLO CENTRO', '-8.113277824', '-79.01991668', 'CALLE SUAREZ 425 BARRIO CHICAGO', 325, 25, 2, 1, 1, 1, '	1:30', '2:00', 'SOLO BTS', '0:30', '0:00', '0:30', '47356448', 1, 1, 1, 1, 1, 1, '', NULL, NULL),
	(1044, '	TJ5158', 'TRUPAL', '-8.115027828', '-79.04311114', 'AV. ANTENOR ORREGO MZ. K LOTE 29', 325, 25, 33, 1, 1, 1, '	1:30', '2:00', 'SOLO BTS', '0:40', '0:00', '0:40', '47503113', 1, 1, 1, 1, 1, 1, '', NULL, NULL),
	(1045, '	TC3226', 'TUCO BAJO', '', '', '', 18, 380, 33, 10, 1, 2, '	2:30', '8:00', 'SOLO BTS', '3:00', '0:30', '3:30', 'S/N', 18, 7, 1, 1, 1, 1, '', NULL, NULL),
	(1046, '	TL5966', 'TUCUME', '-6.516361244', '-79.86180575', 'PROLONGACION KM. 19', 326, 189, 2, 7, 1, 1, '	1:30', '2:00', 'SOLO BTS', '0:45', '0:00', '0:45', '27820033', 5, 1, 1, 1, 1, 1, '', NULL, NULL),
	(1047, '	TL5949', 'TUMAN', '-6.749333512', '-79.69938906', 'AV EL TREN S/N AL COSTADO ESTADIO FRENTE BLOQUE 11', 327, 332, 13, 7, 1, 1, '	1:30', '2:00', 'PENDIENTE', '0:30', '0:00', '0:30', '34855979', 5, 1, 1, 1, 1, 1, '', NULL, NULL),
	(1048, '	TT6301', 'TUMBES CENTRO', '-3.57025', '-80.45836', 'CL LOS ANDES 367 ACCESO POR JR BOLOGNESI 252', 329, 5, 31, 4, 1, 1, '	1:30', '5:00', 'SOLO BTS', '0:20', '0:00', '0:20', '6645755', 3, 1, 1, 1, 1, 1, '', NULL, NULL),
	(1049, '	TT0130', 'TUMPIS', '-3.5564', '-80.4567', 'CL SAN MARTIN 210 AH LOS JARDINES', 329, 5, 33, 4, 1, 1, '	1:30', '2:30', 'SOLO BTS', '0:20', '0:40', '1:00', '', 49, 1, 1, 1, 1, 1, '', NULL, NULL),
	(1050, '	TJ3649', 'TUNESA', '-8.10256667', '-79.0115', 'AV AMERICA SUR 340 URB ARAGUEZ', 348, 25, 33, 1, 1, 1, '	1:30', '1:30', 'SOLO BTS', '0:30', '0:00', '0:30', '63124148', 1, 1, 1, 1, 1, 1, '', NULL, NULL),
	(1051, '	TJ5245', 'TUPAC AMARU', '-8.097166711', '-79.03186114', 'AV. ALFONSO DA SILVA N° 703', 325, 25, 33, 1, 1, 1, '	1:30', '3:00', 'SOLO BTS', '0:40', '0:00', '0:40', '59108952', 1, 1, 1, 1, 1, 1, '', NULL, NULL),
	(1052, '	TP2145', 'TURQUIA', '-5.198603', '-80.651567', 'AV YUGOSLAVIA MZ B LT 2', 242, 15, 33, 9, 1, 1, '	1:30', '2:00', 'SOLO BTS', '0:30', '0:45', '1:15', '16458095', 3, 1, 1, 1, 1, 1, '', NULL, NULL),
	(1053, '	TA18762', 'TURUNA', '-8.76907', '-77.29113', 'FIDEL OLIVAS ESCUDERO. MARISCAL LUZURIAGA. ANCASH - CP de Turuna', 107, 104, 33, 3, 1, 2, '	7:30', '36:00', 'SOLO BTS', '10:00', '1:30', '11:30', '61384710', 1, 2, 1, 3, 1, 1, '	CONSTANTES CORTES, DESLIZAMIENTOS, DESCARGAS ELÉCTRICAS, LLUVIAS, FALLAS CON EL CONCESIONARIO ELECTRÍCO, RUTA ACCIDENTADA	 ', NULL, NULL),
	(1054, '	TT2540', 'TUTUMO', '-3.697469', '-80.254514', 'CP CASERIO EL TUTUMO MZ T LT 2', 191, 237, 33, 4, 1, 1, '	2:00', '6:00', 'SOLO BTS', '1:45', '0:00', '1:45', '16461751', 3, 1, 1, 1, 1, 1, '', NULL, NULL),
	(1055, '	TA6449', 'UCHUJIRCA', '-9.27147', '-77.01602', 'CP de Uchupata.', 3, 4, 33, 3, 1, 2, '	6:00', '0:39', 'SOLO BTS', '5:00', '0:00', '5:00', '58914770', 1, 1, 1, 1, 1, 1, '	CONSTANTES CORTES, DESLIZAMIENTOS, DESCARGAS ELÉCTRICAS, LLUVIAS, FALLAS CON EL CONCESIONARIO ELECTRÍCO, RUTA ACCIDENTADA	 ', NULL, NULL),
	(1056, '	TJ5202', 'UCHUMARCA', '-7.057000024', '-77.81525019', 'CERRO CALVARIO - COMUNIDAD UCHUMARCA', 330, 333, 33, 5, 1, 2, '	12:00', '5:40', 'SOLO BTS', '7:00', '', '7:00', '59095729', 1, 1, 1, 2, 1, 1, '', NULL, NULL),
	(1057, '	TA5777', 'UCO PAUCAS CHINGAS', '-9.12425', '-77.00111', 'CP de Chahuarcón (cerca de la capilla de las cruces)', 67, 334, 17, 3, 1, 2, '	7:30', '3:20', 'PENDIENTE', '7:00', '0:40', '7:40', '51893089', 1, 1, 1, 2, 1, 1, '	CONSTANTES CORTES, DESLIZAMIENTOS, DESCARGAS ELÉCTRICAS, LLUVIAS, FALLAS CON EL CONCESIONARIO ELECTRÍCO, RUTA ACCIDENTADA	 ', NULL, NULL),
	(1058, '	TL5958', 'UCUPE', '-8.0796', '-79.0282', 'CA PANAMERICANA NORTE KM 733 CAMINO A CHICLAYO', 164, 35, 17, 7, 1, 1, '	1:30', '3:50', 'PENDIENTE', '0:30', '0:00', '0:30', '26897268', 5, 1, 1, 1, 1, 1, '', NULL, NULL),
	(1059, '	TL0590', 'UDCH', '-6.793005556', '-79.88134722', 'Av Prolongación Bolognesi 14012', 238, 23, 2, 7, 1, 1, '	1:30', '3:00', 'SOLO BTS', '0:20', '0:00', '0:20', '37188984', 5, 1, 1, 1, 1, 1, '', NULL, NULL),
	(1060, '	TC6509', 'UDIMA', '-6.787389054', '-79.09994449', 'PREDIO DENOMINADO CERRO SANANRA. CASERIO EL LLOQUE - CENTRO POBLADO DE UDIMA', 49, 335, 33, 10, 1, 2, '	4:30', '12:00', 'SOLO BTS', '4:30', '0:20', '4:50', 'S/N', 6, 1, 1, 1, 1, 1, '	ENERGIA INESTABLE, POTENTE FUERZA EÓLICA, ZONA DE HUMEDAD. FUERTES LLUVIAS. DERRUMBES. TROCHAS CASI INACCESIBLES. FANGOS Y RIOS QUE ACRECIENTAN Y OBSTACULAN EL PASE.	 ', NULL, NULL),
	(1061, '	TJ5082', 'ALFONSO UGARTE', '-8.080722264', '-79.01972223', 'AV ALFONSO UGARTE 812 CON AV 12 DE NOVIEMBRE 1401', 348, 1, 33, 1, 1, 1, '	1:30', '10:00', 'SOLO BTS', '0:40', '0:00', '0:40', '47272778', 1, 1, 1, 6, 1, 1, '	ACCESO EN HORARIOS DEFINIDOS	 ', NULL, NULL),
	(1062, '	TA6452', 'ULLULLUCO', '-8.45882', '-77.448', 'ASUY. ALFONSO UGARTE. SIHUAS. ANCASH', 6, 38, 2, 1, 1, 2, '	13:30', '10:00', 'SOLO BTS', '12:00', '0:00', '12:00', '58709036', 1, 1, 1, 1, 1, 1, '', NULL, NULL),
	(1063, '	TT3344', 'UNTUMBES', '-3.585665', '-80.4446', '', 329, 5, 33, 4, 1, 1, '	2:00', '1:30', 'SOLO BTS', '1:30', '0:00', '1:30', '17113832', 3, 1, 1, 2, 1, 1, '', NULL, NULL),
	(1064, '	TC6462', 'UNANCA', '-7.05538891', '-78.76319462', 'CERRO EL CHUNQUE. CARRETERA KUNTU WASI A SAN PABLO - CASERIO EL REJO DE UNANCA', 284, 305, 33, 5, 1, 2, '	2:30', '3:00', 'SOLO BTS', '2:00', '0:00', '2:00', 'S/N', 18, 1, 1, 1, 1, 5, '	CONSTANTES PROBLEMAS CLIMATOLÓGICOS (LLUVIAS)	 ', NULL, NULL),
	(1065, '	TA6484', 'UNASAM', '-9.516389022', '-77.5265279', 'Av. Universitaria (frente a la ciudad universitaria)', 139, 71, 33, 3, 1, 2, '	1:30', '1:45', 'SOLO BTS', '0:30', '0:00', '0:30', '58975909', 1, 1, 1, 1, 1, 1, '	CONSTANTES DESCARGAS ELÉCTRICAS, LLUVIAS, FALLAS CON EL CONCESIONARIO ELECTRÍCO	 ', NULL, NULL),
	(1066, '	TC5018', 'UNC', '-7.17072223', '-78.4915', 'AV REGNAU CON AV UNIVERSITARIA - SECTOR LA BASE II. CAJAMARCA. CAJAMARCA. CAJAMARCA', 32, 7, 33, 5, 1, 2, '	1:30', '1:00', 'SOLO BTS', '0:20', '0:00', '0:20', '60696098', 1, 1, 1, 1, 1, 1, '', NULL, NULL),
	(1067, '	TJ6471', 'UNGUAY', '-8.18076', '-78.3931', 'CERRO HUAMBO. CALAMARCA. JULCAN. LA LIBERTAD', 35, 226, 13, 1, 1, 2, '	4:30', '16:00', 'PENDIENTE', '4:30', '0:00', '4:30', '61014764', 1, 1, 1, 1, 1, 2, '', NULL, NULL),
	(1068, '	TA5661', 'UNIVERSIDAD SAN PEDRO', '-9.06892', '-78.57453', 'LOCAL UNIVERSIDAD SAN PEDRO', 66, 17, 13, 2, 1, 1, '	1:30', '0:00', 'SOLO BTS', '1:45', '0:00', '1:45', '49671628', 1, 1, 1, 1, 1, 1, '	ZONA DE ALTO RIESGO PERSONAL EN HORARIO NOCTURNO(ATENTA CONTRA NUESTRA INTEGRIDAD FISICA)/CONSTANTES ROBOS Y/O PERJUICIOS A BTS.	 ', NULL, NULL),
	(1069, '	TT4200', 'UÑA DE GATO', '-3.536164', '-80.233392', '', 231, 152, 33, 4, 1, 1, '	2:00', '10:00', 'SOLO BTS', '1:30', '0:00', '1:30', '17105886', 3, 1, 1, 2, 1, 1, '', NULL, NULL),
	(1070, '	TJ5251', 'UPN TRUJILLO', '-8.099861161', '-79.01944445', 'AV. EL EJERCITO N° 907 - URB.  SAN ELOY', 325, 25, 33, 1, 1, 1, '	1:30', '0:05', 'SOLO BTS', '0:40', '0:00', '0:40', '60153629', 1, 1, 1, 1, 1, 1, '', NULL, NULL),
	(1071, '	TJ5371', 'URB INDEPENDENCIA', 'UE', '-78.9992', 'AV. CAMINO REAL ALT. CRUCE CON AV. PESQUEDA', 348, 25, 33, 1, 1, 1, '	2:00', '4:00', 'SOLO BTS', '', '', '0:00', '', 49, 7, 1, 1, 1, 1, '', NULL, NULL),
	(1072, '	TL5956', 'URB MAGISTERIAL', '-6.771972386', '-79.85702796', 'AV VICENTE RUSSO 262 - URB. PATAZCA', 63, 23, 33, 7, 1, 1, '	1:30', '2:00', 'SOLO BTS', '0:20', '0:10', '0:30', '25823617', 5, 1, 1, 1, 1, 1, '', NULL, NULL),
	(1073, '	TP5414', 'URB POPULAR VILLA', '-4.91384', '-80.6633', '', 348, 24, 33, 9, 1, 1, '	2:00', '', 'SOLO BTS', '', '', '0:00', '"18300384\n"', 3, 7, 1, 2, 1, 1, '', NULL, NULL),
	(1074, '	TL5955', 'URB. VILLAREAL', '-6.778920178', '-79.83447017', 'AV. VICTOR RAUL HAYA DE LA TORRE 293', 63, 23, 33, 7, 1, 1, '	1:30', '5:00', 'SOLO BTS', '0:20', '0:00', '0:20', '25823420', 5, 1, 1, 5, 1, 1, '', NULL, NULL),
	(1075, '	TP6167', 'URBANIZACION FATIMA', '-5.193527835', '-80.65311125', 'AV. CIRCUNVALACION MZ B LOTE B', 242, 15, 33, 9, 1, 1, '	1:30', '0:00', 'SOLO BTS', '0:20', '0:00', '0:20', '5816230', 3, 1, 1, 1, 1, 1, '	ESTACIÓN CON DIFÍCIL ACCESO/PROBLEMAS CON POBLACIÓN	 ', NULL, NULL),
	(1076, '	TL1269', 'USURPACION', '-6.784611', '-79.864', 'AV PROLOG DE BOLOGNESI LT 16', 63, 23, 33, 7, 1, 1, '	1:30', '3:30', 'SOLO BTS', '0:30', '0:00', '0:30', '37947018', 5, 1, 1, 1, 1, 1, '', NULL, NULL),
	(1077, '	TC5898', 'UTCO', '-6.87171', '-78.11338', 'CASERIO EL LANCHE. UTCO. CELENDIN. CAJAMARCA', 334, 336, 13, 5, 1, 2, '	3:00', '9:00', 'PENDIENTE', '3:30', '0:00', '3:30', '59035248', 1, 1, 1, 1, 1, 1, '', NULL, NULL),
	(1078, '	TJ5244', 'VALLEJO TRUJILLO', '-8.106713', '-79.047925', 'CALLE JUAN VELAZCO MZ.C LT.13 - URB. ALTO SAN ISIDRO', 325, 25, 33, 1, 1, 1, '	1:30', '9:00', 'SOLO BTS', '0:40', '0:10', '0:50', '59211194', 1, 1, 1, 1, 1, 1, '', NULL, NULL),
	(1079, '	TP4000', 'VALLESOL', '-5.182611', '-80.635269', '', 242, 15, 13, 9, 1, 1, '	1:30', '3:00', 'SOLO BTS', '0:30', '0:00', '0:30', '17099232', 3, 1, 1, 5, 1, 1, '', NULL, NULL),
	(1080, '	TL4196', 'VARAYOC', '', '', '', 348, 27, 33, 7, 1, 1, '	1:30', '5:00', 'SOLO BTS', '0:30', '0:00', '0:30', '38649496', 5, 7, 1, 1, 1, 1, '', NULL, NULL),
	(1081, '	TC18700', 'VENECIA', '-7.2511944', '-78.03641', 'PREDIO UBICADO EN LA AV EL MAESTRO S/N', 150, 151, 33, 5, 1, 2, '	4:30', '6:00', 'SOLO BTS', '4:30', '0:00', '4:30', '59001393', 1, 2, 1, 3, 1, 1, '	CONSTANTES CORTES	 ', NULL, NULL),
	(1082, '	TC0050', 'VENTANILLAS', '-7.1560578', '-78.47838278', '', 180, 46, 33, 5, 1, 2, '	2:00', '9:00', 'SOLO BTS', '1:00', '', '1:00', '', 49, 1, 1, 1, 1, 1, '', NULL, NULL),
	(1083, '	TA5669', 'VESIQUE', '-9.21230562', '-78.48338899', 'CAC CHIMBOTE', 263, 173, 13, 2, 1, 1, '	1:30', '15:00', 'PENDIENTE', '1:45', '0:00', '1:45', 'S/N', 18, 1, 1, 1, 1, 6, '	ZONA DE ALTO RIESGO PERSONAL EN HORARIO NOCTURNO(ATENTA CONTRA NUESTRA INTEGRIDAD FISICA)	 ', NULL, NULL),
	(1084, '	TJ4134', 'VICTOR RAUL', '-8.402306', '-78.821194', '', 337, 70, 13, 1, 1, 1, '	2:00', '1:30', 'SOLO BTS', '', '', '0:00', '63696636', 1, 1, 1, 1, 1, 1, '', NULL, NULL),
	(1085, '	TM5616', 'VIEJO LAMUD', '-6.11375', '-78.03322222', 'PUNTO DORSAL LAMUD', 183, 229, 3, 8, 1, 3, '	3:00', '12:00', 'PENDIENTE', '2:00', '0:00', '2:00', '1001990135', 42, 1, 1, 1, 1, 2, '	CONSTANTES DESCARGAS ELÉCTRICAS ATMOSFÉRICAS/CONSTANTES PROBLEMAS CLIMATOLÓGICOS (LLUVIAS)/ESTACION CON DIFICIL ACCESO	 ', NULL, NULL),
	(1086, '	TJ5401', 'VILLA BOLIVARIANA', '-8.08975003', '-79.03202781', 'AV. VILLAREAL N° 2260 SECTOR LA HERMELINDA', 325, 25, 33, 1, 1, 1, '	1:30', '0:00', 'SOLO BTS', '0:40', '0:00', '0:40', '59695525', 1, 1, 1, 1, 1, 1, '', NULL, NULL),
	(1087, '	TL5942', 'VILLA DEL NORTE', '-6.78068', '-79.85382', 'AV LAS AMERICAS UR MONTERRICO MZ D. CHICLAYO. CHICLAYO. LAMBAYEQUE', 63, 23, 33, 7, 1, 1, '	1:30', '3:00', 'SOLO BTS', '0:20', '0:00', '0:20', '36460152', 5, 1, 1, 2, 1, 1, '', NULL, NULL),
	(1088, '	TJ0020', 'VILLA GARCIA', '-8.080727778', '-78.95434722', 'AV PEDRO GARCIA GARCIA CON CL 7', 168, 75, 33, 1, 1, 1, '	1:30', '4:00', 'SOLO BTS', '0:40', '0:00', '0:40', '72004846', 2, 1, 1, 1, 1, 1, '', NULL, NULL),
	(1089, '	TA3118', 'VILLA HERMOSA', '-9.45475', '-78.295681', '', 46, 89, 33, 2, 1, 1, '	2:00', '11:00', 'SOLO BTS', '', '', '0:00', '71492990', 1, 1, 1, 1, 1, 1, '', NULL, NULL),
	(1090, '	TP3363', 'VILLA JARDIN', '-5.16606667', '-80.65784445', 'MANZANA J1 LOTE 3 UPIS LOS CLAVES', 242, 15, 33, 9, 1, 1, '	1:30', '1:30', 'SOLO BTS', '0:20', '0:00', '0:20', '15978054', 3, 1, 1, 1, 1, 1, '', NULL, NULL),
	(1091, '	TJ5146', 'VILLANUEVA', '-8.118444471', '-79.02905558', 'CUBA 167 - UR . EL RECREO', 348, 25, 33, 1, 1, 1, '	1:30', '7:00', 'SOLO BTS', '0:40', '0:00', '0:40', '47502985', 1, 1, 1, 5, 1, 1, '', NULL, NULL),
	(1092, '	TA5756', 'VILLAVICENCIO', '-9.06842', '-78.58925', 'BOLIVAR BAJO MZ A LT 14', 66, 17, 15, 2, 1, 1, '	1:30', '1:00', 'PENDIENTE', '1:30', '0:00', '1:30', '49668293', 1, 1, 1, 1, 1, 1, '	SÓLO SE PUEDE ACCEDER EN HORARIOS DEFINIDOS.	 ', NULL, NULL),
	(1093, '	TJ5095', 'VIRU', '-8.416111223', '-78.75216682', 'CL GONZALES PRADA 33', 337, 70, 19, 1, 1, 1, '	2:00', '5:00', 'SOLO BTS', '1:00', '0:10', '1:10', '47767238', 1, 1, 1, 2, 1, 1, '', NULL, NULL),
	(1094, '	TJ5129', 'VIRU 3', '-8.466972316', '-78.85994463', 'LOS CLAVELES S/N. UBICADO EN LAS PARTES 4-A-B MZ.T LT.2', 337, 70, 15, 1, 1, 1, '	2:00', '3:40', 'PENDIENTE', '1:00', '1:00', '2:00', '58900686', 1, 1, 1, 1, 1, 1, '	ZONA DE RIESGO PARA EL PERSONAL, PRINCIPALMENTE DE NOCHE	 ', NULL, NULL),
	(1095, '	TJ5249', 'VISTA ALEGRE', '-8.13703059', '-79.04423614', 'AV MANUEL SEOAME 1069.', 336, 124, 33, 1, 1, 1, '	1:30', '4:00', 'SOLO BTS', '0:30', '0:20', '0:50', '60261045', 1, 1, 1, 1, 1, 1, '', NULL, NULL),
	(1096, '	TJ5087', 'WARACO', '-7.47608', '-77.69401', 'CERRO LOMA DE LAS VIZCACHAS CASERIO SAN FRANCISCO DE TRIGOBAMBA. BAMBAMARCA. BOLIVAR. LA LIBERTAD', 18, 44, 33, 1, 1, 2, '	15:00', '6:00', 'SOLO BTS', '14:00', '1:00', '15:00', 'S/N', 6, 1, 1, 1, 1, 1, '	ZONA DE DIFICIL ACCESO, ZONA DE CONSTANTES DESCARGAS ATMOSFÉRICAS, RUTA DE CONSTANTES DESLIZAMIENTOS, CAMINATA SIN PESO 6 HORAS, RUTA CON RIESGO DE ASALTO	 ', NULL, NULL),
	(1097, '	TM5319', 'WARAPATURCO', '-6.459027886', '-77.98100022', 'CERRO HURE HONDO', 190, 287, 3, 8, 1, 3, '	4:30', '5:30', 'PENDIENTE', '5:00', '0:30', '5:30', 'S/N', 18, 1, 1, 1, 1, 5, '	ESTACIÓN CON DIFÍCIL ACCESO	 ', NULL, NULL),
	(1098, '	TA6497', 'WILCAHUAIN', '-9.504305664', '-77.53286125', 'Ciudad de Huaraz (carretera a Carhuaz, pasando el desvío a Sierra hermosa)', 139, 71, 4, 3, 1, 2, '	1:30', '6:00', 'PENDIENTE', '0:30', '0:00', '0:30', '60518766', 1, 1, 1, 2, 1, 1, '	CONSTANTES DESCARGAS ELÉCTRICAS, LLUVIAS, FALLAS CON EL CONCESIONARIO ELECTRÍCO	 ', NULL, NULL),
	(1099, '	TP6173', 'YAMANGO', '-5.193888947', '-79.73661126', 'CERRO NARANJITO. COMUNIDAD CAMPESINA DE YAMANGO', 338, 337, 33, 9, 1, 1, '	3:00', '2:00', 'SOLO BTS', '3:00', '1:30', '4:30', '10261744', 3, 1, 1, 1, 1, 1, '	ESTACIÓN CON DIFÍCIL ACCESO	 ', NULL, NULL),
	(1100, '	TM4582', 'YAMBRASBAMBA', '-5.718628', '-77.911769', 'COMUNIDAD CAMPENSINA YAMBRASBAMBA S/N', 339, 338, 33, 8, 1, 3, '	2:30', '11:00', 'SOLO BTS', '3:30', '0:30', '4:00', '90775970', 4, 1, 1, 1, 1, 1, '', NULL, NULL),
	(1101, '	TC1310', 'YANACANCHA ALTA', '-6.846287', '-78.508333', 'CASERIO YANACANCHA ALTA LIRIOPAMPA CERRO CARHUACONGA', 104, 80, 33, 5, 1, 2, '	2:30', '3:30', 'SOLO BTS', '2:00', '0:30', '2:30', '63114624', 1, 1, 1, 1, 1, 1, '', NULL, NULL),
	(1102, '	TP18638', 'YAPANGO BAJO', '-4.7548194', '-79.85645', 'CCPP YAPANGO BAJO. LAGUNAS. AYABACA', 164, 35, 33, 9, 1, 2, '	3:00', '4:40', 'SOLO BTS', '3:00', '0:25', '3:25', '11266173', 3, 2, 1, 3, 1, 1, '	ESTACIÓN CON DIFÍCIL ACCESO/CONSTANTES FALLAS CON CONCESIONARIO ELÉCTRICO/	 ', NULL, NULL),
	(1103, '	TA5634', 'YAUTAN', '-9.522695', '-77.999', 'CERRO SHUPTAP. YAUTAN. CASMA. ANCASH', 340, 339, 13, 2, 1, 2, '	2:00', '4:00', 'PENDIENTE', '2:00', '0:00', '2:00', '60173040', 1, 1, 1, 1, 1, 1, '	ESTACIÓN CON DIFÍCIL ACCESO	 ', NULL, NULL),
	(1104, '	TA6453', 'YAUYA', '-8.985981', '-77.29675', 'Desvío en carretera Yauya - Tambo, pasando el colegio.', 341, 234, 13, 3, 1, 2, '	6:00', '7:00', 'SOLO BTS', '5:30', '0:00', '5:30', '58684278', 1, 1, 1, 1, 1, 1, '	CONSTANTES CORTES, DESLIZAMIENTOS, DESCARGAS ELÉCTRICAS, LLUVIAS, FALLAS CON EL CONCESIONARIO ELECTRÍCO, RUTA ACCIDENTADA	 ', NULL, NULL),
	(1105, '	TC5860', 'YERBA BUENA', '-6.26548', '-78.5962', 'CERRO COTORUMI  AL LADO DE LA ESTACI#N DE ATV', 279, 340, 13, 10, 1, 2, '	3:00', '1:15', '17:00', '4:30', '0:15', '4:45', '37944393', 5, 1, 1, 1, 1, 2, '	ENERGÍA INESTABLE, MAL ESTADO DE LAS LINEAS ELECTRICAS POR PARTE DE LA MUNICIPALIDAD. TROCHA CARROZABLE INESTABLE, PRESENCIA DE DERRUMBES. ZONA DE NEBLINA POR CASI TODO EL AÑO Y DESCARGAS ATMOSFÉRICAS. CAMINO EMPINADO	 ', NULL, NULL),
	(1106, '	TP6539', 'YERBAS BUENAS', '-4.80035', '-79.81656111', 'CASERIO YERBAS BUENAS S/N', 164, 35, 33, 9, 1, 2, '	6:00', '8:00', 'SOLO BTS', '', '', '0:00', '15567658', 3, 2, 1, 3, 1, 1, '', NULL, NULL),
	(1107, '	TA18790', 'YUMPE', '-10.2574', '-77.47407', 'HUAYLLACAYAN. BOLOGNESI. ANCASH - CP de Yumpe', 132, 341, 33, 3, 1, 2, '	4:30', '1:10', 'SOLO BTS', '5:00', '0:20', '5:20', '58634230', 1, 2, 1, 3, 1, 1, '	CONSTANTES CORTES, DESLIZAMIENTOS, DESCARGAS ELÉCTRICAS, LLUVIAS, FALLAS CON EL CONCESIONARIO ELECTRÍCO, RUTA ACCIDENTADA	 ', NULL, NULL),
	(1108, '	TA5727', 'YUNGAY', '-9.149722282', '-77.75063904', 'A la entrada de Yungay (frente a la ciudad cepultada)', 343, 342, 17, 3, 1, 2, '	2:00', '2:00', 'PENDIENTE', '2:20', '0:00', '2:20', '66844008', 2, 1, 1, 2, 1, 4, '	CONSTANTES DESCARGAS ELÉCTRICAS, LLUVIAS, FALLAS CON EL CONCESIONARIO ELECTRÍCO	 ', NULL, NULL),
	(1109, '	TA6455', 'YUPAN', '-8.6162', '-77.95895', 'LOMA TRAS DEL PANTEON', 344, 343, 13, 2, 1, 2, '	4:30', '10:00', 'PENDIENTE', '6:30', '0:00', '6:30', 'S/N', 6, 1, 1, 1, 1, 1, '	CONSTANTES FALLAS CON CONCESIONARIO ELÉCTRICO	 ', NULL, NULL),
	(1110, '	TA4377', 'YURACMARCA', '-8.728583', '-77.892056', 'CP de Santa Rosa (Carretera Yuracmarca - Sihuas, a la mano derecha)', 345, 344, 33, 3, 1, 2, '	4:30', '1:30', 'SOLO BTS', '4:00', '0:00', '4:00', '61178613', 1, 1, 1, 1, 1, 1, '', NULL, NULL),
	(1111, '	TL1482', 'ZAÑA', '-6.922667', '-79.583583', 'CL REAL 604 CON CL MALAMBO', 296, 320, 33, 7, 1, 1, '	1:30', '1:00', 'SOLO BTS', '0:30', '0:00', '0:30', '37092945', 5, 1, 1, 1, 1, 1, '', NULL, NULL),
	(1112, '	TT6312', 'ZARUMILLA', '-3.502194549', '-80.27911119', 'AV. DEL EJERCITO 220', 346, 345, 15, 4, 1, 1, '	1:30', '1:00', '10:00', '0:30', '0:00', '0:30', '06683264', 3, 1, 1, 1, 1, 2, '', NULL, NULL),
	(1113, '	TJ2085', 'ZELA', '-8.110916667', '-79.02466667', 'CALLE JUNIN 650 660', 325, 25, 33, 1, 1, 1, '	1:30', '3:30', 'PENDIENTE', '0:30', '0:30', '1:00', '61232530', 1, 1, 1, 1, 1, 1, '', NULL, NULL),
	(1114, '	TT6305', 'ZORRITOS', '-3.682333498', '-80.68413903', 'PANAMERICANA NORTE KM. 1238', 347, 59, 15, 4, 1, 1, '	2:00', '3:00', 'PENDIENTE', '1:20', '0:00', '1:20', '08252238', 3, 1, 1, 1, 1, 1, '', NULL, NULL),
	(1115, '	TT6309', 'ZORRITOS SUR', '-3.746111283', '-80.78158352', 'CARRETERA MANCORA TUMBES KM. 205', 347, 59, 33, 4, 1, 1, '	2:00', '10:00', 'SOLO BTS', '1:40', '0:00', '1:40', '08262243', 3, 1, 1, 1, 1, 1, '', NULL, NULL),
	(1116, '	TA5052', 'LA COCHERA', '', '', 'PAR. PARCELA 11036 LA RINCONADA', 348, 247, 33, 2, 1, 1, '	1:30', '', 'SOLO BTS', '0:30', '0:00', '0:30', '64634217', 1, 1, 1, 2, 1, 1, '', NULL, NULL),
	(1117, '	TC0039', 'LOS BANCARIOS', '', '', '', 348, 168, 33, 6, 1, 2, '	1:30', '', 'SOLO BTS', '0:30', '0:00', '0:30', '', 49, 1, 1, 2, 1, 1, '', NULL, NULL),
	(1118, '	TJ0383', 'FUNDO HORTIFRUT', '', '', '', 58, 25, 33, 1, 1, 1, '	2:00', '6:00', 'SOLO BTS', '1:40', '0:00', '1:40', '', 49, 7, 1, 2, 1, 1, '', NULL, NULL),
	(1119, '	TJ5372', 'BARRIO 10', '-8.063264', '-78.9899642', '', 348, 22, 33, 1, 1, 1, '	1:30', '', 'SOLO BTS', '0:30', '0:00', '0:30', '64042510', 1, 7, 1, 1, 1, 1, '', NULL, NULL),
	(1120, '	TJ5379', 'ALVEAR', '-8.0786111', '-79.036944', '', 348, 2, 33, 1, 1, 1, '	1:30', '4:00', 'SOLO BTS', '0:30', '0:00', '0:30', '64254441', 1, 7, 1, 1, 1, 1, '', NULL, NULL),
	(1121, '	TL0475', 'CIRCUNVALACION MONSEFU', '', '', '', 348, 68, 33, 7, 1, 1, '	1:30', '3:00', 'SOLO BTS', '0:30', '0:00', '', '', 49, 7, 1, 1, 1, 1, '', NULL, NULL),
	(1122, '	TJ0498', 'CHIQUITOY', '', '', '', 69, 83, 33, 1, 1, 1, '	1:30', '3:00', 'SOLO BTS', '0:30', '0:00', '', '64673770', 49, 7, 1, 1, 1, 1, '', NULL, NULL),
	(1123, '	TC4206', 'CHAMAYA', '', '', 'CASERIO CRUCE CHAMAYA', 56, 168, 33, 6, 1, 3, '	2:00', '1:40', 'SOLO BTS', '0:30', '1:00', '1:30', '', 49, 7, 1, 1, 2, 1, '', NULL, NULL),
	(1124, '	TM0310', 'ASIS', '', '', '', 179, 168, 33, 6, 1, 3, '	1:30', '', 'SOLO BTS', '0:30', '0:00', '', '', 49, 7, 1, 1, 1, 1, '', NULL, NULL),
	(1125, '	TL6477', 'CAMPO ALIAGA', '', '', '', 348, 332, 33, 7, 1, 1, '	1:30', '5:00', 'SOLO BTS', '0:30', '0:00', '', '39052949', 5, 7, 1, 2, 1, 1, '', NULL, NULL),
	(1126, '	TJ3339', 'PACASMAYO 2', '-7.40587', '-79.5701', '', 222, 251, 33, 1, 1, 1, '	1:30', '', 'SOLO BTS', '0:30', '0:00', '', '64677250', 1, 7, 1, 2, 1, 1, '', NULL, NULL),
	(1127, '	TA0385', 'APOSTOL SANTIAGO', '', '', '', 348, 247, 33, 2, 1, 2, '	1:30', '', 'SOLO BTS', '0:30', '0:00', '', '', 49, 7, 1, 2, 1, 1, '', NULL, NULL),
	(1128, '	TJ1704', 'VILLA MARINA', '-8.188', '-78.983', '', 348, 380, 33, 1, 1, 1, '	1:30', '1:30', 'SOLO BTS', '0:30', '0:00', '0:30', '64316070', 1, 7, 1, 1, 1, 1, '', NULL, NULL),
	(1129, '	TJ5788', 'SHIRACMARCA', '', '', '', 118, 134, 13, 1, 1, 2, '	4:30', '5:00', 'SOLO BTS', '0:50', '0:10', '1:00', '', 49, 7, 1, 1, 2, 1, '', NULL, NULL),
	(1130, '	TA3482', 'CATAC', '', '', '', 348, 145, 33, 3, 1, 2, '	3:00', '5:00', 'SOLO BTS', '2:00', '0:00', '2:00', '66928369', 1, 7, 1, 2, 1, 1, '', NULL, NULL),
	(1131, '	TC3962', 'TAYAPAMPA', '-6.569149', '-78.829975', '', 348, 380, 33, 10, 1, 2, '	', '', 'SOLO BTS', '', '', '', '', 49, 7, 1, 1, 1, 1, '', NULL, NULL),
	(1132, '	TL18228', 'SAN AGUSTIN', '', '', '', 348, 380, 33, 7, 1, 1, '	', '', 'SOLO BTS', '', '', '', '40888330', 5, 7, 1, 12, 1, 1, '', NULL, NULL),
	(1133, '	TC3452', 'CHINA LINDA', '', '', 'PLANTA CALERA CHINA LINDA ¿MINERA  YANACOCHA', 348, 80, 33, 5, 1, 2, '	', '', 'SOLO BTS', '', '', '', '', 49, 7, 1, 1, 2, 1, '', NULL, NULL),
	(1134, '	TP3966', 'GUAYAQUIL', '-5.0043086', '-80.0003423', '', 348, 380, 33, 9, 1, 2, '	', '', 'SOLO BTS', '', '', '', '', 49, 7, 1, 1, 1, 1, '', NULL, NULL),
	(1135, '	TP5134', 'IGLESIA MATRIZ', '-4.88903', '-80.68298', '', 313, 380, 36, 9, 1, 1, '	', '', 'SOLO BTS', '', '', '', '', 49, 7, 1, 2, 1, 1, '', NULL, NULL),
	(1136, '	TL2262', 'NAT NUEVO FERRENAFE P2', '', '', '', 106, 250, 12, 7, 1, 1, '	', '', 'SOLO BTS', '', '', '', '', 49, 7, 1, 1, 1, 1, '', NULL, NULL),
	(1137, '	TL0439', 'CAPOTE PUEBLO', '-6.714643', '-79.812376', '', 348, 380, 33, 7, 1, 1, '	1:30', '05:00', 'SOLO BTS', '', '', '', '39057711', 5, 7, 1, 1, 1, 1, '', NULL, NULL),
	(1138, '	TJ9008', 'EPM CIUDAD DE DIOS', '', '', '', 348, 380, 33, 1, 1, 1, '	1:30', '7:00', 'SOLO BTS', '', '', '', '', 49, 7, 1, 12, 1, 1, '', NULL, NULL),
	(1139, '	TJ4591', 'NAT LA ALAMEDA', '', '', '', 348, 124, 12, 1, 1, 1, '	', '', 'SOLO BTS', '', '', '', '63112192', 49, 7, 1, 1, 1, 1, '', NULL, NULL),
	(1140, '	TJ5370', 'JORGE BASADRE', '', '-8.069458', 'URB. MANUEL BARRETO MZ. 10, LT 16', 348, 22, 33, 1, 1, 1, '	1:30', '', 'SOLO BTS', '', '', '', '64577952', 1, 7, 1, 2, 2, 1, '', NULL, NULL),
	(1141, '	TJ3121', 'NUEVO CHAO', '-8.510347', '-78.68205', 'PASAJE LOS PINOS MZ. 22-ALT. 19 SECTOR NUEVO CHAO', 348, 289, 33, 1, 1, 1, '	2:00', '1:00', 'SOLO BTS', '1:30', '0:00', '1:30', '80002359', 1, 7, 1, 2, 2, 1, '', NULL, NULL),
	(1142, '	TP1245', 'VIVIATE', '', '', 'CALLE GILBERTO NAVARRO, MZ 6 LOTE 7', 348, 81, 33, 9, 1, 1, '	1:30', '', 'SOLO BTS', '', '', '', '', 49, 7, 1, 2, 2, 1, '', NULL, NULL),
	(1143, '	TT2760', 'ZABALA', '', '', 'MZ D LOTE 04 ( CALLE AVIACION)', 348, 345, 33, 4, 1, 1, '	', '3:00', '', '', '', '', '', 49, 7, 1, 2, 2, 1, '', NULL, NULL),
	(1144, '	TC7178', 'REP NAMORA', '', '', '', 348, 200, 13, 5, 1, 2, '	', '', '', '', '', '', '', 49, 7, 4, 12, 6, 1, '', NULL, NULL),
	(1145, '	TC5862', 'CAC CAJAMARCA', '-7.147500055', '-78.51183346', 'ESQUINA JR. LOS NARANJOS CON PROLONGACION REVILLA PEREZ', 32, 7, 29, 5, 1, 2, '	1:30', '1:30', 'SOLO BTS', '0:30', '0:00', '0:30', '45774672', 15, 1, 1, 1, 1, 1, '', NULL, NULL),
	(1146, '	TL6030', 'CAC CHICLAYO 3', '-6.77204', '-79.83686', 'ELIAS AGUIRRE 766', 348, 23, 29, 7, 1, 1, '	1:30', '0:00', 'SOLO BTS', '0:30', '0:00', '0:30', '25003890', 43, 1, 1, 12, 4, 1, '', NULL, NULL),
	(1147, '	TA5670', 'CAC HUARAZ', '-9.52753', '-77.5287', 'Av. Luzuriaga # 515 - primer piso', 126, 28, 28, 3, 1, 2, '	1:30', '2:30', 'SOLO BTS', '0:30', '0:00', '0:30', '50008061', 1, 4, 1, 1, 1, 1, '', NULL, NULL),
	(1148, '	TPXXXX', 'CAC PIURA 1', '', '', 'CENTRO COMERCIAL', 348, 15, 28, 9, 1, 1, '	1:30', '0:00', 'SOLO BTS', '0:30', '0:00', '0:30', 'S/N', 15, 1, 1, 12, 2, 1, '', NULL, NULL),
	(1149, '	TP5360', 'CAC PIURA 2', '', '', 'AV ANDRES AVELINO CACERES 147', 47, 19, 28, 9, 1, 1, '	1:30', '0:00', 'SOLO BTS', '0:30', '0:00', '0:30', 'S/N', 15, 4, 1, 2, 1, 1, '', NULL, NULL),
	(1150, '	TJ5320', 'CAC TRUJILLO 2', '-8.132027', '-79.032', 'CC REAL PLAZA LOCAL LT 01 AV FATIMA S/N EL GOL', 325, 25, 28, 1, 1, 1, '	1:30', '0:00', 'SOLO BTS', '0:30', '0:00', '0:30', 'S/N', 15, 4, 1, 1, 1, 1, '', NULL, NULL),
	(1151, '	TT8256', 'CAC TUMBES', '', '', 'JR. PLAZA DE ARMAS 104', 348, 5, 28, 4, 1, 1, '	1:30', '0:00', 'SOLO BTS', '0:30', '0:00', '0:30', '06742991', 3, 7, 1, 12, 4, 1, '', NULL, NULL),
	(1152, '	TJ5254', 'SEDE TECNOLOGICA', '-8.1221', '-79.036234', 'AV LARCO #827', 325, 25, 30, 1, 1, 1, '	1:30', '4:00', '', '0:20', '0:00', '0:20', '47330601', 44, 4, 1, 2, 1, 2, '', NULL, NULL),
	(1153, '	LL1893', 'ROQUE AMAZONAS', '', '', '', 348, 380, 3, 12, 1, 3, '	', '72:00', '', '6:00', '3:00', '', '', 49, 7, 4, 12, 6, 4, '', NULL, NULL),
	(1154, '	LL1762', 'LORETO AMAZONAS', '', '', '', 348, 380, 3, 12, 1, 3, '	', '72:00', '', '12:00', '6:00', '', '', 49, 7, 4, 12, 6, 4, '', NULL, NULL),
	(1155, '	LL1877', 'FLOR DE PUNGA', '', '', '', 348, 380, 3, 12, 1, 3, '	', '72:00', '', '18:00', '9:00', '', '', 49, 7, 4, 12, 6, 4, '', NULL, NULL),
	(1156, '	LL1878', 'REQUENA 3', '', '', '', 348, 380, 3, 12, 1, 3, '	', '8:00', '', '', '', '0:25', '', 49, 7, 4, 12, 6, 4, '', NULL, NULL),
	(1157, '	LL3417', 'REQUENA PUEBLO', '', '', '', 348, 380, 33, 12, 1, 3, '	', '8:00', '', '', '', '0:10', '', 49, 7, 4, 12, 6, 1, '', NULL, NULL),
	(1158, '	LL1891', 'JORGE CHAVEZ', '', '', '', 348, 380, 3, 12, 1, 3, '	', '12:00', '', '', '', '1:00', '', 49, 7, 4, 12, 6, 4, '', NULL, NULL),
	(1159, '	LL3422', 'JENARO HERRERA', '', '', '', 348, 380, 3, 12, 1, 3, '	', '72:00', '', '', '', '2:00', '', 49, 7, 4, 12, 6, 4, '', NULL, NULL),
	(1160, '	TC3940', 'PAUCAPATA', '', '', 'CERRO EL TINGO', 348, 346, 13, 5, 1, 2, '	', '', '', '', '', '', '68285393', 1, 7, 1, 1, 2, 1, '', NULL, NULL),
	(1161, '	TP3967', 'CHECCHES ', '-4.8942117', '-80.0366', 'PREDIO PARIHUANAS (P) PARIHUANAS BAJO (P) UBICADA EN EL DISTRITO DE FRÍAS, PROVINCIA DE AYABACA Y DEPARTAMENTO DE PIURA.', 348, 163, 33, 9, 1, 2, '	', '2:00', 'SOLO BTS', '2:00', '2:00', '4:00', '', 49, 7, 1, 1, 2, 1, '', NULL, NULL),
	(1162, '	TJ3042', 'CALLANCAS', '', '', 'PREDIO RUSTICO LA LAGUNA, COMUNIDAD CAMPESINA', 348, 347, 33, 1, 1, 2, '	', '3:00', '', '', '', '', '68176568', 1, 7, 1, 2, 2, 1, '', NULL, NULL),
	(1163, '	BAMA', 'BASE CICSA AMAZONAS', '', '', '', 348, 380, 1, 8, 1, 3, '	', '', '', '', '', '', '', 49, 7, 4, 12, 6, 8, '', NULL, NULL),
	(1164, '	BCAJ', 'BASE CICSA CAJAMARCA', '', '', '', 348, 380, 1, 5, 1, 2, '	', '', '', '', '', '', '', 49, 7, 4, 12, 6, 8, '', NULL, NULL),
	(1165, '	BCHIC', 'BASE CICSA CHICLAYO', '', '', '', 348, 380, 1, 7, 1, 1, '	', '', '', '', '', '', '', 49, 7, 4, 12, 6, 8, '', NULL, NULL),
	(1166, '	BCHIM', 'BASE CICSA CHIMBOTE', '', '', '', 348, 380, 1, 2, 1, 1, '	', '', '', '', '', '', '', 49, 7, 4, 12, 6, 8, '', NULL, NULL),
	(1167, '	BCHOTA', 'BASE CICSA CHOTA', '', '', '', 348, 380, 1, 10, 1, 2, '	', '', '', '', '', '', '', 49, 7, 4, 12, 6, 8, '', NULL, NULL),
	(1168, '	BHUA', 'BASE CICSA HUARAZ', '', '', '', 348, 380, 1, 3, 1, 2, '	', '0:00', '', '', '', '0:00', '', 49, 7, 4, 12, 6, 8, '', NULL, NULL),
	(1169, '	BJAE', 'BASE CICSA JAEN', '', '', '', 348, 380, 1, 6, 1, 3, '	', '', '', '', '', '', '', 49, 7, 4, 12, 6, 8, '', NULL, NULL),
	(1170, '	BPIU', 'BASE CICSA PIURA', '', '', '', 348, 380, 1, 9, 1, 1, '	', '', '', '', '', '', '', 49, 7, 4, 12, 6, 8, '', NULL, NULL),
	(1171, '	BTRU', 'BASE CICSA TRUJILLO', '', '', '', 348, 380, 1, 1, 1, 1, '	', '', '', '', '', '', '', 49, 7, 4, 12, 6, 8, '', NULL, NULL),
	(1172, '	BTUM', 'BASE CICSA TUMBES', '', '', '', 348, 380, 1, 4, 1, 1, '	', '', '', '', '', '', '', 49, 7, 4, 12, 6, 8, '', NULL, NULL),
	(1173, '	TL5648', 'MICROCELDA DEL SOL ', '', '', 'FUNDO CHOLOCAL KM 56 OLMOS', 348, 245, 33, 7, 1, 1, '	', '', '', '', '', '', '', 49, 7, 1, 4, 2, 1, '', NULL, NULL),
	(1174, '	TJ0584', 'PARCOY', '-8,030,240', '-77,479,750', 'EL AGUILON', 348, 218, 33, 1, 1, 2, '	', '', '', '', '', '', '', 49, 7, 1, 2, 2, 1, '', NULL, NULL),
	(1175, '	TJ0471', 'SAN JOSE VIRU', '-8.447497', '-78.738275', 'MZ J DEL ASENTAMIENTO HUMANO SAN JOSE', 348, 70, 33, 1, 1, 1, '	', '2:00', 'SOLO BTS', '1:00', '', '', '', 49, 7, 1, 2, 2, 1, '', NULL, NULL),
	(1176, '	TJ1005', 'VILLA POETA', '-8.02457', '-79.070546', 'CALLE 7 VILLA POETA', 348, 40, 33, 1, 1, 1, '	', '7:00', 'SOLO BTS', '0:50', '0:00', '0:50', '68302618', 1, 7, 1, 2, 2, 1, '', NULL, NULL),
	(1177, '	TP4099', 'NAT TALARA', '', '', '', 348, 21, 12, 9, 1, 1, '	', '', '', '', '', '', '16154840', 3, 7, 1, 1, 1, 1, '', NULL, NULL),
	(1178, '	TL0690', 'SALIDA MONSEFU', '-6.868546', '-79.86788', 'CASERÍO ALTO MIRAFLORES LA CRUZ LT.01 MZ. A, PREDIO SAN JOSE LT11', 348, 68, 33, 7, 1, 1, '	', '4:00', '', '', '', '', '', 5, 7, 1, 1, 2, 1, '', NULL, NULL),
	(1179, '	TA0338', 'LA ESPERANZA', '-9.525562', '-77.15765', 'PROYECTO LLAMELLIN, PREDIO NUEVA PAMPA ERA', 348, 33, 33, 3, 1, 2, '	', '', 'SOLO BTS', '3:30', '', '3:30', '68515706', 1, 7, 1, 2, 2, 1, '', NULL, NULL),
	(1180, '	TP1968', 'RADIO HUARMACA', '', '', 'LOTE H - TERRENO HUARMAQUIRCA', 348, 185, 33, 9, 1, 2, '	', '', '', '', '', '', '17712963', 3, 7, 1, 1, 2, 1, '', NULL, NULL),
	(1181, '	TP4523', 'LAS POCITAS', '', '', 'MARGEN DERECHO DE LA ANTIGUA CA PANAMERICANA NORTE 1214 + 900', 348, 231, 33, 4, 1, 1, '	', '', '', '', '', '', '', 49, 7, 1, 1, 2, 1, '', NULL, NULL),
	(1182, '	TP0317', 'LANCHEPAMPA', '', '', 'Caserio Lanchepampa Sector Cerro Grande S/N', 348, 313, 33, 9, 1, 2, '	', '', '', '', '', '', '', 49, 7, 1, 1, 2, 1, '', NULL, NULL),
	(1183, '	TJ0330', 'CERRO BLANCO', '-8.0779', '-78.8664', 'CCPP CERRO  BLANCO', 348, 75, 33, 1, 1, 1, '	', '8:00', '', '', '', '', '68550616', 1, 7, 1, 2, 2, 1, '', NULL, NULL),
	(1184, '	TL0331', 'HUALTACAL GRANDE', '-5.80251', '-79.86272', 'COMUNIDAD CAMPESINA SANTO DOMINGO - OLMOS', 348, 69, 33, 7, 1, 1, '	', '', '', '3:00', '', '3:00', '', 49, 7, 1, 2, 1, 1, '', NULL, NULL),
	(1185, '	TC1560', 'CHILAC N8', '', '', 'Huasmin - CN9247908/CE796296 Ubic.Rur. Valle Cajamarca San Marcos Cajabamba/Caserio Chilac N° 8/Ojos De Agua C.P./Parc. 7_7959245_057003/ Area Ha. 5.9034 U.C. 057003/HH.CC. 7_7959245', 348, 346, 33, 5, 1, 2, '	', '4:00', 'SOLO BTS', '', '', '', '68476107', 1, 7, 1, 1, 2, 1, '', NULL, NULL),
	(1186, '	TJ0328', 'QUINTA BAJA', '-6.176667', '-77.971111', 'Huamachuco - Ubic.Rur. Valle Huamachuco Predio El Capuli 1 Sector La Quinta UC 12021', 348, 134, 33, 1, 1, 1, '	', '8:00', 'SOLO BTS', '0:30', '0:00', '0:30', '69132559', 1, 7, 1, 1, 2, 1, '', NULL, NULL),
	(1187, '	TC1558', 'TUNASPAMPA', '', '', 'UC 84865 Denominada Chipchi Corral Ubicada en el Sector Huambocancha Alta', 348, 7, 33, 5, 1, 2, '	', '15:00', '', '0:45', '0:05', '0:50', '71533617', 1, 7, 1, 1, 2, 1, '', NULL, NULL),
	(1188, '	TC1559', 'LA CANTERIA', '', '', 'CC CANTERIA', 348, 46, 33, 5, 1, 2, '	', '', '', '', '', '', '68292413', 1, 7, 1, 2, 2, 1, '', NULL, NULL),
	(1189, '	TJ5120', 'NAT MCON HUANCHACO', '', '', 'AV HUANCHACO S/N (ALT RESTAURANTE PUB LA POZA)', 348, 40, 33, 1, 1, 1, '	', '', '', '', '', '0:00', '', 49, 7, 1, 2, 1, 1, '', NULL, NULL),
	(1190, '	TC1548', 'CHIQUILDO', '', '', 'Predio Denominado La Llacara Sector Chiquildo UC 031583', 348, 348, 33, 5, 1, 2, '	', '', '', '', '', '', '68397531', 1, 7, 1, 1, 2, 1, '', NULL, NULL),
	(1191, '	TA1259', 'MANZANA', '-9.5094', '-77.50909', 'Predio Asthtu Pampa UC 8-2258945-18976 Ubicación Valle Callejón de Huaylas, Sector Hunchus', 348, 28, 33, 3, 1, 2, '	', '', 'SOLO BTS', '1:30', '0:00', '1:30', '68365995', 1, 7, 1, 2, 2, 1, '', NULL, NULL),
	(1192, '	TJ0324', 'ALGARROBAL DE SAN MATEO', '-7.3207502', '-79.3469573', 'Predio Rustico con UC 10636 Denominado Tolon', 348, 109, 33, 1, 1, 1, '	', '', '', '3:00', '1:00', '4:00', '68542285', 1, 7, 1, 1, 2, 1, '', NULL, NULL),
	(1193, '	TA2985', 'NAT ARCOIRIS', '', '', 'AV CHIMBOTE CON AV SANTA', 348, 17, 12, 2, 1, 1, '	', '', '', '', '', '', '', 1, 7, 1, 2, 1, 1, '', NULL, NULL),
	(1194, '	TA0345', 'QUINHUARAGRA', '', '', 'CCPP QUINHUARAGRA', 348, 33, 33, 3, 1, 2, '	', '10:00', 'SOLO BTS', '4:00', '0:40', '4:40', '68540404', 1, 7, 3, 2, 2, 1, '', NULL, NULL),
	(1195, '	TC0700', 'CRISTO BAMBAMARCA', '', '', 'AV. TUPAC AMARU S/N', 348, 44, 33, 10, 1, 2, '	', '', '', '1:30', '', '', '', 49, 7, 1, 1, 2, 1, '', NULL, NULL),
	(1196, '	TJ0327', 'CASUMACA', '', '', 'HUAMACHUCO - UBIC RUR VALLE HUAMACHUCO PREDIO CASUMACA SECTOR PUENTE PIEDRA', 348, 134, 33, 1, 1, 2, '	', '', '', '1:00', '0:20', '1:20', '', 49, 7, 1, 2, 2, 1, '', NULL, NULL),
	(1197, '	TL4521', 'NAT AGROPUCALA', '', '', 'SECTOR INMACULADA CP PUCALA', 247, 11, 33, 7, 1, 1, '	', '', '', '', '', '', '', 49, 1, 1, 1, 1, 1, '', NULL, NULL),
	(1198, '	TA0339', 'SALA', '', '', 'CASERIO DE VILCABAMBA - TROMPO JITANAN EN EL CP HUARIMAYO', 348, 108, 33, 3, 1, 2, '	', '0:00', 'SOLO BTS', '3:00', '', '3:00', '69082887', 1, 7, 3, 2, 2, 1, '', NULL, NULL),
	(1199, '	TA0343', 'CABRACANCHA', '', '', 'CASERIO CABRACANCHA DEL C.P. CALLHUAYACO S/N', 348, 33, 33, 3, 1, 2, '	', '', 'SOLO BTS', '3:30', '1:00', '4:30', '68501531', 1, 7, 1, 2, 2, 1, '', NULL, NULL),
	(1200, '	TJ4904', 'BARRIO 3B P2', '', '', '', 348, 380, 33, 1, 1, 1, '	1:30', '0:00', 'SOLO BTS', '0:30', '0:00', '0:30', '', 1, 7, 4, 12, 6, 1, '', NULL, NULL),
	(1201, '	TA0344', 'URUPA', '', '', 'CERRO DEL CCPP SAN PEDRO DE PICHIU', 348, 380, 33, 3, 1, 2, '	', '', 'SOLO BTS', '', '0:00', '0:00', '68545367', 1, 7, 3, 2, 2, 1, '', NULL, NULL),
	(1202, '	TJ0329', 'ALGALLAMA', '-8.11979', '-78.11795', 'CCPP  ALGALLAMA', 348, 349, 33, 1, 1, 2, '	', '0:00', 'SOLO BTS', '0:00', '0:00', '0:00', '69829650', 2, 7, 1, 2, 2, 1, '', NULL, NULL),
	(1203, '	TT0589', 'ARCAYA', '', '', 'ASENTAMIENTO HUMANO: MAFALDA LAMA II, MZ L LOTE 2', 348, 5, 33, 4, 1, 1, '	', '2:30', 'SOLO BTS', '1:00', '1:00', '2:00', '', 3, 7, 1, 2, 2, 1, '', NULL, NULL),
	(1204, '	TJ0470', 'ARAGOSTAY', '', '', 'CERRO ARAGOSTAY', 348, 286, 33, 1, 1, 2, '	', '', '', '', '', '', '', 49, 7, 1, 2, 2, 8, '', NULL, NULL),
	(1205, '	TC3364', 'NUEVO PERU', '-6.671481', '-78.73074', 'PREDIO CON UC 27313', 348, 350, 33, 10, 1, 2, '	', '', '', '', '', '', '39784851', 49, 7, 3, 2, 2, 1, '', NULL, NULL),
	(1206, '	TP3023', 'BIAGGIO ARBULU', '', '', 'AV. GUARDIA CIVIL, MZ. A LTE. O1', 348, 19, 33, 9, 1, 1, '	', '', '', '', '', '', '17678558', 3, 7, 1, 1, 2, 1, '', NULL, NULL),
	(1207, '	TP0680', 'LA PALMERA PIURA', '', '', 'AA.HH LAS PALMERAS MZ A', 348, 15, 33, 9, 1, 1, '	', '', '', '', '', '', '', 49, 7, 1, 9, 2, 1, '', NULL, NULL),
	(1208, '	TP1040', 'GALVEZ QUEROCOTILLOA', '4.843242', '-80.655211', 'AH VICHAYAL', 348, 118, 33, 9, 1, 1, '	', '', '', '', '', '', '17098576', 3, 7, 1, 1, 2, 1, '', NULL, NULL),
	(1209, '	TL0438', 'MOTUPE CENTRO', '-6.15438889', '-79.71752778', 'CA. SAN JULIAN 389', 348, 245, 33, 7, 1, 1, '	', '6:00', 'SOLO BTS', '', '', '', '37091133', 5, 7, 1, 2, 1, 1, '', NULL, NULL),
	(1210, '	TL0437', 'AH ALAN GARCIA', '-5.995422', '-79.731839', 'Calle Cesar Vallejos MZ. 38 AA-HH ALAN GARCIA', 348, 380, 33, 7, 1, 1, '	', '', 'SOLO BTS', '', '', '', '39890685', 5, 1, 1, 1, 1, 1, '', NULL, NULL),
	(1211, '	TA0346', 'QUITAPAMPA', '', '', 'PREDIO CHAPAC SECTOR DE SAN PEDRO DE CARASH', 348, 33, 33, 3, 1, 2, '	', '', 'SOLO BTS', '', '', '', '68502360', 1, 7, 1, 2, 2, 1, '', NULL, NULL),
	(1212, '	TJ0326', 'BUENOS AIRES', '', '', 'CCPP BUENOS AIRES', 348, 261, 33, 1, 1, 1, '	', '6:00', '', '', '', '', '53465134', 1, 7, 3, 2, 2, 1, '', NULL, NULL),
	(1213, '	TC0449', 'EL VIZCAINO', '', '', 'FRAY JOSE ARANA Nº 164', 348, 95, 33, 10, 1, 2, '	', '', '', '', '', '', '39773007', 45, 7, 1, 2, 1, 1, '', NULL, NULL),
	(1214, '	TL0580', 'CAL SANTA ROSA', '', '', 'Calle Balsares S/N', 348, 380, 33, 7, 1, 1, '	', '3:00', 'SOLO BTS', '0:30', '0:00', '0:30', '40044215', 5, 1, 1, 10, 1, 1, '', NULL, NULL),
	(1215, '	TT0429', 'NUEVA ESPERANZA', '', '', 'Cruce de Via Evitamiento con Calle Grau, Poste en vía publica', 348, 296, 33, 4, 1, 1, '	', '', '', '0:20', '0:00', '0:20', '17393001', 3, 7, 3, 2, 2, 1, '', NULL, NULL),
	(1216, '	TL0314', 'AGROVISION', '', '', 'Fundo Empresa Agrovisión', 348, 380, 33, 7, 1, 1, '	', '', '', '2:30', '', '2:30', '', 49, 1, 1, 1, 1, 1, '', NULL, NULL),
	(1217, '	TJ0427', 'SALAVERRY BAJO', '-8.218899', '-78.975111', 'Calle Monitor Huascar 169, Manzana. 10, Lote. 20', 348, 289, 33, 1, 1, 1, '	', '6:00', 'SOLO BTS', '0:50', '', '', '61333247', 1, 1, 1, 1, 1, 1, '', NULL, NULL),
	(1218, '	TA0342', 'JULIO C. TELLO', '', '', 'AV. JULIO CESAR TELLO S/N', 348, 108, 33, 3, 1, 2, '	', '', 'SOLO BTS', '', '', '', '68681458', 1, 7, 3, 2, 2, 2, '', NULL, NULL),
	(1219, '	TP0318', 'TEJEDORES - BAJO', '', '', 'LOTE 1 MANZANA F1 CENTRO POBLADO PUEBLO TEJEDORES', 348, 136, 33, 9, 1, 2, '	', '', '', '', '', '', '', 49, 7, 1, 2, 2, 1, '', NULL, NULL),
	(1220, '	TJ0435', 'LA PALMERA', '-7.392285', '-79.561542', 'JEQUETEPEQUE_ PACASMAYO', 348, 156, 33, 1, 1, 1, '	', '', 'SOLO BTS', '1:30', '0:40', '2:10', '69255620', 1, 1, 1, 1, 1, 1, '', NULL, NULL),
	(1221, '	TJ0325', 'CESAR VALLEJO', '-7.85527', '-78.43454', 'CCPP  CESAR VALLEJO', 348, 143, 33, 1, 1, 1, '	', '15:00', 'SOLO BTS', '', '', '', '68701541', 1, 7, 3, 2, 2, 1, '', NULL, NULL),
	(1222, '	TP0981', 'CARRETA VICHAYITO', '', '', 'CA PANAMERICANA ANTIGUA A 5 KM S/N', 348, 228, 33, 4, 1, 1, '	', '1:00', 'SOLO BTS', '', '0:00', '', '', 3, 7, 3, 1, 2, 1, '', NULL, NULL),
	(1223, '	TP0588', 'OCEANICA', '', '', 'Cruce de la Av. Miguel Grau y Av. de los Heroes', 348, 158, 37, 9, 1, 1, '	', '', 'SOLO BTS', '', '', '', '', 3, 7, 1, 1, 2, 1, '', NULL, NULL),
	(1224, '	TA0336', 'HUARIPAMPA ALTO', '-9.49756', '-77.13686', 'CENTRO POBLADO HUARIPAMPA ALTO', 348, 33, 33, 3, 1, 2, '	', '', 'SOLO BTS', '1:30', '0:40', '2:10', '68545410', 1, 7, 1, 2, 2, 2, '', NULL, NULL),
	(1225, '	TL0452', 'ENTRADA LAMBAYEQUE', '', '', '', 348, 161, 33, 7, 1, 1, '	', '', '', '', '', '', '', 49, 1, 1, 1, 1, 8, '', NULL, NULL),
	(1226, '	TJ0428', 'SANTIAGO DE CHUCO 2', '-8.143725', ' -78.177386', 'Mz 11 Lote 1 C.P. Santiago de Chuco', 348, 156, 33, 1, 1, 2, '	', '', '', '', '', '', '69275533', 1, 1, 1, 1, 1, 1, '', NULL, NULL),
	(1227, '	TJ0368', 'INDOAMERICA', '', '', ' AAHH INDOAMERICANA, MZ 7, LOTE 12, DISTRITO LA ESPERANZA, PROVINCIA DE TRUJILLO, DEPARTAMENTO DE LA LIBERTAD.', 348, 2, 40, 1, 1, 1, '	', '', '', '', '', '', '', 49, 7, 1, 2, 1, 8, '', NULL, NULL),
	(1228, '	TP4226', 'SALLENDE', '', '', '', 348, 380, 33, 9, 1, 1, '	', '', '', '', '', '', '', 49, 7, 1, 1, 1, 1, '', NULL, NULL),
	(1229, '	TP0036', 'NEGREIROS TALARA', '', '', 'AV. LUYA MZ G LOTE 03-CALLE PRIMERO DE MAYO SERUR - JARRIN', 348, 21, 33, 9, 1, 1, '	', '', '', '', '', '', '16360285', 3, 7, 1, 2, 1, 8, '', NULL, NULL),
	(1230, '	TA2722', 'SANTA CATALINA', '', '', 'CN8953128CE790118 Ubic.Rur. Valle Casma / Sector Santa Catalina / Denominado Santa Catalina C.P. / Parc. 00214 Area Ha. 10.2189 UC 7-7908950-00214', 348, 330, 33, 2, 1, 1, '	3:00', '', 'SOLO BTS', '', '', '', '68408250', 1, 7, 1, 2, 2, 1, '', NULL, NULL),
	(1231, '	TL0454', 'URB LA PRIMAVERA', '-6.7611', '-798,522', 'Calle Angel Gonzales MZ B Lote 11', 348, 161, 40, 7, 1, 1, '	', '', '', '', '', '', '', 49, 1, 1, 1, 1, 8, '', NULL, NULL),
	(1232, '	TL9014', 'CUCULI', '', '', 'CARRETERA PIMENTEL-CHICLAYO-CHONGOYAPE-PTE-CUMBIL KM 60+800', 348, 53, 33, 7, 1, 1, '	', '', '', '', '', '', '', 5, 7, 3, 12, 2, 1, '', NULL, NULL),
	(1233, '	TJ0583', 'GARDENIAS', '', '', 'VICTOR LARCO', 348, 25, 40, 1, 1, 1, '	', '', '', '', '', '', '69663285', 1, 1, 1, 1, 1, 1, '', NULL, NULL),
	(1234, '	TJ5526', 'SAN JORGE', '-8.463829', '-78.605693', 'FUNDO SANTA MARUJA SECTOR SAN JORGE ALTO UC 01558', 348, 106, 33, 1, 1, 1, '	', '', '', '', '', '', '', 49, 7, 1, 2, 1, 1, '', NULL, NULL),
	(1235, '	TA0380', 'MORADORES', '-9.54677464', '-77.538938', 'CENTRO POBLADO QUESCHACAP HUARAZ', 348, 28, 33, 3, 1, 2, '	', '', '', '', '', '', '', 49, 7, 1, 2, 1, 1, '', NULL, NULL),
	(1236, '	TA0434', 'LOS OLIVOS ', '-9.525147', '-77.542004', 'SANTA ROSA DE BELLAVISTA S/N MZ. 2350 - BARRIO COCHAC', 348, 28, 33, 3, 1, 2, '	', '', '', '', '', '', '69146026', 1, 7, 1, 2, 1, 1, '', NULL, NULL),
	(1237, '	TC0066', 'MINASCONGA', '-6.8513', '-78.324', 'CERRO LAS CINCO LOMAS S/N', 348, 346, 33, 5, 1, 2, '	', '4:00', '', '', '', '', '69689218', 1, 1, 1, 2, 1, 1, '', NULL, NULL),
	(1238, '	TJ0369', 'SAN IDELFONSO(NUEVO)', '', '', 'MZ T LT 26 ASENTAMIENTOHUAMAN', 348, 25, 33, 1, 1, 1, '	', '', '', '', '', '', '69746744', 1, 1, 1, 8, 1, 1, '', NULL, NULL),
	(1239, '	TA0430', 'HUARINA (NUEVO)', '-9.34827', '-77.173177', 'JR. MANUEL ALVAREZ S/N, BARRIO BARTOLOME, CENTRO POBLADO HUARI, MZ 5, LOTE 12, DISTRITO HUARAZ, PROVINCIA HUARAZ, DEPARTAMENTO DE ANCASH', 348, 351, 33, 3, 1, 2, '	', '', '', '', '', '', '69790125', 1, 7, 1, 2, 1, 1, '', NULL, NULL),
	(1240, '	TA1484', 'ENCAYOC', '-9.153117', '-77.684601', 'ENCAYOC', 348, 352, 33, 3, 1, 2, '	4:30', '', 'SOLO BTS', '2:00', '0:30', '2:30', '', 1, 7, 3, 2, 2, 1, '', NULL, NULL),
	(1241, '	TA0418', 'CARAVANA', '-9.1522853', '-77.498968', 'Conjunto habitacional Brisas del Mar - Sector 1 Mz. 16 lt 1. Nuevo Chimbote', 348, 17, 33, 2, 1, 1, '	', '', '', '', '', '', '', 1, 1, 1, 8, 1, 1, '', NULL, NULL),
	(1242, '	TC6420', 'NAT UPN CAJAMARCA', '', '', '', 348, 7, 12, 5, 1, 2, '	', '', '', '', '', '', '', 49, 7, 1, 2, 1, 1, '', NULL, NULL),
	(1243, '	TP0441', 'TAMBO GRANDE CENTRO(nuevo)', '', '', 'JR PAITA 433', 348, 136, 33, 9, 1, 1, '	', '8:00', '', '', '', '', '17959218', 3, 7, 1, 2, 1, 1, '', NULL, NULL),
	(1244, '	TJ5516', 'PUEMAPE ', '-7.42972', '-79.49944', 'BALNEARIO PUEMAPE ¿ POLIGONAL 1 MZ 75 LT 1,2,3', 348, 308, 33, 1, 1, 1, '	', '', '', '', '', '', '68689231', 1, 7, 1, 2, 1, 1, '', NULL, NULL),
	(1245, '	TA3932', 'VILLANUEVA HUARAZ', '', '', 'TERRENO DE LA COMUNIDAD CAMPESINA DE AQUIA', 348, 353, 33, 3, 1, 2, '	', '', '', '', '', '', '69846955', 1, 7, 1, 2, 1, 1, '', NULL, NULL),
	(1246, '	TP0456', 'LOS PORTALES', '', '', 'MZ A2 LT 7 AAHH LAS DALIAS III ETAPA', 348, 354, 33, 9, 1, 1, '	', '', '', '', '', '', '17819128', 3, 7, 1, 2, 1, 1, '', NULL, NULL),
	(1247, '	TA3954', 'URANYACU', '', '', 'TERRENO DE LA COMUNIDAD CAMPESINA DE AQUIA', 348, 353, 33, 3, 1, 2, '	', '', '', '', '', '', '69849367', 1, 7, 1, 2, 1, 1, '', NULL, NULL),
	(1248, '	TP0069', 'LIBRE', '-4.759001', '-80.238029', 'UC 14609', 348, 136, 33, 9, 1, 2, '	', '', '', '', '', '', '18093108', 3, 7, 1, 2, 1, 1, '', NULL, NULL),
	(1249, '	TC0436', 'MERCADO MODELO CELENDIN', '', '', 'CALLE AREQUIPA Nº 803 - CELENDIN', 348, 93, 40, 5, 1, 2, '	', '', '', '', '', '', '69150682', 1, 7, 1, 2, 1, 8, '', NULL, NULL),
	(1250, '	TL0440', 'REQUE PUEBLO', '', '', 'CALLE AMAUTA Nº 161', 348, 380, 33, 7, 1, 1, '	', '', '', '', '', '', '', 49, 1, 1, 1, 1, 1, '', NULL, NULL),
	(1251, '	TA5522', 'SAN FRANCISCO BAJO', '', '', 'SAN FRANCISCO BAJO S/N', 348, 89, 38, 2, 1, 1, '	', '', '', '', '', '', '58497177', 1, 7, 1, 2, 1, 1, '', NULL, NULL),
	(1252, '	tj1521', 'NAT TALENTOS', '', '', '', 348, 25, 33, 1, 1, 1, '	', '', '', '', '', '', '', 49, 7, 1, 5, 1, 8, '', NULL, NULL),
	(1253, '	TC0061', 'PAMPA GRANDE', '', '', 'CERRO PALO BLANCO', 348, 326, 33, 10, 1, 2, '	', '', '', '', '', '', '', 49, 1, 1, 1, 1, 8, '', NULL, NULL),
	(1254, '	TL2031', 'RETIRO OLMO', '-5.884626', '-79.859991', 'CENTRO POBLADO EL PUENTE, OLMOS 14210', 348, 69, 33, 7, 1, 1, '	', '4:00', 'SOLO BTS', '', '', '', '', 49, 1, 1, 8, 1, 1, '', NULL, NULL),
	(1255, '	TT5528', 'PLAYA ZORRITOS', '', '', 'LA TUSILLA, SITIO PUBLICO ALREDEDOR DE ARBOLES', 348, 59, 40, 4, 1, 1, '	', '', '', '', '', '', '', 49, 7, 1, 2, 1, 8, '', NULL, NULL),
	(1256, '	TP0444', 'SECTOR_2C_HIGUCCHI', '', '', 'MZ E LT 24 UPIS JAVIER PRADO AAHH LA PENINSULA', 348, 15, 33, 9, 1, 1, '	', '', '', '', '', '', '17964399', 3, 7, 1, 2, 1, 1, '', NULL, NULL),
	(1257, '	TP2002', 'LAYNES', '', '', '"CENTRO POBLADO LAYNAS.\nMZ 36 LOTE 1"', 205, 204, 33, 9, 1, 1, '	', '', '', '', '', '', '18230056', 3, 1, 1, 2, 1, 1, '', NULL, NULL),
	(1258, '	TP0064', 'SUCCHIRCA', '', '', 'CASERIO LA PLAYA S/N', 348, 185, 33, 9, 1, 1, '	', '', '', '', '', '', '17998314', 3, 7, 1, 2, 1, 1, '', NULL, NULL),
	(1259, '	TM1615', 'LA JALCA', '', '', 'SECTOR SHIPASHYACO-LA JALCA', 348, 355, 33, 8, 1, 3, '	', '', '', '', '', '', '36404636', 4, 1, 1, 8, 1, 1, '', NULL, NULL),
	(1260, '	TC0062', 'BUENOS AIRES', '', '', 'CENTRO POBLADO HUACORA S/N', 348, 155, 33, 6, 1, 2, '	', '', '', '', '', '', '', 49, 1, 1, 8, 1, 1, '', NULL, NULL),
	(1261, '	TA3837', 'VISTOSO', '', '', '', 348, 380, 33, 3, 1, 2, '	', '', '', '', '', '', '70269163', 2, 7, 1, 2, 5, 1, '', NULL, NULL),
	(1262, '	TM0323', 'TRES MARIAS', '', '', 'CASERIO RON', 348, 64, 33, 8, 1, 3, '	', '', '', '', '', '', '36463135', 4, 7, 1, 1, 2, 1, '', NULL, NULL),
	(1263, '	TL0334', 'HFE BERRIES', '', '', 'FUNDO AGROINDUSTRIAL DE LA EMPRESA HFE BERRIES, OLMOS, ACCESO POR RAMAL SUR', 348, 69, 33, 7, 1, 1, '	', '', '', '', '', '', '', 49, 7, 1, 2, 1, 1, '', NULL, NULL),
	(1264, '	TA3828', 'HUANCAYOC', '', '', 'DISTRITO DE SAN PEDRO DE CHANÁ, 02333', 348, 103, 33, 3, 1, 2, '	', '', '', '', '', '', '', 49, 1, 1, 2, 1, 1, '', NULL, NULL),
	(1265, '	TA3843', 'ATASH', '', '', '', 348, 380, 13, 3, 1, 2, '	', '', '', '', '', '', '70269172', 46, 7, 1, 2, 1, 1, '', NULL, NULL),
	(1266, '	TA1191', 'RUIRUCANCHA', '', '', 'CALLE RUIRUCANCHA LT.46 CAS PUJIN', 348, 33, 33, 3, 1, 2, '	', '', '', '', '', '', '', 49, 7, 1, 2, 1, 1, '', NULL, NULL),
	(1267, '	TP40992', 'NAT TALARA P2', '', '', '', 348, 380, 33, 9, 1, 1, '	', '', '', '', '', '', '', 49, 7, 4, 12, 6, 1, '', NULL, NULL),
	(1268, '	TP40991', 'NAT TALARA P1', '', '', '', 348, 380, 33, 9, 1, 1, '	', '', '', '', '', '', '', 49, 7, 4, 12, 6, 1, '', NULL, NULL),
	(1269, '	TA0316', 'LABORPAMPA', '', '', 'Predio de la Comunidad Campesina de Recuayhuanca', 348, 356, 33, 3, 1, 2, '	', '', '', '', '', '', '50338020', 2, 7, 1, 2, 2, 1, '', NULL, NULL),
	(1270, '	TJ1055', 'HUALANGA', '', '', 'CCPP HUALANGA', 348, 6, 33, 1, 1, 2, '	', '', '', '', '', '', '18283274', 2, 7, 1, 2, 1, 1, '', NULL, NULL),
	(1271, '	TL2009', 'NUEVA ARICA', '', '', 'Pueblo Tradicional Nueva Arica', 348, 357, 33, 7, 1, 1, '	', '', '', '', '', '', '', 49, 1, 1, 1, 1, 1, '', NULL, NULL),
	(1272, '	TJ5113', 'SEDE TRUJILLO', '', '', 'AV LARCO 847', 348, 25, 33, 1, 1, 1, '	', '', '', '', '', '', '', 49, 7, 1, 5, 1, 1, '', NULL, NULL),
	(1273, '	TC0065', 'LA MISA', '', '', 'CERRO LA CORONILLA S/N', 348, 280, 33, 6, 1, 2, '	02:00', '', '', '', '', '', '', 49, 1, 1, 8, 1, 1, '', NULL, NULL),
	(1274, '	TC0063', 'EL PALMO', '', '', 'CERRO EL HUARUMBO S/N, CASERIO EL SURO', 348, 358, 33, 6, 1, 2, '	', '', '', '', '', '', '', 49, 1, 1, 8, 1, 1, '', NULL, NULL),
	(1275, '	TM4131', 'CAMPO  REDONDO', '', '', 'CENTRO POBLADO CAMPOREDONDO', 348, 36, 33, 6, 1, 2, '	', '', '', '', '', '', '36478201', 4, 1, 1, 8, 1, 1, '', NULL, NULL),
	(1276, '	TA3459', 'COSTA BLANCA', '', '', 'MZ G LT. 25 A.H. SAN FRANCISCO DE ASIS', 348, 17, 33, 2, 1, 1, '	', '', '', '', '', '', '59920899', 1, 1, 1, 2, 1, 1, '', NULL, NULL),
	(1277, '	TT5528', 'PLAYA ZORRITIOS', '', '', 'LA TUSILLA, SITIO PUBLICO ALREDEDOR DE ARBOLES', 348, 59, 33, 4, 1, 1, '	', '', '', '', '', '', '', 49, 7, 1, 2, 1, 1, '', NULL, NULL),
	(1278, '	TJ0433', 'HUSARES', '', '', 'PREDIO DENOMINADO LA HUERTA', 348, 251, 33, 1, 1, 1, '	', '', '', '', '', '', '', 49, 1, 1, 8, 2, 1, '', NULL, NULL),
	(1279, '	TP4398', 'TAMARINDO', '', '', 'LOTE 8, MZ 41 SECTOR TAMARINDO.', 348, 359, 33, 9, 1, 1, '	', '', '', '', '', '', '', 49, 7, 1, 1, 2, 1, '', NULL, NULL),
	(1280, '	TA5525', 'BUENAVISTA', '', '', 'VI BUENAVISTA', 348, 247, 33, 2, 1, 1, '	', '', '', '', '', '', '70407484', 1, 1, 1, 2, 1, 1, '', NULL, NULL),
	(1281, '	TJ0432', 'NUEVO HORIZONTE ', '-8.04985', '-79.08004', 'ASOCIACION DE VIVIENDA VIRGEN DEL SOCORRO', 348, 40, 33, 1, 1, 1, '	', '', '', '', '', '', '', 49, 7, 1, 2, 1, 1, '', NULL, NULL),
	(1282, '	TP0448', 'AV. VILLA CHULUCANAS', 'no', '', 'MZ P3 LT 19 AAHH CIUDAD DEL NIÑO', 348, 19, 33, 9, 1, 1, '	', '', '', '', '', '', '', 49, 7, 1, 2, 1, 1, '', NULL, NULL),
	(1283, '	TL0019', 'AV GRAU PICSI', '', '', 'Av.Grau 576', 348, 271, 33, 7, 1, 1, '	', '', '', '', '', '', '39266103', 5, 1, 1, 8, 1, 1, '', NULL, NULL),
	(1284, '	TA4241', 'NAT ANTAMINA 2', '', '', 'CIA MINERA ANTAMINA', 348, 33, 33, 3, 1, 2, '	', '', '', '', '', '', '', 49, 1, 1, 3, 1, 1, '', NULL, NULL),
	(1285, '	TL0073', 'CIUDAD DE DIOS', '', '', 'MZ I LT4 ¿ ASENTAMIENTO HUMANO CIUDAD DE DIOS', 348, 67, 33, 7, 1, 1, '	', '', '', '', '', '', '', 49, 7, 1, 2, 1, 1, '', NULL, NULL),
	(1286, '	TA3262', 'RUMBERO', '', '', 'AAHH HABILITACION URBANA PROGRESIVA EL SATELITE MV, LOTE 01', 348, 17, 33, 2, 1, 1, '	', '', '', '', '', '', '', 49, 7, 1, 2, 1, 1, '', NULL, NULL),
	(1287, '	TL0008', 'JAYANCA CENTRO', '', '', 'Calle Grau 548', 348, 192, 33, 7, 1, 1, '	', '', '', '', '', '', '', 49, 1, 1, 10, 1, 1, '', NULL, NULL),
	(1288, '	TJ6262', 'TRUCK DANPER VENTUROSA', '', '', 'TERRENO AGROINDUSTRIAL DAMPER AGRÍCOLA LA VENTUROSA', 348, 109, 33, 7, 1, 1, '	', '', '', '', '', '', '', 49, 7, 1, 2, 1, 1, '', NULL, NULL),
	(1289, '	TC0230', 'NAT SAN FELIPE  PUEBLO', '', '', 'AV. SAN FELIPE S/N (A 2 CUADRAS DE SU PLAZA DE ARMAS)', 348, 211, 33, 6, 1, 2, '	', '', '', '', '', '', '', 49, 1, 1, 2, 1, 1, '', NULL, NULL),
	(1290, '	TP6202', 'SAGA FALABELLA PIURA', '', '', 'CL AREQUIPA CDRA 8 CON CL HUANCAVELICA CDRA 5', 242, 15, 33, 9, 1, 1, '	', '', '', '', '', '', '', 49, 4, 1, 1, 1, 1, '', NULL, NULL),
	(1291, '	TP0067', 'LA BOCANA NUEVA ', '', '', 'COMUNIDAD CAMPESINA MIRAMAR', 348, 360, 13, 9, 1, 1, '	', '', '', '', '', '', '18078157', 3, 1, 1, 2, 1, 8, '', NULL, NULL),
	(1292, '	TP2004', 'SAN CRISTO', '-5.497708', '-80.74333', 'MZ G1 - LOTE 1, LADO SUR EXPANSIÓN DE SAN CRISTO', 348, 361, 33, 9, 1, 1, '	', '', '', '', '', '', '18300310', 3, 1, 1, 2, 1, 8, '', NULL, NULL),
	(1293, '	TJ2486', 'ESTADIO VICTOR RAUL', '', '', 'Calle Jose Maria Heredia', 348, 2, 40, 1, 1, 1, '	', '', '', '', '', '', '', 49, 1, 1, 2, 1, 8, '', NULL, NULL),
	(1294, '	TM4951', 'WAWA', '', '', 'JR SARGENTO LORES 215', 348, 130, 33, 6, 1, 3, '	', '', '', '', '', '', '90425130', 4, 7, 1, 2, 2, 8, '', NULL, NULL),
	(1295, '	TT6343', 'NAT PLAYA ZORRITOS', '', '', '', 348, 380, 40, 4, 1, 1, '	', '', '', '', '', '', '', 49, 7, 4, 12, 6, 8, '', NULL, NULL),
	(1296, '	TL2960', 'LA PRADERA', '-6.778848', '-79.879929', 'Av. La pradera S/N', 348, 288, 33, 7, 1, 1, '	', '', '', '', '', '', '', 49, 1, 1, 8, 1, 8, '', NULL, NULL),
	(1297, '	TL5041', 'MESONES MURO', '', '', 'AV. REAL S/N DE MESONES MURO LT 9A MZ B', 348, 362, 33, 7, 1, 1, '	', '', '', '', '', '', '', 49, 1, 1, 2, 1, 8, '', NULL, NULL),
	(1298, '	TL2008', 'LAS VEGAS', '', '', 'LOTE 10 MZ E-1, C.P SAN FRANCISCO DE ASI', 348, 23, 33, 7, 1, 1, '	', '', '', '', '', '', '40488463', 49, 1, 1, 2, 1, 8, '', NULL, NULL),
	(1299, '	TA5011', 'PLAZA POMABAMBA', '', '', 'CENTRO POBLADO POMABAMBA MZ Y1 LT 9', 348, 277, 40, 3, 1, 2, '	', '', '', '', '', '', '71504956', 2, 1, 1, 2, 1, 8, '', NULL, NULL),
	(1300, '	TJ5L166', 'NAT PUERTO MALABRIGO P1', '-7.7036799', '-79.4425659', '', 348, 380, 40, 1, 1, 1, '	', '', '', '', '', '', '', 2, 7, 4, 12, 6, 8, '', NULL, NULL),
	(1301, '	TA3878', 'CHIPTA', '-9.5662201', '-77.0813948', 'SAN MARCOS, COMUNIDAD CHIPTA', 348, 33, 40, 3, 1, 2, '	', '', '', '', '', '', '', 49, 1, 1, 12, 1, 8, '', NULL, NULL),
	(1302, '	TP0451', 'URB LAS PALMERAS', '', '', 'AV. PROGRESO S/N ¿ AQUALANDIA (PARQUE ACUÁTICO)', 348, 19, 33, 9, 1, 1, '	', '', '', '', '', '', '', 49, 7, 1, 2, 1, 8, '', NULL, NULL),
	(1303, '	TP0710', 'CANAL DE REGADILLO', '-5.182912', '-80.600338', 'CALLE LOS GIRASOLES, LOTE 18, MZ. E, AAHH TACALA II SECTOR', 348, 19, 40, 9, 1, 1, '	', '', '', '', '', '', '17774920', 3, 7, 1, 1, 2, 8, '', NULL, NULL),
	(1304, '	TP1031', 'ECO ACUICOLA', '', '', 'CARRETERA CHAPAIRA S/N', 348, 19, 40, 9, 1, 1, '	', '', '', '', '', '', '', 49, 1, 1, 1, 1, 8, '', NULL, NULL),
	(1305, '	TA56341', 'NAT YAUTAN', '', '', '', 348, 380, 40, 2, 1, 1, '	', '', '', '', '', '', '58982331', 1, 7, 4, 12, 6, 1, '', NULL, NULL),
	(1306, '	TJ4096', 'NUEVO HORTIFRUT', '', '', 'AUXILIAR PANAMERICANA NORTE 8, 13630, MZ.I, LT.1, PLANTA DE REFRIGERACION DE EMPRESA HORTIFRUT', 348, 106, 33, 1, 1, 1, '	', '', '', '', '', '', '', 49, 7, 1, 2, 1, 8, '', NULL, NULL),
	(1307, '	CAC_CHIMBOTE', 'CAC CHIMBOTE', '', '', '', 348, 380, 33, 2, 1, 1, '	', '', '', '', '', '', '49565456', 2, 7, 4, 12, 6, 8, '', NULL, NULL),
	(1308, '	TM3987', 'IMAZA', '', '', 'SECTOR BARIO ALTO', 348, 338, 33, 8, 1, 3, '	', '', '', '', '', '', '36479388', 4, 1, 1, 11, 1, 8, '', NULL, NULL),
	(1309, '	TJL52048C2', 'Nat Antonio Marios', '', '', '', 348, 380, 12, 1, 1, 1, '	', '', '', '', '', '', '', 49, 7, 4, 12, 6, 8, '', NULL, NULL),
	(1310, '	TC5705', 'OSCOL', '', '', 'CENTRO POBLADO HAYTO - CERRO OSCOL', 348, 92, 33, 5, 1, 2, '	', '', '', '2:30', '', '', '70134681', 2, 1, 1, 2, 1, 8, '', NULL, NULL),
	(1311, '	TL5387', 'ABANTO', '', '', 'AV JUAN TOMIS STACK S/N (EX AV PACIFICO) - SEDE DEL ARCHIVO DEL GOBIERNO REGIONAL DE LAMBAYEQUE', 348, 23, 40, 7, 1, 1, '	', '', '', '', '', '', '', 49, 7, 1, 2, 2, 8, '', NULL, NULL),
	(1312, '	TJ3465', 'CONACHE', '', '', 'CONACHE', 348, 75, 33, 1, 1, 1, '	', '', '', '', '', '', '69294548', 1, 1, 1, 2, 1, 8, '', NULL, NULL),
	(1313, '	TC0099', 'VILLA FLORIDA', '6.77488S', '79.012333W', 'VILLA_FLORIDA', 348, 335, 33, 10, 1, 2, '	', '', '', '', '', '', '', 49, 1, 1, 8, 1, 8, '', NULL, NULL),
	(1314, '	TA5008', 'SANTA', '-8.9855S', '-78.6116W', 'PZ SANTA', 348, 302, 33, 2, 1, 1, '	', '', '', '', '', '', '71608048', 1, 1, 1, 2, 1, 1, '', NULL, NULL),
	(1315, '	TA5015', 'HUARMEY CENTRO', '', '', 'PASAJE RICAROD PALMA MZ H LOTE 5', 348, 96, 33, 2, 1, 1, '	', '', '', '', '', '', '', 49, 1, 1, 2, 1, 8, '', NULL, NULL),
	(1316, '	TC0453', 'URB LOS ANGELES', '', '', 'CALLE ANTONIO RAYMONDI S/N - URB. LAS FLORES', 348, 168, 33, 6, 1, 3, '	', '', '', '', '', '', '', 49, 1, 1, 2, 1, 8, '', NULL, NULL),
	(1317, '	TA5247', 'MALECON GRAU', '-9.0754S', '-78.5996W', 'JR MALECON GRAU, LOTE C, ZONA CASCO URBANO', 348, 247, 33, 2, 1, 1, '	', '', '', '', '', '', '71462382', 2, 1, 1, 2, 1, 8, '', NULL, NULL),
	(1318, '	TJ4304', 'CHAO 2', '-8.544148', '-78.68221', 'CL SAN MARTIN S/N', 348, 106, 40, 1, 1, 1, '	', '', '', '', '', '', '40004286', 49, 1, 1, 8, 1, 1, '', NULL, NULL),
	(1319, '	TC5042', 'SEÑOR DE HUAMANTANGA JAEN', '', '', 'AV. CINCUNVALACION MZ H LT 17', 348, 168, 33, 6, 1, 3, '	', '', '', '', '', '', '', 49, 1, 1, 2, 1, 8, '', NULL, NULL),
	(1320, '	TM2485', 'TERMINAL BAGUA', '', '', 'JR. MIRAFLORES 00502 SEC. 18 DE ENERO - BAGUA CENTRO', 348, 42, 12, 8, 1, 3, '	', '', '', '', '', '', '3828', 49, 1, 1, 2, 1, 8, '', NULL, NULL),
	(1321, '	TJ6108', 'TALENTOS P4', '', '', 'CALLE REAL MZ F LOTE 44-A, SECTOR BARRIO NUEVO', 348, 124, 40, 1, 1, 1, '	', '', '', '', '', '', '70338565', 1, 1, 1, 2, 1, 8, '', NULL, NULL),
	(1322, '	TL3469', 'HOMECENTER CIX INDOOR ', '', '', 'AV AV PANAMERICANA N° 639, FUNDO SAN ISIDRO - CHICLAYO - LAMBAYEQUE (MALL AVENTURA) 639', 348, 23, 33, 7, 1, 1, '	', '', '', '', '', '', '', 49, 1, 1, 2, 1, 8, '', NULL, NULL),
	(1323, '	TC0436', 'MERCADO MODELO CELENDIN', '', '', 'CALLE AREQUIPA Nº 803 - CELENDIN', 348, 93, 40, 5, 1, 2, '	', '', '', '', '', '', '', 49, 7, 1, 2, 1, 8, '', NULL, NULL),
	(1324, '	TAL56334C1', 'NAT EL HUERTO', '', '', '', 348, 380, 12, 2, 1, 1, '	', '', '', '', '', '', '61290373', 1, 7, 4, 12, 6, 8, '', NULL, NULL),
	(1325, '	TP0447', 'AH VATE MANRIQUE', '', '', 'CHULUCANAS S/N', 348, 121, 33, 9, 1, 1, '	', '', '', '', '', '', '', 49, 7, 1, 2, 1, 8, '', NULL, NULL),
	(1326, '	Nat Santa Lucía', '', '-7.4188058', '-79.5143689', '', 348, 380, 12, 1, 1, 1, '	', '', '', '', '', '', '', 49, 7, 4, 12, 6, 8, '', NULL, NULL),
	(1327, '	TA5023', 'ACOPAMPA', '', '', 'PREDIO RUSTICO DENOMINADO COTU PAMPA U.C. 63668', 348, 363, 40, 3, 1, 2, '	', '', '', '', '', '', '', 49, 1, 1, 2, 1, 8, '', NULL, NULL),
	(1328, '	TA3959', 'SANTA ROSA', '', '', 'TERRENO DE LA COMUNIDAD CAMPESINA DE AQUIA', 348, 353, 33, 3, 1, 2, '	', '', '', '', '', '', '70124845', 2, 7, 1, 2, 1, 8, '', NULL, NULL),
	(1329, '	TA2575', 'PACHAPAQUI', '', '', 'CCPP PACHAPAQUI', 348, 353, 33, 3, 1, 2, '	', '', '', '', '', '', '69849330', 1, 7, 1, 2, 1, 8, '', NULL, NULL),
	(1330, '	TA3929', 'VISTA ALEGRE', '', '', 'TERRENO DE LA COMUNIDAD CAMPESINA DE AQUIA', 348, 353, 33, 3, 1, 2, '	', '', '', '', '', '', '', 49, 7, 1, 2, 1, 8, '', NULL, NULL),
	(1331, '	TC0083', 'SAN PABLO DE TOCAQUILLO', '', '', 'CASERIO SAN PABLO DE TOCAQUILLO CALLE S/N', 348, 8, 40, 6, 1, 3, '	', '', '', '', '', '', '', 49, 1, 1, 2, 1, 8, '', NULL, NULL),
	(1332, '	TP0097', 'HIGUERON', '', '', 'CARRETERA PANAMERICANA S/N', 348, 264, 40, 9, 1, 2, '	', '', '', '', '', '', '18445354', 3, 1, 1, 2, 1, 8, '', NULL, NULL),
	(1333, '	TL3527', 'SR DE LOS MILAGROS', '-6.7221161', '-79.9260491', 'CL Señor de los Milagros 000', 348, 161, 40, 7, 1, 1, '	', '', '', '', '', '', '', 1, 1, 1, 1, 1, 8, '', NULL, NULL),
	(1334, '	TC0056', 'HUARANGO', '', '', 'CENTRO POBLADO HUARANGO', 348, 117, 40, 6, 1, 2, '	', '', '', '', '', '', '', 49, 1, 1, 2, 1, 8, '', NULL, NULL),
	(1335, '	TJ5097', 'NAT CHEPEN POSTE 2', '-7.2079568', '-79.4273938', 'AV. GONZALES CACEDA 131 - AV. PRINCIPAL', 60, 109, 12, 1, 1, 1, '	', '', '', '', '', '', '71604085', 1, 1, 1, 1, 1, 8, '	ACCESO EN HORARIOS DEFINIDOS, DIFICULTAD SABADOS Y DOMINGOS	 ', NULL, NULL),
	(1336, '	TJ5097', 'NAT CHEPEN POSTE 1', '-7.217002', '-79.4305553', 'AV. GONZALES CACEDA 131 - AV. PRINCIPAL', 60, 109, 12, 1, 1, 1, '	', '', '', '', '', '', 'BT6', 49, 1, 1, 1, 1, 8, '	ACCESO EN HORARIOS DEFINIDOS, DIFICULTAD SABADOS Y DOMINGOS	 ', NULL, NULL),
	(1337, '	TT0487', 'PEZ ESPADA', '', '', '', 348, 380, 40, 4, 1, 1, '	', '', '', '', '', '', '', 49, 7, 4, 12, 6, 8, '', NULL, NULL),
	(1338, '	TA2226', 'AQUIA', '-10.07356048', '-77.14540567', 'CCPP AQUIA', 348, 353, 40, 3, 1, 2, '	', '', '', '', '', '', '', 49, 7, 1, 2, 1, 8, '', NULL, NULL),
	(1339, '	TC0090', 'BARRANCO', '-6.409402', '-78.763617', '"TERRENO MESARUMEN ESTANCIA DE BARRANCO"', 348, 364, 40, 5, 1, 2, '	', '', '', '', '', '', '', 49, 1, 1, 2, 1, 8, '', NULL, NULL),
	(1340, '	TC0047', 'MARAYPATA', '', '', 'TERRENO UBICADO EN MARAIPATA DENOMINADO SUROMONTE', 348, 93, 40, 5, 1, 2, '	', '', '', '', '', '', '71975495', 2, 1, 1, 2, 1, 8, '', NULL, NULL),
	(1341, '	TA5506', 'MACRAY BAJO', '', '', 'CCPP MACRAY BAJO', 348, 365, 33, 3, 1, 2, '	', '', '', '', '', '', '', 49, 7, 1, 2, 1, 8, '', NULL, NULL),
	(1342, '	TC0077', 'ALTO SOGORON', '', '', 'AG CERRO COÑOR PUNTA', 348, 80, 33, 5, 1, 2, '	', '', '', '', '', '', '71995077', 1, 1, 1, 2, 1, 8, '', NULL, NULL),
	(1343, '	TC5044', 'CRISTO REY', '', '', 'CASERIO PREDIO CRISTO REY LOTE 02', 348, 46, 33, 5, 1, 2, '	', '', '', '', '', '', '', 49, 7, 1, 2, 1, 8, '', NULL, NULL),
	(1344, '	TC2007', 'SAN PABLO CENTRO', '', '', 'JIRON LIMA N°360', 348, 305, 40, 5, 1, 2, '	', '', '', '', '', '', '71495900', 2, 1, 1, 2, 1, 8, '', NULL, NULL),
	(1345, '	TA5021', 'YURACOTO', '', '', 'SUB LOTE 2, UBICADO EN LA TROCHA CARROZABLE, BARRIO / SECTOR YANAHUARA', 348, 77, 33, 3, 1, 2, '	', '', '', '', '', '', '71564130', 1, 1, 1, 2, 1, 8, '', NULL, NULL),
	(1346, '	TJ5330', 'ENTRADA HUAMACHUCO', '', '', 'JR. LIMA 117', 348, 134, 33, 1, 1, 2, '	', '', '', '', '', '', '', 49, 1, 1, 2, 1, 8, '', NULL, NULL),
	(1347, '	TP0103', 'LOS PULACHE', '', '', 'EX PREDIO PROGRESO ALTO Y SANTA ANA', 348, 19, 34, 9, 1, 1, '	', '', '', '', '', '', '', 49, 1, 1, 2, 1, 8, '', NULL, NULL),
	(1348, '	TP0068', 'CORDILLERA', '', '-5.450836', 'CASERIO LA CORDILLERA S/N', 348, 49, 33, 9, 1, 1, '	', '', '', '', '', '', '', 49, 7, 1, 2, 1, 8, '', NULL, NULL),
	(1349, '	TL0010', 'TUCUME CENTRO', '', '', 'MZ 01 LT 22 PROLONGACIÓN DE LA CALLE LOS INCAS.', 348, 189, 40, 7, 1, 1, '	', '', '', '', '', '', '', 49, 1, 1, 2, 1, 8, '', NULL, NULL),
	(1350, '	TC0088', 'TRIUNFO', '', '', '"DENOMINDA LOS SERESOS CASERIO LOS NARANJOS"', 348, 117, 40, 6, 1, 2, '	', '', '', '', '', '', '', 49, 1, 1, 2, 1, 8, '', NULL, NULL),
	(1351, '	TC0086', 'MANO DE LA VIRGEN', '', '', 'PARCELA EL FAIQUE', 348, 181, 40, 6, 1, 2, '	', '', '', '', '', '', '', 49, 1, 1, 2, 1, 8, '', NULL, NULL),
	(1352, '	TC0056', 'HUAREANGO', '', '', 'CENTRO POBLADO HUARANGO', 348, 117, 40, 6, 1, 2, '	', '', '', '', '', '', '', 49, 1, 1, 2, 1, 8, '', NULL, NULL),
	(1353, '	TC0091', 'NUEVO ORIENTE (IMPLEMENTACIÓN)', '', '', 'CP LA HUACA MZ 0 LT 0', 348, 50, 33, 6, 1, 2, '	', '', '', '', '', '', '36485008', 4, 1, 1, 2, 1, 8, '', NULL, NULL),
	(1354, '	TT1331', 'NAT CANCAS', '', '', 'CA CERRO S/N', 348, 72, 40, 4, 1, 1, '	', '', '', '', '', '', '', 49, 7, 1, 2, 1, 8, '', NULL, NULL),
	(1355, '	TP2000', 'ENCANTADA', '', '', 'CENTRO POBLADO PUEBLO ENCANTADA MZ. W LOTE 22', 348, 121, 40, 9, 1, 2, '	', '', '', '', '', '', '18283013', 49, 1, 1, 2, 1, 8, '', NULL, NULL),
	(1356, '	TJ0144', 'BUENOS AIRES ', '', '', '"AV. CEMENTERIO MUNICIPAL MACHE"', 348, 366, 33, 1, 1, 2, '	', '', '', '', '', '', '', 47, 1, 1, 2, 1, 1, '', NULL, NULL),
	(1357, '	TL0106', 'PUEBLO NUEVO', '', '', 'CP PUEBLO NUEVO MZ A LT - (CASERIO PUEBLO NUEVO DE TONGORRAPE MZ. A S/N)', 348, 245, 33, 7, 1, 1, '	', '', '', '', '', '', '', 49, 1, 1, 2, 1, 8, '', NULL, NULL),
	(1358, '	TP1027', 'NAT SEÑOR CAUTIVO', '', '', '', 348, 380, 12, 9, 1, 2, '	', '', '', '', '', '', '18020058', 3, 7, 4, 12, 6, 8, '', NULL, NULL),
	(1359, '	TP61797', 'NAT SECHURA P3', '', '', '', 348, 380, 12, 9, 1, 1, '	', '', '', '', '', '', '18002981', 3, 7, 4, 12, 6, 8, '', NULL, NULL),
	(1360, '	TP61796', 'NAT SECHURA P2', '', '', '', 348, 380, 12, 9, 1, 1, '	', '', '', '', '', '', '18002909', 3, 7, 4, 12, 6, 8, '', NULL, NULL),
	(1361, '	TP00747', 'NAT PIURA P9', '', '', '', 348, 380, 12, 9, 1, 1, '	', '', '', '', '', '', '18004251', 3, 7, 4, 12, 6, 8, '', NULL, NULL),
	(1362, '	TP61665', 'NAT PIURA P2', '', '', '', 348, 380, 12, 9, 1, 1, '	', '', '', '', '', '', '18004260', 3, 7, 4, 12, 6, 8, '', NULL, NULL),
	(1363, '	TP61665', 'NAT PIURA P3', '', '', '', 348, 380, 12, 9, 1, 1, '	', '', '', '', '', '', '18004289', 3, 7, 4, 12, 6, 8, '', NULL, NULL),
	(1364, '	TP61675', 'NAT PIURA P5', '', '', '', 348, 380, 12, 9, 1, 1, '	', '', '', '', '', '', '18007128', 3, 7, 4, 12, 6, 8, '', NULL, NULL),
	(1365, '	TA4240', 'NAT ANTAMINA', '', '', 'Campamento Yanacancha / Antamina', 348, 33, 33, 3, 1, 2, '	', '', '', '', '', '', '', 9, 7, 1, 1, 1, 8, '', NULL, NULL),
	(1366, '	TP5047', 'HUANGALA', '', '', 'CENTRO POBLADO HUANGALA, DISTRITO DE SULLANA', 348, 24, 33, 9, 1, 2, '	', '', '', '', '', '', '18283274', 3, 1, 1, 2, 1, 8, '', NULL, NULL),
	(1367, '	TP0104', 'Chalacala_Alta', '-80.55295', '-4.788253', 'TROCHA CARROSABLE DEL CANAL DANIEL ESCOBAR S/N', 348, 24, 33, 9, 1, 2, '	', '', '', '', '', '', '', 49, 1, 1, 2, 1, 8, '', NULL, NULL),
	(1368, '	TC0087', 'Chisigle', '', '', 'CP CHISIGLE', 348, 282, 33, 10, 1, 2, '	', '', '', '', '', '', '', 49, 1, 1, 2, 1, 8, '', NULL, NULL),
	(1369, '	TJ09015', 'NAT CHAO SUR P1', '-8.569766', '-78.668614', '', 348, 380, 40, 1, 1, 1, '	', '', '', '', '', '', '17700525', 49, 7, 4, 12, 6, 1, '', NULL, NULL),
	(1370, '	TC0079', 'AHIJADERO', '', '', 'CP AHIJADERO BAJO DE LACAMACA', 348, 44, 33, 10, 1, 2, '	', '', '', '', '', '', '40647040', 5, 1, 1, 2, 1, 8, '', NULL, NULL),
	(1371, '	TP5048', 'HUANCABAMBA CENTRO', '', '', 'CALLE GRAU N°605', 348, 175, 33, 9, 1, 2, '	', '', '', '', '', '', '18366887', 3, 1, 1, 2, 1, 8, '', NULL, NULL),
	(1372, '	TP2490', 'SALIDA MANCORA', '', '', 'CL SANTA ROSA S/N', 348, 231, 33, 4, 1, 1, '	', '', '', '', '', '', '', 49, 1, 1, 2, 1, 8, '', NULL, NULL),
	(1373, '	TP0980', 'MANCORA VICHAYITO ', '', '', 'PANAMERICANA ANTIGUA A 5.2 KM DE INTERSECCION PANAMERICANA NUEVA (DESVIO PUENTE MANCORA)', 348, 228, 33, 4, 1, 1, '	', '', '', '', '', '', '', 49, 1, 1, 2, 1, 8, '', NULL, NULL),
	(1374, '	TP0094', 'CRUZ DE PIEDRA', '', '', '"CENTRO PICHANA. FUNDO SAN MARTIN DE CONGOÑA. CCPP SANTA TERESA"', 348, 185, 40, 9, 1, 2, '	', '', '', '', '', '', '', 49, 1, 1, 2, 1, 8, '', NULL, NULL),
	(1375, '	TP0101', 'PUERTA PULACHES', '-4.728653', '-80.1796O', 'CENTRO POBLADO PUERTA PULACHE', 348, 205, 33, 9, 1, 2, '	', '', '', '', '', '', '', 49, 1, 1, 2, 1, 8, '', NULL, NULL),
	(1376, '	TP0055', 'CHIPILLICO', '-4.75831', '-80.12857', 'SECTOR MANZANAL CP CHIPILLICO', 348, 205, 40, 9, 1, 2, '	', '', '', '', '', '', '18434388', 3, 1, 1, 2, 1, 8, '', NULL, NULL),
	(1377, '	TJ0262', 'YAMOBAMBA', '', '', 'CA 3N CP YAMOBAMBA (UBIC. RUR. FINCA RUSTICA FUNDO PREDIO DENOMINADO YAMOBAMBA - HUAMACHUCO)', 348, 134, 40, 1, 1, 2, '	', '', '', '', '', '', '', 49, 1, 1, 2, 1, 8, '', NULL, NULL),
	(1378, '	TP0095', 'CUYAS LA SELVA', '', '', 'CENTRO POBLADO CUYAS LA SELVA – CC CUYAS CUCHAYO', 348, 41, 40, 9, 1, 2, '	', '', '', '', '', '', '18442334', 3, 1, 1, 2, 1, 8, '', NULL, NULL),
	(1379, '	TP0102', 'EL CARMEN', '-4.99166', '-80.40456', 'CP EL CARMEN - COMUNIDAD CAMPESINA MZ 0 LT 0', 348, 136, 40, 9, 1, 2, '	', '', '', '', '', '', '18528958', 3, 1, 1, 2, 1, 8, '', NULL, NULL),
	(1380, '	TP5053', 'LOS LORITOS', '', '', 'AH PRIMERO DE JUNIO SECTOR B - PAITA, PIURA MZ V LT 5', 348, 158, 33, 9, 1, 2, '	', '', '', '', '', '', '18501284', 49, 7, 1, 2, 1, 8, '', NULL, NULL),
	(1381, '	tc0093', 'HUAQUILLO', '', '', '', 348, 214, 33, 6, 1, 2, '	', '', '', '', '', '', '', 49, 1, 1, 2, 1, 8, '', NULL, NULL),
	(1382, '	TC0084', 'GRAMALOTAL', '-5.533561', '-78.928154', 'CERRO HUARANGUILLO', 348, 367, 33, 6, 1, 2, '	', '', '', '', '', '', '35484758', 4, 1, 1, 2, 1, 8, '', NULL, NULL),
	(1383, '	TC0082', 'LA SERMA', '', '', '"AV MARAÑON SN CASERIO LA SERMA"', 348, 8, 33, 6, 1, 3, '	', '', '', '', '', '', '', 49, 1, 1, 2, 1, 8, '', NULL, NULL),
	(1384, '	TPL363777', 'NAT SALIDA AYABACA', '-4.6322', '-79.7149', '', 348, 380, 12, 9, 1, 2, '	', '', '', '', '', '', '', 49, 7, 4, 12, 6, 8, '', NULL, NULL),
	(1385, '	TC0081', 'Sumidero', '', '', 'CP SUMIDERO', 348, 142, 33, 10, 1, 2, '	', '', '', '', '', '', '', 49, 1, 1, 2, 1, 8, '', NULL, NULL),
	(1386, '	TP0100', 'CHUNGAYO', '', '', '"PREDIO EL CHIVATO.\nSECTOR VIRGEN DE LA PUERTA.\nVALLE ALTO PIURA"', 348, 368, 33, 9, 1, 2, '	', '', '', '', '', '', '18450668', 3, 1, 1, 2, 1, 8, '', NULL, NULL),
	(1387, '	TP2005', 'SOMATE BAJO', '-4.736947', '-80.525219', 'CENTRO POBLADO SOMATE BAJO MZ 44 LT 14', 348, 24, 33, 9, 1, 2, '	', '', '', '', '', '', '18300212', 3, 1, 1, 2, 1, 8, '', NULL, NULL),
	(1388, '	TP0075', 'DOS PUEBLOS', '', '', 'AV PERU SN - CP DOS PUEBLOS', 348, 369, 33, 9, 1, 2, '	', '', '', '', '', '', '', 49, 7, 1, 2, 1, 8, '', NULL, NULL),
	(1389, '	TP0096', 'ARADA BAJA (implementación)', '', '-4.5764', 'LOMAS DE SEGUICHE S/N', 348, 370, 33, 9, 1, 2, '	', '', '', '', '', '', '', 49, 1, 1, 2, 1, 8, '', NULL, NULL),
	(1390, '	TJ3461', 'C26', '', '', 'AV PACHACAMAC CON CALLE C26', 348, 2, 40, 1, 1, 1, '	', '', '', '', '', '', '', 49, 1, 1, 2, 1, 8, '', NULL, NULL),
	(1391, '	TL2959', 'San_Agustin', '', '-6.806205', 'CALLE ERMITA 2 S/N', 348, 82, 40, 7, 1, 1, '	', '', '', '', '', '', '', 49, 1, 1, 2, 1, 8, '', NULL, NULL),
	(1392, '	TC0053', 'Cumbelirio', '', '', 'ESTANCIA DEL CUMBE LIRIO DENOMINADO GONDORCHUGO, LOMA GRANDE', 348, 44, 33, 10, 1, 2, '	', '', '', '', '', '', '', 49, 7, 1, 2, 1, 8, '', NULL, NULL),
	(1393, '	TC5045', 'CASHAPAMPA', '', '', 'PREDIO AGOPAMPA ALTO S/N', 348, 7, 33, 5, 1, 2, '	', '', '', '', '', '', '72135730', 49, 7, 1, 2, 1, 8, '', NULL, NULL),
	(1394, '	TA0533', 'LAS FLORES', '', '', 'CARRETERA HACIA PY CHINECAS', 348, 247, 33, 2, 1, 1, '	', '', '', '', '', '', '72033516', 2, 1, 1, 2, 1, 8, '', NULL, NULL),
	(1395, '	TM0174', 'EL TRIUNFO 2', '', '', 'AG S/N DEL CENTRO POBLADO SAN PEDRO DE LA PAPAYA MZ 0 LT 0', 348, 371, 33, 8, 1, 3, '	', '', '', '', '', '', '', 49, 1, 1, 2, 1, 8, '', NULL, NULL),
	(1396, '	TC0085', 'SEÑOR CAUTIVO', '', '', 'PARCELA DENOMINADA EL ACERILLO"', 348, 168, 33, 6, 1, 2, '	', '', '', '', '', '', '', 49, 1, 1, 2, 1, 8, '', NULL, NULL),
	(1397, '	TC0089', 'LLANGODEN ALTO', '', '', 'LOS LANCHES MOCHOS', 348, 210, 33, 10, 1, 2, '	', '', '', '', '', '', '', 49, 1, 1, 2, 1, 8, '', NULL, NULL),
	(1398, '	TC0048', 'LANCHE', '-6.376054°', '-78.864469°', 'CP LANCHE', 348, 142, 33, 10, 1, 2, '	', '', '', '', '', '', '', 49, 1, 1, 2, 1, 8, '', NULL, NULL),
	(1399, '	TJ0403', 'LA MARIPOSA', '', '', '"PARCELA 133 PREDIO CAMPO REDONDO VALLE DEL JEQUTEPEQUE"', 348, 162, 33, 1, 1, 1, '	', '', '', '', '', '', '', 49, 1, 1, 2, 1, 8, '', NULL, NULL),
	(1400, '	TC0092', 'MESARUME (IMPLEMENTACIÓN)', '', '', 'CCPP MESARUME', 348, 372, 33, 6, 1, 2, '	', '', '', '', '', '', '', 49, 1, 1, 2, 1, 8, '', NULL, NULL),
	(1401, '	TJ0268', 'CABALLO MUERTO', '-8.07283', '-78.933036', 'AV AV. 02 S/N, LA ESPERANZA 6 (CERRO COMPARTICION)', 348, 75, 33, 1, 1, 1, '	', '', '', '', '', '', '', 49, 7, 1, 2, 1, 8, '', NULL, NULL),
	(1402, '	TA36401', 'NAT SIERRA HERMOSA P1', '-9.512807', '-77.532449', '', 348, 380, 12, 3, 1, 2, '	', '', '', '', '', '', '71139319', 1, 7, 4, 12, 6, 1, '', NULL, NULL),
	(1403, '	TA0478', 'NAT COISHCO', '', '', 'PANAMERICANA ANTIGUA -COISHCO, MZ. H2, LOTE 23', 348, 3, 12, 2, 1, 1, '	', '', '', '', '', '', '71633800', 1, 7, 1, 2, 2, 8, '', NULL, NULL),
	(1404, '	TA2542', 'LLULLAN', '', '', 'VI CARAZ', 348, 77, 33, 3, 1, 2, '	', '', '', '', '', '', '71635591', 1, 1, 1, 2, 1, 8, '', NULL, NULL),
	(1405, '	TA2245', 'RACRACHACA', '', '', 'CCPP RACRACHACA', 348, 353, 33, 3, 1, 2, '	', '', '', '', '', '', '', 49, 7, 1, 2, 1, 8, '', NULL, NULL),
	(1406, '	TA2198', 'PACARENCA', '', '', 'DISTRITO DE AQUIA, 02420', 348, 353, 33, 3, 1, 2, '	', '', '', '', '', '', '', 49, 7, 1, 2, 1, 8, '', NULL, NULL),
	(1407, '	TP0006', 'CIUDAD NOE', '', '', 'CP ALMIRANTE GRAU', 348, 140, 33, 9, 1, 2, '	', '', '', '0:40', '', '', '18623797', 3, 7, 1, 2, 1, 1, '', NULL, NULL),
	(1408, '	TP0446', 'CP MONTE SULLON', '', '', 'JIRON SAN SEBASTIAN S/N ¿ (A UNA CUADRA DE LA PLAZUELA GRAU)', 348, 90, 40, 9, 1, 1, '	', '', '', '', '', '', '', 49, 7, 1, 2, 1, 8, '', NULL, NULL),
	(1409, '	TC4073 ', 'Plaza_Jorge_Piedra', '', '', '', 348, 380, 33, 10, 1, 2, '	', '', '', '', '', '', '', 49, 7, 4, 12, 6, 8, '', NULL, NULL),
	(1410, '	TJ0188', 'LUZ DEL SOL', '', '', 'CL INGRESO A CCPP LUZ DEL SOL -  (CALLE CAPULÍ 1ER SECTOR. C.P. LUZ DEL SOL)', 348, 111, 40, 1, 1, 1, '	', '', '', '', '', '', '', 49, 7, 1, 2, 1, 1, '', NULL, NULL),
	(1411, '	TL0109', 'SANTA CLARA BAJA', '', '', 'CASERIO SANTA CLARA - BATAN GRANDE SECOR SANTA CLARA BAJA', 348, 246, 40, 7, 1, 1, '	', '', '', '', '', '', '', 49, 1, 1, 1, 1, 8, '', NULL, NULL),
	(1412, '	TA0375', 'CERRO CASTILLO', '', '', '', 348, 380, 40, 2, 1, 1, '	', '', '', '', '', '', '', 49, 7, 4, 12, 6, 8, '', NULL, NULL),
	(1413, '	TJ3470', 'CASA GRANDE ', '', '', 'VI CALLEJON EX CLUB CIPA .', 348, 79, 33, 1, 1, 1, '	', '', '', '', '', '', '', 49, 7, 1, 2, 1, 8, '', NULL, NULL),
	(1414, '	TJ3472', 'CARTAVIO', '', '', '', 348, 380, 33, 1, 1, 1, '	', '', '', '', '', '', 'IMPLEMENTACION', 49, 7, 4, 12, 6, 8, '', NULL, NULL),
	(1415, '	TP0058', 'LA OBRILLA', '-4.98983', '-80.58231', 'CP LA OBRILLA S/N MZ 0 LT 0', 348, 19, 40, 9, 1, 2, '	', '', '', '', '', '', '', 49, 7, 1, 2, 1, 8, '', NULL, NULL),
	(1416, '	TL2482', 'AGUA BLANCA', '', '', '', 348, 380, 33, 7, 1, 1, '	', '', '', '', '', '', '', 49, 7, 4, 12, 6, 8, '', NULL, NULL),
	(1417, '	TP2001', 'JIBITO', '', '', 'MZ. 164 LT 6 ZONA CENTRO POBLADO JIBITO MIGUEL CHECA', 348, 373, 40, 9, 1, 1, '	', '', '', '', '', '', '', 49, 1, 1, 2, 1, 8, '', NULL, NULL),
	(1418, '	TJ2543', 'MIRAMAR', '', '', '', 348, 380, 40, 1, 1, 1, '	', '', '', '', '', '', '', 49, 7, 4, 12, 6, 8, '', NULL, NULL),
	(1419, '	TM0027', 'BEIRUT', '', '', 'AV SECTOR MACHO TRANCA - CP. BEIRUT S/N 0', 348, 195, 40, 8, 1, 3, '	', '', '', '', '', '', '', 49, 7, 1, 2, 1, 8, '', NULL, NULL),
	(1420, '	TA0406', 'RODEO', '-9.557602', '-77.586353', '', 348, 380, 40, 3, 1, 2, '	', '', '', '', '', '', '73283246', 49, 7, 4, 12, 6, 8, '', NULL, NULL),
	(1421, '	TA3640', 'NAT SIERRA HERMOSA P2', '', '', '', 348, 17, 40, 3, 1, 2, '	', '', '', '', '', '', '72165130', 2, 7, 1, 1, 1, 8, '', NULL, NULL),
	(1422, '	TCL24267C4', 'Nat_Chota_P1', '', '', '', 348, 380, 40, 10, 1, 2, '	', '', '', '', '', '', '', 49, 7, 4, 12, 6, 8, '', NULL, NULL),
	(1423, '	TA2459', 'NAT_RANRAHIRCA', '', '', 'JR 2 DE MAYO CDRA 1 - Ciudad de Mancos', 186, 232, 40, 3, 1, 2, '	', '', '', '', '', '', '72170838', 2, 1, 1, 1, 1, 8, '', NULL, NULL),
	(1424, '	TC0080', 'EL REJO', '-7.48402', '-78.54649', '', 348, 380, 33, 5, 1, 2, '	', '', '', '', '', '', '72135786', 49, 7, 4, 12, 6, 8, '', NULL, NULL),
	(1425, '	TM0134', 'FLORIDA', '', '', 'AV LOTE 15 MZ. 29 CP POMACOCHAS', 348, 149, 33, 8, 1, 3, '	', '', '', '', '', '', '', 49, 1, 1, 2, 1, 8, '', NULL, NULL),
	(1426, '	TL0076', 'HUMEDADES', '', '', 'SAN JOSÉ 179, MOTUPE 14201', 348, 245, 40, 7, 1, 1, '	', '', '', '', '', '', '40592686', 5, 7, 1, 2, 1, 8, '', NULL, NULL),
	(1427, '	TP2003', 'MALINGAS', '', '', 'CP MALINGAS', 348, 136, 33, 9, 1, 2, '	', '', '', '', '', '', '', 49, 7, 1, 2, 1, 1, '', NULL, NULL),
	(1428, '	TL0107', 'EL PROGRESO', '-5.750048', '-79.925058', '', 348, 380, 40, 7, 1, 1, '	', '', '', '', '', '', '', 49, 7, 4, 12, 6, 8, '', NULL, NULL),
	(1429, '	TJ3472', 'CARTAVIO PUEBLO', '', '', '', 348, 380, 40, 1, 1, 1, '	', '', '', '', '', '', '72169720', 2, 7, 4, 12, 6, 8, '', NULL, NULL),
	(1430, '	TJ2484', 'QUIRUVILCA', '-8.00391', '-78.309611', 'AV QUIRUVILCA', 348, 20, 33, 1, 1, 2, '	', '', '', '', '', '', '72144856', 2, 7, 1, 2, 1, 8, '', NULL, NULL),
	(1431, '	TA0375', 'EL CASTILLO', '-779736', '-9.485313', '', 348, 380, 40, 2, 1, 1, '	', '', '', '', '', '', '72173052', 2, 7, 4, 12, 6, 8, '', NULL, NULL),
	(1432, '	TL6097', 'NAT LARCO MAR', '', '', '', 348, 380, 40, 1, 1, 1, '	', '', '', '', '', '', '', 49, 7, 4, 12, 6, 8, '', NULL, NULL),
	(1433, '	TA3468', 'TAMBO REAL', '', '', 'VI TAMBO REAL A', 348, 247, 40, 2, 1, 1, '	', '', '', '', '', '', '61581791', 1, 7, 1, 2, 1, 8, '', NULL, NULL),
	(1434, '	TP2400', 'NAT UCV PIURA', '', '', 'AV PROL CHULUCANAS S/N', 348, 354, 12, 9, 1, 1, '	', '', '', '', '', '', '', 49, 1, 1, 8, 1, 8, '', NULL, NULL),
	(1435, '	LH2493', 'HUACRACHUCO PUEBLO', '', '', 'CP HUACRACHUCO', 348, 172, 33, 1, 1, 2, '	', '', '', '', '', '', '', 49, 7, 1, 2, 1, 8, '', NULL, NULL),
	(1436, '	TA2488', 'HUALLANCA 2', '', '', 'JR. AYACUCHO 306  MZ. S LOTE 19   DISTRITO HUALLANCA - BOLOGNESI - ANCASH', 348, 74, 33, 3, 1, 2, '	', '', '', '', '', '', 'NUEVO', 49, 7, 1, 2, 1, 8, '', NULL, NULL),
	(1437, '	TP1526', 'SAN PABLO', '', '', '', 348, 380, 33, 9, 1, 2, '	', '', '', '', '', '', '18531102', 49, 7, 4, 12, 6, 8, '', NULL, NULL),
	(1438, '	TJ0181', 'HUANCAJANGA', '', '', 'CA HACIA CERRO ZONA SUR DE CCPP HUANCAJANGA SN', 348, 39, 33, 1, 1, 2, '	', '', '', '', '', '', '', 49, 7, 1, 2, 1, 8, '', NULL, NULL),
	(1439, '	TJ3455', 'Nat_Shuyo_P1', '', '', 'PAMPA CURCURAH URB EL BOSQUE S/N', 320, 318, 40, 1, 1, 2, '	', '', '', '', '', '', '72190071', 2, 1, 1, 1, 1, 8, '', NULL, NULL),
	(1440, '	TP3031', 'CARSOL', '', '', '', 348, 380, 33, 9, 1, 1, '	', '', '', '', '', '', '18593517', 3, 7, 4, 12, 6, 8, '', NULL, NULL),
	(1441, '	TM0165', 'EL PROGRESO', '', '', 'AV EL PROGRESO PARTE ALTA CALLE S/N CAMINO AL', 348, 64, 40, 8, 1, 3, '	', '', '', '', '', '', '', 49, 7, 1, 2, 1, 8, '', NULL, NULL),
	(1442, '	TA5990', 'MINERA SANTA LUISA', '', '', 'VI MINERA SANTA LUISA ND', 348, 374, 33, 3, 1, 2, '	', '', '', '', '', '', '', 49, 7, 1, 2, 1, 8, '', NULL, NULL),
	(1443, '	TJ0424', 'Chilcabamba', '', '', '', 348, 380, 33, 1, 1, 2, '	', '', '', '', '', '', '72131722', 2, 7, 4, 12, 6, 1, '', NULL, NULL),
	(1444, '	TL5046', 'MIRADOR', '', '', 'PANAMERICANA NORTE KM 774 CAMPIÑA PUENTE GRANDE S/N', 348, 68, 33, 7, 1, 1, '	', '', '', '', '', '', '', 49, 1, 1, 2, 1, 8, '', NULL, NULL),
	(1445, '	TM4147', 'NAT CHIRIACO', '', '', '', 348, 380, 12, 8, 1, 3, '	', '', '', '', '', '', '', 49, 7, 4, 12, 6, 8, '', NULL, NULL),
	(1446, '	TC3526', 'SANTA CRUZ CENTRO', '-6.628256', '-78.945674', '', 348, 380, 40, 10, 1, 2, '	', '', '', '', '', '', '40887978', 1, 7, 4, 12, 6, 8, '', NULL, NULL),
	(1447, '	TJ1272', 'NAT CUYUCHUNGO COINA', '', '', 'PZ CUYUCHUGO', 348, 143, 40, 1, 1, 2, '	', '', '', '', '', '', '', 49, 7, 1, 8, 1, 8, '', NULL, NULL),
	(1448, '	TT63261', 'NAT CALETA LA CRUZ', '', '', '', 348, 380, 33, 4, 1, 1, '	', '', '', '', '', '', '', 49, 7, 4, 12, 6, 1, '', NULL, NULL),
	(1449, '	TJ0551', 'MASANCA', '', '', 'CALLE S/N MASANCA', 348, 308, 33, 1, 1, 2, '	', '', '', '', '', '', '', 49, 7, 1, 2, 1, 8, '', NULL, NULL),
	(1450, '	TP6549', 'SANTA MARIA', '-5.163427', '-80.650106', '', 348, 380, 40, 9, 1, 2, '	', '', '', '', '', '', '18527253', 3, 7, 4, 12, 6, 1, '', NULL, NULL),
	(1451, '	TL1716', 'MALL PLAZA CHICLAYO', '', '', 'AV. PANAMERICANA NORTE CRUCE AV. ESCRIBA DE BALAGUER', 348, 23, 33, 7, 1, 1, '	', '', '', '', '', '', '', 49, 7, 1, 8, 1, 8, '', NULL, NULL),
	(1452, '	TP2491', '3 DE OCTUBRE', '', '', 'AV BUENOS AIRES CDRA 2  CON AV UNION 1840 SECTOR LLUYLLUCUCHA', 348, 24, 33, 9, 1, 1, '	', '', '', '', '', '', '', 49, 7, 1, 2, 1, 8, '', NULL, NULL),
	(1453, '	TP0445', 'AH NUEVO PORVENIR', '', '', 'MZ F LOTE 20 AAHH LOS LAURELES', 348, 158, 33, 9, 1, 1, '	', '', '', '', '', '', '', 49, 7, 1, 2, 1, 8, '', NULL, NULL),
	(1454, '	TA18774', 'MANYANYACU', '', '', 'CP de Manyanyacu (junto al colegio)', 341, 234, 40, 3, 1, 2, '	', '', '', '', '', '', '', 49, 2, 1, 3, 2, 8, '	CONSTANTES CORTES, DESLIZAMIENTOS, DESCARGAS ELÉCTRICAS, LLUVIAS, FALLAS CON EL CONCESIONARIO ELECTRÍCO, RUTA ACCIDENTADA	 ', NULL, NULL),
	(1455, '	TM7924', 'REPETIDOR WARAPATURCO', '-6.4981666', '-77.836861', 'PREDIO CUYUNA', 348, 378, 40, 13, 1, 4, '	', '', '', '', '', '', '', 49, 7, 4, 12, 6, 9, '', NULL, NULL),
	(1456, '	TA5662', 'BOULEVARD CHIMBOTE', '-9.07444', '-78.59161', 'JIRÓN LEONCIO PRADO N° 623', 66, 247, 40, 13, 1, 4, '	', '', '', '', '', '', '', 49, 7, 4, 12, 6, 9, '	SÓLO SE PUEDE ACCEDER EN HORARIOS DEFINIDOS.	 ', NULL, NULL),
	(1457, '	TA5648', 'CHIMBOTE PACIFICO 2', '-9.1175', '-78.51111', 'CALLE NACIONES UNIDAS MZ13 LT1-2 URB.NICOLAS DE GARATEA NUEVO CHIMBOTE', 348, 17, 40, 13, 1, 4, '	', '', '', '', '', '', '49658822', 2, 7, 4, 12, 6, 9, '	SÓLO SE PUEDE ACCEDER EN HORARIOS DEFINIDOS.	 ', NULL, NULL),
	(1458, '	TA18782', 'CUNCO', '-7.44916', '-77.85714', 'CUNCO', 348, 125, 40, 13, 1, 4, '	', '', '', '', '', '', '', 2, 7, 4, 12, 6, 9, '	MALA CALIDAD DE ENERGÍA	 ', NULL, NULL),
	(1459, '	TA5728', 'HUARAZ NORTE', '-9.52', '-77.52983', 'JR. CARHUAZ 137', 348, 71, 40, 13, 1, 4, '	', '', '', '', '', '', '50134049', 2, 7, 4, 12, 6, 9, '	CONSTANTES LLUVIAS, FALLAS CON EL CONCESIONARIO ELECTRÍCO	 ', NULL, NULL),
	(1460, '	TA7203', 'REPETIDOR MORO', '-9.1391388', '-78.185277', '', 201, 244, 40, 13, 1, 4, '	', '', '', '', '', '', '55482457', 2, 7, 4, 12, 6, 9, '', NULL, NULL),
	(1461, '	TA7208', 'REPETIDOR PUEBLO LIBRE', '-9.09', '-77.803555', '', 348, 365, 40, 13, 1, 4, '	', '', '', '', '', '', '59225850', 2, 7, 4, 12, 6, 9, '', NULL, NULL),
	(1462, '	i', 'BOLIVAR TRUJILLO', '-7.1665', '-77.69439', 'CERRO EL PORVENIR', 348, 151, 40, 13, 1, 4, '	', '', '', '', '', '', '58228080', 2, 7, 4, 12, 6, 9, '', NULL, NULL),
	(1463, '	TC6489', 'CARRETA CONGA', '-6.91972', '-78.38375', 'YERBA BUENA ALTA', 348, 80, 40, 13, 1, 4, '	', '', '', '', '', '', '', 49, 7, 4, 12, 6, 9, '	ESTACIÓN CON DIFÍCIL ACCESO	 ', NULL, NULL),
	(1464, '	TC5828', 'CERRO MIRADOR YANACOCHA', '-6.97936', '-78.50758', 'CERRO EL MIRADOR MINAS YANACOCHA', 348, 46, 40, 13, 1, 4, '	', '', '', '', '', '', '', 48, 7, 4, 12, 6, 9, '', NULL, NULL),
	(1465, '	TC5831', 'CERRO NEGRO', '-7.01219', '-78.59117', 'CIMA DEL CERRO NEGRO.', 348, 269, 40, 13, 1, 4, '	', '', '', '', '', '', '', 48, 7, 4, 12, 6, 9, '	ESTACIÓN CON DIFICIL ACCESO	 ', NULL, NULL),
	(1466, '	TC18692', 'CHIRIMOYO', '-7.39074', '-78.22854', 'CASERÍO EL CHIRIMOYO', 348, 61, 40, 13, 1, 4, '	', '', '', '', '', '', '', 49, 7, 4, 12, 6, 9, '	ESTACIÓN CON DIFICIL ACCESO	 ', NULL, NULL),
	(1467, '	TC5859', 'MINAS CONGA', '-6.94258', '-78.35842', 'CERRO CONGA', 348, 80, 40, 13, 1, 4, '	', '', '', '', '', '', '', 49, 7, 4, 12, 6, 9, '', NULL, NULL),
	(1468, '	TC18648', 'NUEVO LAGUNA', '-6.53345', '-78.2246', 'CASERIO NUEVA LAGUNA', 348, 56, 40, 13, 1, 4, '	', '', '', '', '', '', '', 49, 7, 4, 12, 6, 9, '	ESTACIÓN CON DIFÍCIL ACCESO	 ', NULL, NULL),
	(1469, '	TC7176', 'REPETIDOR CACHACHI', '-7.447361', '-78.27636', '', 348, 61, 40, 13, 1, 4, '	', '', '', '', '', '', '', 49, 7, 4, 12, 6, 9, '', NULL, NULL),
	(1470, '	TC7220', 'REPETIDOR CHILETE', '-7.2254444', '-78.842027', '', 64, 112, 40, 13, 1, 4, '	', '', '', '', '', '', '45865605', 2, 7, 4, 12, 6, 9, '', NULL, NULL),
	(1471, '	TC7161', 'REPETIDOR MAQUI MAQUI', '-6.9668333', '-78.475888', '', 348, 80, 40, 13, 1, 4, '	', '', '', '', '', '', '', 49, 7, 4, 12, 6, 9, '', NULL, NULL),
	(1472, '	TC7224', 'REPETIDOR MATARA', '-7.2552777', '-78.26475', '', 192, 238, 40, 13, 1, 4, '	', '', '', '', '', '', '59064508', 2, 7, 4, 12, 6, 9, '', NULL, NULL),
	(1473, '	TC7160', 'REPETIDOR PAMPALARGA', '-6.9851944', '-78.491583', '', 348, 80, 40, 13, 1, 4, '	', '', '', '', '', '', '', 49, 7, 4, 12, 6, 9, '', NULL, NULL),
	(1474, '	TJ5108', 'CARTAVIO', '-7.88619', '-79.21953', 'SECTOR LA COLINA, CALLE S7N. A LA ESPALDA DE LA RADIO SUPER UNO JR CAMAL 13 CENTRO POBLADO CARTAVIO', 348, 377, 40, 13, 1, 4, '	', '', '', '', '', '', '48694234', 2, 7, 4, 12, 6, 9, '	DADO DE BAJO	 ', NULL, NULL),
	(1475, '	TJ5103', 'CASAGRANDE', '-7.74675', '-79.18522', 'INGENIO AZUCARERO CASA GRANDE (SILO DE AZÚCAR)', 348, 79, 40, 13, 1, 4, '	', '', '', '', '', '', '48694243', 2, 7, 4, 12, 6, 9, '	ACCESO EN HORARIOS DEFINIDOS, DIFICULTAD SABADOS Y DOMINGOS	 ', NULL, NULL),
	(1476, '	TJ18722', 'CUSHURUPAMBA', '-8.20743', '-78.32771', 'CUSHURUPAMBA', 348, 184, 40, 13, 1, 4, '	', '', '', '', '', '', '', 49, 7, 4, 12, 6, 9, '	ZONA LEJANA DE DIFICIL ACCESO, ZONA DE CONSTANTES DESCARGAS ATMOSFÉRICAS,ZONA DE RIESGO PARA EL PERSONAL	 ', NULL, NULL),
	(1477, '	TJ5186', 'MINA_COMARSA', '-8.11292', '-78.01292', 'MINA COMARSA', 348, 379, 40, 13, 1, 4, '	', '', '', '', '', '', '', 49, 7, 4, 12, 6, 9, '', NULL, NULL),
	(1478, '	TA7798', 'REPETIDOR CAMP. TARICA', '-7.946481', '-77.579466', '', 348, 218, 40, 13, 1, 4, '	', '', '', '', '', '', '', 49, 7, 4, 12, 6, 9, '', NULL, NULL),
	(1479, '	TL7175', 'REPETIDOR ETEN PUERTO', '-7.1743611', '-79.487583', '', 221, 164, 40, 13, 1, 4, '	', '', '', '', '', '', '', 49, 7, 4, 12, 6, 9, '', NULL, NULL),
	(1480, '	TJ7805', 'REPETIDOR JEQUETEPEQUE', '-7.3390833', '-79.561305', '', 145, 193, 40, 13, 1, 4, '	', '', '', '', '', '', '48474419', 2, 7, 4, 12, 6, 9, '', NULL, NULL),
	(1481, '	TJ7166', 'REPETIDOR MAGDALENA DE CAO', '-7.8770555', '-79.289805', '', 348, 377, 40, 13, 1, 4, '	', '', '', '', '', '', '53990072', 2, 7, 4, 12, 6, 9, '', NULL, NULL),
	(1482, '	TJ7174', 'REPETIDOR POROTO', '-8.0124444', '-78.765944', '', 246, 279, 40, 13, 1, 4, '	', '', '', '', '', '', '55032014', 2, 7, 4, 12, 6, 9, '', NULL, NULL),
	(1483, '	TL5978', 'CHICLAYO CERCADO', '-6.77017', '-79.84511', 'AV. LORA Y LORA 344 ', 63, 23, 40, 13, 1, 4, '	', '', '', '', '', '', '25839395', 5, 7, 4, 12, 6, 9, '', NULL, NULL),
	(1484, '	TL6000', 'EL TAMARINDO', '-6.80006', '-79.83403', 'CALLE HUAYNA CAPAC 1695, ESQUINA GRAN CHIMU Y EVITAMIENTO', 348, 68, 40, 13, 1, 4, '	', '', '', '', '', '', '25942242', 5, 7, 4, 12, 6, 9, '	SIN ACCESO LOS FINES DE SEMANA	 ', NULL, NULL),
	(1485, '	TL5976', 'MOSHOQUEQUE', '-6.75733', '-79.83675', 'AV. BALTA 2450', 148, 29, 40, 13, 1, 4, '	', '', '', '', '', '', '26035691', 5, 7, 4, 12, 6, 9, '	NO SE TIENE ACCESO	 ', NULL, NULL),
	(1486, '	TPU0501', 'ARGUEDAS', '', '', 'AAHH Victor Raul Mz B - Lt 2', 242, 15, 40, 13, 1, 4, '	', '', '', '', '', '', '16133358', 3, 7, 4, 12, 6, 9, '', NULL, NULL),
	(1487, '	TP6169', 'AVENIDA COUNTRY', '-5.17942', '-80.63228', 'FORTUNATO CHIRIGCHIÑO MZ. 1, LT. 3', 242, 15, 40, 13, 1, 4, '	', '', '', '', '', '', '05819330', 3, 7, 4, 12, 6, 9, '', NULL, NULL),
	(1488, '	TP6230', 'BIGOTE', '-5.321', '-79.792527', 'CERRO LA CRUZ', 348, 51, 40, 13, 1, 4, '	', '', '', '', '', '', '10188395', 3, 7, 4, 12, 6, 9, '', NULL, NULL),
	(1489, '	TP6171', 'CANAL DE REGADIO', '-5.18389', '-80.60261', 'CASERIO MIRAFLORES', 47, 19, 40, 13, 1, 4, '	', '', '', '', '', '', '05897373', 3, 7, 4, 12, 6, 9, '', NULL, NULL),
	(1490, '	TP6277', 'LA UNION', '-5.40136', '-80.74281', 'CALLE LIMA 509', 348, 48, 40, 13, 1, 4, '	', '', '', '', '', '', '14940947', 3, 7, 4, 12, 6, 9, '', NULL, NULL),
	(1491, '	TP6289', 'LORETO PIURA (EX-PIURA CENTRO 2)', '-5.19194', '-80.62897', 'AV. SANCHEZ CERRO 825', 242, 15, 40, 13, 1, 4, '	', '', '', '', '', '', '5784745', 3, 7, 4, 12, 6, 9, '', NULL, NULL),
	(1492, '	TPU5743', 'LOS EJIDOS', '', '', '', 348, 15, 40, 13, 1, 4, '	', '', '', '', '', '', '5749737', 49, 7, 4, 12, 6, 9, '	ESTACIÓN CON DIFÍCIL ACCESO/CONSTANTES FALLAS CON CONCESIONARIO ELÉCTRICO/	 ', NULL, NULL),
	(1493, '	TP18634', 'MINAS DE SALVIA', '-4.87282', '-79.80381', 'CASERIO DE MINAS DE SALVIA ', 348, 186, 40, 13, 1, 4, '	', '', '', '', '', '', '10255012', 3, 7, 4, 12, 6, 9, '', NULL, NULL),
	(1494, '	TP7904', 'REPETIDOR REP TALARA', '-4.537225', '-81.26565', '', 348, 21, 40, 13, 1, 4, '	', '', '', '', '', '', '', 49, 7, 4, 12, 6, 9, '', NULL, NULL),
	(1495, '	TP6286', 'SAN TEODORO', '-5.18636', '-80.626', 'AV. CHIRICHIGNO LOTE 4, ESQ. CON JR. SAN CRISTOBAL', 242, 15, 40, 13, 1, 4, '	', '', '', '', '', '', '5771068', 3, 7, 4, 12, 6, 9, '', NULL, NULL),
	(1496, '	TT6307', 'PABLO VIGIL', '-3.56647', '-80.45517', 'CL. MAYOR NOVOA 211', 348, 5, 40, 13, 1, 4, '	', '', '', '', '', '', 'O6689698', 3, 7, 4, 12, 6, 9, '', NULL, NULL),
	(1497, '	TT6325', 'PULLANGO TUMBES', '-3.55339', '-80.42811', 'AV. PANAMERICANA NORTE PUYANGO', 348, 5, 40, 13, 1, 4, '	', '', '', '', '', '', 'O6758650', 3, 7, 4, 12, 6, 9, '', NULL, NULL);

-- Volcando estructura para tabla bdccicsa.tipo_accesos
CREATE TABLE IF NOT EXISTS `tipo_accesos` (
  `id` bigint unsigned NOT NULL AUTO_INCREMENT,
  `nombre` varchar(25) COLLATE utf8mb4_unicode_ci NOT NULL,
  `created_at` timestamp NULL DEFAULT NULL,
  `updated_at` timestamp NULL DEFAULT NULL,
  PRIMARY KEY (`id`)
) ENGINE=InnoDB AUTO_INCREMENT=13 DEFAULT CHARSET=utf8mb4 COLLATE=utf8mb4_unicode_ci;

-- Volcando datos para la tabla bdccicsa.tipo_accesos: ~12 rows (aproximadamente)
DELETE FROM `tipo_accesos`;
INSERT INTO `tipo_accesos` (`id`, `nombre`, `created_at`, `updated_at`) VALUES
	(1, '2G-3G-4G', NULL, NULL),
	(2, '3G-4G', NULL, NULL),
	(3, '2G', NULL, NULL),
	(4, '3G', NULL, NULL),
	(5, '2G-3G-4G-5G', NULL, NULL),
	(6, '2G-3G', NULL, NULL),
	(7, '3G-4G-5G', NULL, NULL),
	(8, '4G', NULL, NULL),
	(9, '2G-4G', NULL, NULL),
	(10, '2G-3G-4G-TDD', NULL, NULL),
	(11, '2G-3G-5G', NULL, NULL),
	(12, 'N/D', NULL, NULL);

-- Volcando estructura para tabla bdccicsa.tipo_averias
CREATE TABLE IF NOT EXISTS `tipo_averias` (
  `id` bigint unsigned NOT NULL AUTO_INCREMENT,
  `nombre` char(10) COLLATE utf8mb4_unicode_ci NOT NULL,
  `created_at` timestamp NULL DEFAULT NULL,
  `updated_at` timestamp NULL DEFAULT NULL,
  PRIMARY KEY (`id`)
) ENGINE=InnoDB AUTO_INCREMENT=3 DEFAULT CHARSET=utf8mb4 COLLATE=utf8mb4_unicode_ci;

-- Volcando datos para la tabla bdccicsa.tipo_averias: ~2 rows (aproximadamente)
DELETE FROM `tipo_averias`;
INSERT INTO `tipo_averias` (`id`, `nombre`, `created_at`, `updated_at`) VALUES
	(1, 'Preventivo', NULL, NULL),
	(2, 'Correctivo', NULL, NULL);

-- Volcando estructura para tabla bdccicsa.tipo_brigadas
CREATE TABLE IF NOT EXISTS `tipo_brigadas` (
  `id` bigint unsigned NOT NULL AUTO_INCREMENT,
  `nombre` varchar(20) COLLATE utf8mb4_unicode_ci NOT NULL,
  `created_at` timestamp NULL DEFAULT NULL,
  `updated_at` timestamp NULL DEFAULT NULL,
  PRIMARY KEY (`id`)
) ENGINE=InnoDB AUTO_INCREMENT=3 DEFAULT CHARSET=utf8mb4 COLLATE=utf8mb4_unicode_ci;

-- Volcando datos para la tabla bdccicsa.tipo_brigadas: ~2 rows (aproximadamente)
DELETE FROM `tipo_brigadas`;
INSERT INTO `tipo_brigadas` (`id`, `nombre`, `created_at`, `updated_at`) VALUES
	(1, 'BRIGADA', NULL, NULL),
	(2, 'MEDIA BRIGADA', NULL, NULL);

-- Volcando estructura para tabla bdccicsa.tipo_energias
CREATE TABLE IF NOT EXISTS `tipo_energias` (
  `id` bigint unsigned NOT NULL AUTO_INCREMENT,
  `nombre` varchar(45) COLLATE utf8mb4_unicode_ci NOT NULL,
  `created_at` timestamp NULL DEFAULT NULL,
  `updated_at` timestamp NULL DEFAULT NULL,
  PRIMARY KEY (`id`)
) ENGINE=InnoDB AUTO_INCREMENT=10 DEFAULT CHARSET=utf8mb4 COLLATE=utf8mb4_unicode_ci;

-- Volcando datos para la tabla bdccicsa.tipo_energias: ~9 rows (aproximadamente)
DELETE FROM `tipo_energias`;
INSERT INTO `tipo_energias` (`id`, `nombre`, `created_at`, `updated_at`) VALUES
	(1, 'AC', NULL, NULL),
	(2, 'AC / RESERVA', NULL, NULL),
	(3, 'PANELES SOLARES', NULL, NULL),
	(4, 'AC/RESERVA', NULL, NULL),
	(5, 'PRIME', NULL, NULL),
	(6, 'GREEN CONTROLLER', NULL, NULL),
	(7, 'PRIME/PANELES SOLARES', NULL, NULL),
	(8, 'IMPLEMENTACION', NULL, NULL),
	(9, 'N/D', NULL, NULL);

-- Volcando estructura para tabla bdccicsa.tipo_plantas
CREATE TABLE IF NOT EXISTS `tipo_plantas` (
  `id` bigint unsigned NOT NULL AUTO_INCREMENT,
  `nombre` char(15) COLLATE utf8mb4_unicode_ci NOT NULL,
  `created_at` timestamp NULL DEFAULT NULL,
  `updated_at` timestamp NULL DEFAULT NULL,
  PRIMARY KEY (`id`)
) ENGINE=InnoDB AUTO_INCREMENT=3 DEFAULT CHARSET=utf8mb4 COLLATE=utf8mb4_unicode_ci;

-- Volcando datos para la tabla bdccicsa.tipo_plantas: ~2 rows (aproximadamente)
DELETE FROM `tipo_plantas`;
INSERT INTO `tipo_plantas` (`id`, `nombre`, `created_at`, `updated_at`) VALUES
	(1, 'Planta Interna', NULL, NULL),
	(2, 'Planta Externa', NULL, NULL);

-- Volcando estructura para tabla bdccicsa.tipo_reparacions
CREATE TABLE IF NOT EXISTS `tipo_reparacions` (
  `id` bigint unsigned NOT NULL AUTO_INCREMENT,
  `nombre` varchar(25) COLLATE utf8mb4_unicode_ci NOT NULL,
  `created_at` timestamp NULL DEFAULT NULL,
  `updated_at` timestamp NULL DEFAULT NULL,
  PRIMARY KEY (`id`)
) ENGINE=InnoDB AUTO_INCREMENT=3 DEFAULT CHARSET=utf8mb4 COLLATE=utf8mb4_unicode_ci;

-- Volcando datos para la tabla bdccicsa.tipo_reparacions: ~2 rows (aproximadamente)
DELETE FROM `tipo_reparacions`;
INSERT INTO `tipo_reparacions` (`id`, `nombre`, `created_at`, `updated_at`) VALUES
	(1, 'Provisional', NULL, NULL),
	(2, 'Definitivo', NULL, NULL);

-- Volcando estructura para tabla bdccicsa.tipo_sites
CREATE TABLE IF NOT EXISTS `tipo_sites` (
  `id` bigint unsigned NOT NULL AUTO_INCREMENT,
  `nombre` varchar(45) COLLATE utf8mb4_unicode_ci NOT NULL,
  `created_at` timestamp NULL DEFAULT NULL,
  `updated_at` timestamp NULL DEFAULT NULL,
  PRIMARY KEY (`id`)
) ENGINE=InnoDB AUTO_INCREMENT=41 DEFAULT CHARSET=utf8mb4 COLLATE=utf8mb4_unicode_ci;

-- Volcando datos para la tabla bdccicsa.tipo_sites: ~40 rows (aproximadamente)
DELETE FROM `tipo_sites`;
INSERT INTO `tipo_sites` (`id`, `nombre`, `created_at`, `updated_at`) VALUES
	(1, 'BASE CICSA', NULL, NULL),
	(2, 'CORPORATIVO/TERMINAL', NULL, NULL),
	(3, 'DORSAL', NULL, NULL),
	(4, 'DORSAL/CORPORATIVO', NULL, NULL),
	(5, 'DORSAL/IPRAN', NULL, NULL),
	(6, 'DORSAL/IPRAN/CORPORATIVO', NULL, NULL),
	(7, 'DORSAL/IPRAN/TDD/CORPORATIVO', NULL, NULL),
	(8, 'DORSAL/TDD', NULL, NULL),
	(9, 'IPRAN/NODAL/CORPORATIVO', NULL, NULL),
	(10, 'IPRAN/NODAL/TDD/CORPORATIVO', NULL, NULL),
	(11, 'IPRAN/TDD/CORPORATIVO/TERMINAL', NULL, NULL),
	(12, 'NAT', NULL, NULL),
	(13, 'NODAL', NULL, NULL),
	(14, 'NODAL/ CORPORATIVO', NULL, NULL),
	(15, 'NODAL/CORPORATIVO', NULL, NULL),
	(16, 'NODAL/CORPORATIVO/TERMINAL', NULL, NULL),
	(17, 'NODAL/TDD', NULL, NULL),
	(18, 'NODAL/TDD/CORPORATIVO', NULL, NULL),
	(19, 'NODAL/TDD/CORPORATIVO/TERMINAL', NULL, NULL),
	(20, 'NODO', NULL, NULL),
	(21, 'NODO FO / MW', NULL, NULL),
	(22, 'NODO FO/ MW / CORPORATIVO', NULL, NULL),
	(23, 'NODO IP RAN / FO / OLT', NULL, NULL),
	(24, 'NODO/CORPORATIVO/TERMINAL', NULL, NULL),
	(25, 'PDI', NULL, NULL),
	(26, 'POP', NULL, NULL),
	(27, 'POP/DORSAL/IPRAN', NULL, NULL),
	(28, 'SEDE COMERCIAL', NULL, NULL),
	(29, 'SEDE COMERCIAL/CORPORATIVO', NULL, NULL),
	(30, 'SEDE TECNOLOGICA', NULL, NULL),
	(31, 'TDD/CORPORATIVO/TERMINAL', NULL, NULL),
	(32, 'TDD/TERMINAL', NULL, NULL),
	(33, 'TERMINAL', NULL, NULL),
	(34, 'TERMINAL - SITE AÚN NO LO VEMOS', NULL, NULL),
	(35, 'TERMINAL (NO LO VE CICSA)', NULL, NULL),
	(36, 'TERMINAL (no lo vemos)', NULL, NULL),
	(37, 'TERMINAL(no asignado)', NULL, NULL),
	(38, 'TERMINAL(NUEVO)', NULL, NULL),
	(39, 'TERMINAL/ CORPORATIVO', NULL, NULL),
	(40, 'N/D', NULL, NULL);

-- Volcando estructura para tabla bdccicsa.unidad_movils
CREATE TABLE IF NOT EXISTS `unidad_movils` (
  `id` bigint unsigned NOT NULL AUTO_INCREMENT,
  `placa` char(10) COLLATE utf8mb4_unicode_ci NOT NULL,
  `created_at` timestamp NULL DEFAULT NULL,
  `updated_at` timestamp NULL DEFAULT NULL,
  PRIMARY KEY (`id`)
) ENGINE=InnoDB AUTO_INCREMENT=17 DEFAULT CHARSET=utf8mb4 COLLATE=utf8mb4_unicode_ci;

-- Volcando datos para la tabla bdccicsa.unidad_movils: ~16 rows (aproximadamente)
DELETE FROM `unidad_movils`;
INSERT INTO `unidad_movils` (`id`, `placa`, `created_at`, `updated_at`) VALUES
	(1, 'BJW-738', NULL, NULL),
	(2, 'BSX-818', NULL, NULL),
	(3, 'BUC-916', NULL, NULL),
	(4, 'V8L-765', NULL, NULL),
	(5, 'BUD-722', NULL, NULL),
	(6, 'V9R -865', NULL, NULL),
	(7, 'BUD-923', NULL, NULL),
	(8, 'BUD -784', NULL, NULL),
	(9, 'V9R-869', NULL, NULL),
	(10, 'VAJ-895', NULL, NULL),
	(11, 'VAJ-882', NULL, NULL),
	(12, 'V8L-783', NULL, NULL),
	(13, 'BKE-872', NULL, NULL),
	(14, 'BDZ-635', NULL, NULL),
	(15, 'BDY-091', NULL, NULL),
	(16, 'BUD-777', NULL, NULL);

-- Volcando estructura para tabla bdccicsa.unidad_movil_user
CREATE TABLE IF NOT EXISTS `unidad_movil_user` (
  `id` bigint unsigned NOT NULL AUTO_INCREMENT,
  `fecha_alta` date NOT NULL,
  `fecha_baja` date DEFAULT NULL,
  `km_inicial` int NOT NULL,
  `km_final` int DEFAULT NULL,
  `estado` char(1) COLLATE utf8mb4_unicode_ci NOT NULL DEFAULT '1',
  `user_id` bigint unsigned NOT NULL,
  `unidad_movil_id` bigint unsigned NOT NULL,
  `created_at` timestamp NULL DEFAULT NULL,
  `updated_at` timestamp NULL DEFAULT NULL,
  PRIMARY KEY (`id`),
  KEY `unidad_movil_user_user_id_foreign` (`user_id`),
  KEY `unidad_movil_user_unidad_movil_id_foreign` (`unidad_movil_id`),
  CONSTRAINT `unidad_movil_user_unidad_movil_id_foreign` FOREIGN KEY (`unidad_movil_id`) REFERENCES `unidad_movils` (`id`),
  CONSTRAINT `unidad_movil_user_user_id_foreign` FOREIGN KEY (`user_id`) REFERENCES `users` (`id`)
) ENGINE=InnoDB AUTO_INCREMENT=9 DEFAULT CHARSET=utf8mb4 COLLATE=utf8mb4_unicode_ci;

-- Volcando datos para la tabla bdccicsa.unidad_movil_user: ~8 rows (aproximadamente)
DELETE FROM `unidad_movil_user`;
INSERT INTO `unidad_movil_user` (`id`, `fecha_alta`, `fecha_baja`, `km_inicial`, `km_final`, `estado`, `user_id`, `unidad_movil_id`, `created_at`, `updated_at`) VALUES
	(1, '2024-07-04', NULL, 100, NULL, '1', 2, 1, NULL, NULL),
	(2, '2024-07-04', NULL, 100, NULL, '1', 4, 2, NULL, NULL),
	(3, '2024-07-04', NULL, 100, NULL, '1', 6, 3, NULL, NULL),
	(4, '2024-07-04', NULL, 100, NULL, '1', 8, 4, NULL, NULL),
	(5, '2024-07-04', NULL, 100, NULL, '1', 11, 5, NULL, NULL),
	(6, '2024-07-04', NULL, 100, NULL, '1', 13, 6, NULL, NULL),
	(7, '2024-07-04', NULL, 100, NULL, '1', 15, 7, NULL, NULL),
	(8, '2024-07-04', NULL, 100, NULL, '1', 17, 9, NULL, NULL);

-- Volcando estructura para tabla bdccicsa.users
CREATE TABLE IF NOT EXISTS `users` (
  `id` bigint unsigned NOT NULL AUTO_INCREMENT,
  `name` varchar(255) COLLATE utf8mb4_unicode_ci NOT NULL,
  `surname` varchar(255) COLLATE utf8mb4_unicode_ci NOT NULL,
  `cel_corp` varchar(10) COLLATE utf8mb4_unicode_ci DEFAULT NULL,
  `cel_per` varchar(10) COLLATE utf8mb4_unicode_ci DEFAULT NULL,
  `dni` varchar(10) COLLATE utf8mb4_unicode_ci NOT NULL,
  `birth_date` timestamp NULL DEFAULT NULL,
  `gender` char(1) COLLATE utf8mb4_unicode_ci NOT NULL,
  `address` varchar(255) COLLATE utf8mb4_unicode_ci DEFAULT NULL,
  `avatar` varchar(255) COLLATE utf8mb4_unicode_ci DEFAULT NULL,
  `email` varchar(255) COLLATE utf8mb4_unicode_ci DEFAULT NULL,
  `email_verified_at` timestamp NULL DEFAULT NULL,
  `password` varchar(255) COLLATE utf8mb4_unicode_ci NOT NULL,
  `remember_token` varchar(100) COLLATE utf8mb4_unicode_ci DEFAULT NULL,
  `created_at` timestamp NULL DEFAULT NULL,
  `updated_at` timestamp NULL DEFAULT NULL,
  `deleted_at` timestamp NULL DEFAULT NULL,
  `educacion_id` bigint unsigned DEFAULT NULL,
  `zona_id` bigint unsigned DEFAULT NULL,
  PRIMARY KEY (`id`),
  UNIQUE KEY `users_dni_unique` (`dni`),
  KEY `users_educacion_id_foreign` (`educacion_id`),
  KEY `users_zona_id_foreign` (`zona_id`),
  CONSTRAINT `users_educacion_id_foreign` FOREIGN KEY (`educacion_id`) REFERENCES `educacions` (`id`),
  CONSTRAINT `users_zona_id_foreign` FOREIGN KEY (`zona_id`) REFERENCES `zonas` (`id`)
) ENGINE=InnoDB AUTO_INCREMENT=31 DEFAULT CHARSET=utf8mb4 COLLATE=utf8mb4_unicode_ci;

-- Volcando datos para la tabla bdccicsa.users: ~27 rows (aproximadamente)
DELETE FROM `users`;
INSERT INTO `users` (`id`, `name`, `surname`, `cel_corp`, `cel_per`, `dni`, `birth_date`, `gender`, `address`, `avatar`, `email`, `email_verified_at`, `password`, `remember_token`, `created_at`, `updated_at`, `deleted_at`, `educacion_id`, `zona_id`) VALUES
	(1, 'Jhonatan ', 'Leon leon ', '993206561', '993206561', '43032941', NULL, '1', '', '', 'jhonatan1085@gmail.com', '2024-07-05 03:13:30', '$2y$12$DSS.1UtjXuBHLOxIvTPiMu.7y01FkHfclxrghNlvOjntXVUZtSHAq', 'qdQJdES183', '2024-07-05 03:13:30', '2024-07-05 03:13:30', NULL, 10, 1),
	(2, 'Moises jhonatan', 'Quiroz romero', '982559510', '982559510', '44183404', NULL, '1', NULL, NULL, 'berry.welch@example.org', '2024-07-05 03:13:30', '$2y$12$A4Tc7/W3YAqq9m.gYHV7Hek3oyC0EFXbuXRgvnky5ZaG6oXtSvV12', 'yF9tjz11xO', '2024-07-05 03:13:30', '2024-07-05 03:13:30', NULL, NULL, 4),
	(3, 'Jean paul', 'Calle mogollon', NULL, '997506983', '42979476', NULL, '1', NULL, NULL, 'kris.crystal@example.org', '2024-07-05 03:13:31', '$2y$12$5tzjxYftxeCLwPpt0P3qHuDBEYUiLBPYSm9tzHW5S346w5u.FF2b.', 'j7Ony8QJhi', '2024-07-05 03:13:31', '2024-07-05 03:13:31', NULL, NULL, 4),
	(4, 'Nahun benhur', 'Vilela segundo', '982559511', '930580288', '46460054', NULL, '1', NULL, NULL, 'alena.deckow@example.net', '2024-07-05 03:13:31', '$2y$12$a83dQ4LP/XRUPntw.900meuNgS66iOyJYx8sqZQaoYxKrZluHVk7G', '5QoCiJjlrk', '2024-07-05 03:13:31', '2024-07-05 03:13:31', NULL, NULL, 9),
	(5, 'Davi', 'La rosa gaspar', NULL, '913697944', '32975836', NULL, '1', NULL, NULL, 'rstracke@example.com', '2024-07-05 03:13:31', '$2y$12$w.X6JUg29OkOT23v4mv1cOu.kUwx3N/W6VSMMG9DdM3VkoZ.Nht1e', 'ib9uMyg4WG', '2024-07-05 03:13:31', '2024-07-05 03:13:31', NULL, NULL, 9),
	(6, 'Julio miguel', 'Navarro agurto', '953236168', '906351116', '45859092', NULL, '1', NULL, NULL, 'ryan.trantow@example.net', '2024-07-05 03:13:32', '$2y$12$Uxb48LK2z2tXrH557X8lPOavemhox0/2nFsNk/t4MBrzZb8SJW6ly', 'UuGyZVaPwI', '2024-07-05 03:13:32', '2024-07-05 03:13:32', NULL, NULL, 14),
	(7, 'Boris angel', 'Sanchez infante', '989065793', '921582953', '71997626', NULL, '1', NULL, NULL, 'grayson.hagenes@example.org', '2024-07-05 03:13:32', '$2y$12$38kIlvlPp6K6HX9vwdxNwe5II4vZ090OyLx.TapMm66GDqayRrlpS', '62PO33g51R', '2024-07-05 03:13:32', '2024-07-05 03:13:32', NULL, NULL, 14),
	(8, 'Edwar', 'Rojas romero', '915066483', '987593229', '47212444', NULL, '1', NULL, NULL, 'nicholaus.balistreri@example.net', '2024-07-05 03:13:32', '$2y$12$B4med8K2pyfCGTOuHUJD2urtusxfmiXBDJp7dF3.Ofnhbcj5rr9G2', 'qLocXTjvdD', '2024-07-05 03:13:32', '2024-07-05 03:13:32', NULL, NULL, 7),
	(9, 'Javier', 'Perez garay', NULL, '945000110', '16801640', NULL, '1', NULL, NULL, 'qprosacco@example.org', '2024-07-05 03:13:32', '$2y$12$pO1hipzduLz5WdxrtlAS2.xDIJ4vfNyyci//wypItBnfmsTn3Nnrq', 'eLXNeoCyBP', '2024-07-05 03:13:32', '2024-07-05 03:13:32', NULL, NULL, 7),
	(10, 'Anthony ludwing', 'Castro leon', NULL, '943509095', '45487113', NULL, '1', NULL, NULL, 'wolff.keira@example.org', '2024-07-05 03:13:33', '$2y$12$e3uOfb.mSYVzLCnwVE/6Fu9pPnOHPx9f2W9mQi8tGxofHOCvkI/36', 'lXwsVjvm3b', '2024-07-05 03:13:33', '2024-07-05 03:13:33', NULL, NULL, 9),
	(11, 'Jesus emilio', 'Carmona cusquisiban', NULL, '986650357', '44735170', NULL, '1', NULL, NULL, 'ignacio.dubuque@example.org', '2024-07-05 03:13:33', '$2y$12$vdHiz0EksNrBgWXcBYP77eYljJ3JJ0PpfDskg/FdAcfHq4unrfD/S', 'qogfxyLf7t', '2024-07-05 03:13:33', '2024-07-05 03:13:33', NULL, NULL, 5),
	(12, 'Emer octavio', 'Sangay martos', NULL, '989067522', '75716129', NULL, '1', NULL, NULL, 'hartmann.jeramy@example.net', '2024-07-05 03:13:33', '$2y$12$uZBjVZTqiFEt0t0xBqAkIev5eZmpUCHFri7NKfdK.It3XVQSKTqh6', 'EwZWQERDjk', '2024-07-05 03:13:33', '2024-07-05 03:13:33', NULL, NULL, 5),
	(13, 'William', 'Sanchez diaz', '915066389', '948164597', '', NULL, '1', NULL, NULL, 'westley.farrell@example.org', '2024-07-05 03:13:34', '$2y$12$bPjzMtcfE19yecmmTQOp2Oe5WzlNFf/W2o9zW6HtcU66bpuYhrW16', 'hsDzs0XB48', '2024-07-05 03:13:34', '2024-07-05 03:13:34', NULL, NULL, 6),
	(14, 'Yhony alex', 'Sanchez diaz', NULL, '954283701', '46045241', NULL, '1', NULL, NULL, 'marmstrong@example.net', '2024-07-05 03:13:34', '$2y$12$tpChxDaQ4ewK9dTdL2bNqO.2sAZIhI8jJwenW6bmb4a5UP9.wCe6e', '4BXtOZ3ivR', '2024-07-05 03:13:34', '2024-07-05 03:13:34', NULL, NULL, 6),
	(15, 'Jhon ', 'Ramirez asis', '987632142', '944805671', '05859092', NULL, '1', NULL, NULL, 'yost.roscoe@example.net', '2024-07-05 03:13:34', '$2y$12$ealrften3PLi.AYOTjcjse6vmYDtJFFmO7cbymvmb5goK.1J7OGxC', 'Ebw3JDY9Wu', '2024-07-05 03:13:34', '2024-07-05 03:13:34', NULL, NULL, 3),
	(16, 'Jhon ', 'Collazos duran', NULL, '963262229', '71863190', NULL, '1', NULL, NULL, 'oscar.anderson@example.com', '2024-07-05 03:13:35', '$2y$12$b1vmZZ1LK3FhktMgB75w8eYyuKcj6iHwMURifyzV7ZNofmfgvrlpq', 't5tuQuvxAf', '2024-07-05 03:13:35', '2024-07-05 03:13:35', NULL, NULL, 3),
	(17, 'Juberth', 'Ccenchi onofre', '915066496', '915066496', '44146650', NULL, '1', NULL, NULL, 'russel.gerlach@example.net', '2024-07-05 03:13:35', '$2y$12$Lqfj/XSKI/fMhRrvCazF5uQKZX0jyx7L8yeaa5P5xmYFGY6DaTuDq', 'smzm2u5jQK', '2024-07-05 03:13:35', '2024-07-05 03:13:35', NULL, NULL, 1),
	(18, 'Juval', 'Achic cespedes', NULL, '915066526', '44432688', NULL, '1', NULL, NULL, 'halvorson.ray@example.org', '2024-07-05 03:13:35', '$2y$12$lYUIAhA9QE.f997uYtKRbeV1baPt8jY/9wBeXFcyoRY5higY.tdY6', 'Q14ONQiADA', '2024-07-05 03:13:35', '2024-07-05 03:13:35', NULL, NULL, 1),
	(19, 'Jose', 'Neira adriancen', '989595211', '935626174', '46320593', NULL, '1', NULL, NULL, 'earnest04@example.com', '2024-07-05 03:13:36', '$2y$12$drgzqKGmIMSZugj6TmDLOebNX46hIOTxIbbgiHDcpWEBViQrCrzrG', 'j68LrRdsdy', '2024-07-05 03:13:36', '2024-07-05 03:13:36', NULL, NULL, 1),
	(20, 'Lenin', 'Rodriguez', '123456', '123456', '12345678', NULL, '1', NULL, NULL, 'sean41@example.net', '2024-07-05 03:13:36', '$2y$12$7PEhzdgANdpI2.94FoIeOeqnfX5gsLbGXKc3hqaXaqxWJnI37ORmC', 'KKAdGAHdl9', '2024-07-05 03:13:36', '2024-07-05 03:13:36', NULL, NULL, 1),
	(21, 'Roberto', 'Zapata', '123456', '123456', '87654321', NULL, '1', NULL, NULL, 'heath12@example.net', '2024-07-05 03:13:36', '$2y$12$HgmIO5OT4R7J20KYMukNjONbqF83vALX/ELDXCDO9QsSTCbialyNy', 'mjBrm6vyuj', '2024-07-05 03:13:36', '2024-07-05 03:13:36', NULL, NULL, 1),
	(22, 'Luis', 'Chero', '969715014', '(NULL)', '52455685', '2024-06-19 17:00:00', '1', NULL, NULL, '12345678', NULL, '$2y$12$RYL7FBockhhhcjxgGbRqEu9YvGOvHPSQsejojfp4y5gfbURxabrXW', NULL, '2024-07-05 03:43:12', '2024-07-05 03:43:12', NULL, 4, 1),
	(23, 'Juan', 'Garcés', '943530103', '(NULL)', '25635285', '2024-05-25 17:00:00', '1', NULL, NULL, 'bbbbb@gmail.com', NULL, '$2y$12$Nu61ScVN67gLTCcFg8H45Om9FfRKZ7Tyylh75cqLt4rt/H/vH1LQK', NULL, '2024-07-05 03:44:13', '2024-07-05 03:44:13', NULL, 3, 1),
	(24, 'Walter', 'Torres', '997101469', NULL, '52455689', '2024-07-08 17:00:00', '1', NULL, NULL, 'walter@gmail.com', NULL, '$2y$12$NdyngLF39k7XUwnLB819aus45rrpuUkpg/XB2JO9MeTLmiV7p86MO', NULL, '2024-07-09 02:12:11', '2024-07-09 02:12:11', NULL, 6, 7),
	(25, 'Santos', 'Menor', '993002631', NULL, '52362585', '2024-07-08 17:00:00', '1', NULL, NULL, 'santos@gmail.com', NULL, '$2y$12$HaDNVxKVRbVjE6EJvnejnOjXKcvzhD2ngJqxgzNum39aRz9.CFpx.', NULL, '2024-07-09 02:13:02', '2024-07-09 02:13:02', NULL, 6, 7),
	(26, 'José', 'Cueva', '993584595', NULL, '52365285', '2024-07-08 17:00:00', '1', NULL, NULL, 'josebarreto@gmail.com', NULL, '$2y$12$yH31gSuf0RAKJocdpch52uquCSsmOvn3e1eM6nrRMKf6uLh8Flpg.', NULL, '2024-07-09 02:20:56', '2024-07-09 02:20:56', NULL, 3, 1),
	(27, 'Pablo', 'Barreto', '949706612', NULL, '52525689', '2024-07-08 17:00:00', '1', NULL, NULL, 'pablobarreto@gmail.com', NULL, '$2y$12$0ynuTN8Hm/ZnkICIZXFtU.ZVZbkf.K20wGsHLbbvTZLgKjMzbcXxi', NULL, '2024-07-09 02:21:49', '2024-07-09 02:21:49', NULL, 6, 1),
	(29, 'Giancarlos', 'Ascate', '997892372', NULL, '45896325', '2024-06-19 17:00:00', '1', NULL, NULL, 'giancarloascate@gmail.com', NULL, '$2y$12$TkpQ.nb9/9ZREq92iIuSKeQFXxUkrQEDA6kn6GaS2vTzbbb8c1qmS', NULL, '2024-07-09 02:25:14', '2024-07-09 02:25:14', NULL, 6, 2),
	(30, 'Erick', 'Horna', '997892575', NULL, '36259585', '2024-07-08 17:00:00', '1', NULL, NULL, 'erick@gmail.com', NULL, '$2y$12$l5T7bVv7GSaaFKJWgFGGze4xhiOaf06bW29oHJgN4yLS.3CRZDR7a', NULL, '2024-07-09 02:25:59', '2024-07-09 02:25:59', NULL, 6, 2);

-- Volcando estructura para tabla bdccicsa.zonas
CREATE TABLE IF NOT EXISTS `zonas` (
  `id` bigint unsigned NOT NULL AUTO_INCREMENT,
  `nombre` varchar(45) COLLATE utf8mb4_unicode_ci NOT NULL,
  `region_id` bigint unsigned DEFAULT NULL,
  `created_at` timestamp NULL DEFAULT NULL,
  `updated_at` timestamp NULL DEFAULT NULL,
  PRIMARY KEY (`id`),
  KEY `zonas_region_id_foreign` (`region_id`),
  CONSTRAINT `zonas_region_id_foreign` FOREIGN KEY (`region_id`) REFERENCES `regions` (`id`)
) ENGINE=InnoDB AUTO_INCREMENT=19 DEFAULT CHARSET=utf8mb4 COLLATE=utf8mb4_unicode_ci;

-- Volcando datos para la tabla bdccicsa.zonas: ~17 rows (aproximadamente)
DELETE FROM `zonas`;
INSERT INTO `zonas` (`id`, `nombre`, `region_id`, `created_at`, `updated_at`) VALUES
	(1, 'TRUJILLO', 1, NULL, NULL),
	(2, 'CHIMBOTE', 1, NULL, NULL),
	(3, 'HUARAZ', 1, NULL, NULL),
	(4, 'TUMBES', 1, NULL, NULL),
	(5, 'CAJAMARCA', 1, NULL, NULL),
	(6, 'JAEN', 1, NULL, NULL),
	(7, 'CHICLAYO', 1, NULL, NULL),
	(8, 'AMAZONAS', 1, NULL, NULL),
	(9, 'PIURA', 1, NULL, NULL),
	(10, 'CHOTA', 1, NULL, NULL),
	(11, 'PUCALLPA', 1, NULL, NULL),
	(12, 'IQUITOS', 1, NULL, NULL),
	(13, 'N/D', 1, NULL, NULL),
	(14, 'TALARA', 1, NULL, NULL),
	(15, 'HUANCABAMBA', 1, NULL, NULL),
	(16, 'PEDRO RUIZ', 1, NULL, NULL),
	(17, 'HUAMACHUCO', 1, NULL, NULL),
	(18, 'ARAGOSTAY', NULL, NULL, NULL);

-- Volcando estructura para tabla bdccicsa.zona_user
CREATE TABLE IF NOT EXISTS `zona_user` (
  `id` bigint unsigned NOT NULL AUTO_INCREMENT,
  `is_user` char(1) COLLATE utf8mb4_unicode_ci NOT NULL DEFAULT '1',
  `user_id` bigint unsigned NOT NULL,
  `zona_id` bigint unsigned NOT NULL,
  `tipo_planta_id` bigint unsigned NOT NULL,
  `fecha_alta` date NOT NULL,
  `fecha_baja` date DEFAULT NULL,
  `estado` char(1) COLLATE utf8mb4_unicode_ci NOT NULL DEFAULT '1',
  `created_at` timestamp NULL DEFAULT NULL,
  `updated_at` timestamp NULL DEFAULT NULL,
  PRIMARY KEY (`id`),
  KEY `zona_user_user_id_foreign` (`user_id`),
  KEY `zona_user_zona_id_foreign` (`zona_id`),
  KEY `zona_user_tipo_planta_id_foreign` (`tipo_planta_id`),
  CONSTRAINT `zona_user_tipo_planta_id_foreign` FOREIGN KEY (`tipo_planta_id`) REFERENCES `tipo_plantas` (`id`),
  CONSTRAINT `zona_user_user_id_foreign` FOREIGN KEY (`user_id`) REFERENCES `users` (`id`),
  CONSTRAINT `zona_user_zona_id_foreign` FOREIGN KEY (`zona_id`) REFERENCES `zonas` (`id`)
) ENGINE=InnoDB AUTO_INCREMENT=51 DEFAULT CHARSET=utf8mb4 COLLATE=utf8mb4_unicode_ci;

-- Volcando datos para la tabla bdccicsa.zona_user: ~44 rows (aproximadamente)
DELETE FROM `zona_user`;
INSERT INTO `zona_user` (`id`, `is_user`, `user_id`, `zona_id`, `tipo_planta_id`, `fecha_alta`, `fecha_baja`, `estado`, `created_at`, `updated_at`) VALUES
	(1, '1', 20, 1, 2, '2024-07-04', NULL, '1', NULL, NULL),
	(2, '1', 20, 2, 2, '2024-07-04', NULL, '1', NULL, NULL),
	(3, '1', 20, 3, 2, '2024-07-04', NULL, '1', NULL, NULL),
	(4, '1', 20, 4, 2, '2024-07-04', NULL, '1', NULL, NULL),
	(5, '1', 21, 1, 2, '2024-07-04', NULL, '1', NULL, NULL),
	(6, '1', 21, 2, 2, '2024-07-04', NULL, '1', NULL, NULL),
	(7, '1', 21, 3, 2, '2024-07-04', NULL, '1', NULL, NULL),
	(8, '1', 21, 4, 2, '2024-07-04', NULL, '1', NULL, NULL),
	(9, '0', 22, 4, 2, '2024-07-04', NULL, '1', NULL, NULL),
	(10, '0', 22, 9, 2, '2024-07-04', NULL, '1', NULL, NULL),
	(11, '0', 22, 14, 2, '2024-07-04', NULL, '1', NULL, NULL),
	(12, '0', 22, 15, 2, '2024-07-04', NULL, '1', NULL, NULL),
	(13, '0', 23, 4, 2, '2024-07-04', NULL, '1', NULL, NULL),
	(14, '0', 23, 9, 2, '2024-07-04', NULL, '1', NULL, NULL),
	(15, '0', 23, 14, 2, '2024-07-04', NULL, '1', NULL, NULL),
	(16, '0', 23, 15, 2, '2024-07-04', NULL, '1', NULL, NULL),
	(17, '0', 24, 7, 2, '2024-07-08', NULL, '1', NULL, NULL),
	(18, '0', 24, 5, 2, '2024-07-08', NULL, '1', NULL, NULL),
	(19, '0', 24, 10, 2, '2024-07-08', NULL, '1', NULL, NULL),
	(20, '0', 24, 6, 2, '2024-07-08', NULL, '1', NULL, NULL),
	(21, '0', 24, 16, 2, '2024-07-08', NULL, '1', NULL, NULL),
	(22, '0', 25, 7, 2, '2024-07-08', NULL, '1', NULL, NULL),
	(23, '0', 25, 5, 2, '2024-07-08', NULL, '1', NULL, NULL),
	(24, '0', 25, 10, 2, '2024-07-08', NULL, '1', NULL, NULL),
	(25, '0', 25, 6, 2, '2024-07-08', NULL, '1', NULL, NULL),
	(26, '0', 25, 16, 2, '2024-07-08', NULL, '1', NULL, NULL),
	(27, '0', 26, 1, 2, '2024-07-08', NULL, '1', NULL, NULL),
	(28, '0', 27, 1, 2, '2024-07-08', NULL, '1', NULL, NULL),
	(29, '0', 29, 2, 2, '2024-07-08', NULL, '1', NULL, NULL),
	(30, '0', 29, 3, 2, '2024-07-08', NULL, '1', NULL, NULL),
	(31, '0', 30, 2, 2, '2024-07-08', NULL, '1', NULL, NULL),
	(32, '0', 30, 3, 2, '2024-07-08', NULL, '1', NULL, NULL),
	(33, '1', 20, 5, 2, '2024-07-04', NULL, '1', NULL, NULL),
	(34, '1', 20, 6, 2, '2024-07-08', NULL, '1', NULL, NULL),
	(35, '1', 20, 7, 2, '2024-07-08', NULL, '1', NULL, NULL),
	(36, '1', 20, 8, 2, '2024-07-08', NULL, '1', NULL, NULL),
	(37, '1', 20, 9, 2, '2024-07-08', NULL, '1', NULL, NULL),
	(38, '1', 20, 10, 2, '2024-07-08', NULL, '1', NULL, NULL),
	(39, '1', 20, 11, 2, '2024-07-08', NULL, '1', NULL, NULL),
	(40, '1', 20, 12, 2, '2024-07-08', NULL, '1', NULL, NULL),
	(41, '1', 20, 14, 2, '2024-07-08', NULL, '1', NULL, NULL),
	(42, '1', 21, 5, 2, '2024-07-08', NULL, '1', NULL, NULL),
	(43, '1', 21, 6, 2, '2024-07-08', NULL, '1', NULL, NULL),
	(44, '1', 21, 7, 2, '2024-07-08', NULL, '1', NULL, NULL),
	(45, '1', 21, 8, 2, '2024-07-08', NULL, '1', NULL, NULL),
	(46, '1', 21, 9, 2, '2024-07-08', NULL, '1', NULL, NULL),
	(47, '1', 21, 10, 2, '2024-07-08', NULL, '1', NULL, NULL),
	(48, '1', 21, 11, 2, '2024-07-08', NULL, '1', NULL, NULL),
	(49, '1', 21, 12, 2, '2024-07-08', NULL, '1', NULL, NULL),
	(50, '1', 21, 14, 2, '2024-07-08', NULL, '1', NULL, NULL);

/*!40103 SET TIME_ZONE=IFNULL(@OLD_TIME_ZONE, 'system') */;
/*!40101 SET SQL_MODE=IFNULL(@OLD_SQL_MODE, '') */;
/*!40014 SET FOREIGN_KEY_CHECKS=IFNULL(@OLD_FOREIGN_KEY_CHECKS, 1) */;
/*!40101 SET CHARACTER_SET_CLIENT=@OLD_CHARACTER_SET_CLIENT */;
/*!40111 SET SQL_NOTES=IFNULL(@OLD_SQL_NOTES, 1) */;
