{
    "openapi": "3.0.0",
    "info": {
        "title": "Cicsa Api",
        "description": "Cicsa Controller",
        "version": "1"
    },
    "servers": [
        {
            "url": "http://localhost:8080/api",
            "description": "Servidor Local"
        },
        {
            "url": "https://cicsa.situaweb.com/public/api",
            "description": "Servidor de Producción"
        }
    ],
    "paths": {
        "/bitacoras": {
            "get": {
                "tags": [
                    "Bitácoras"
                ],
                "operationId": "aeee6fb0d8777dfc92b964f0370ac287",
                "responses": {
                    "200": {
                        "description": "Muestra una lista de bitacoras."
                    }
                },
                "security": [
                    {
                        "bearerAuth": []
                    }
                ]
            }
        },
        "/bitacoras/{id}": {
            "get": {
                "tags": [
                    "Bitácoras"
                ],
                "operationId": "2e440d89da7ea805867eb11c71b78f4d",
                "parameters": [
                    {
                        "name": "id",
                        "in": "path",
                        "description": "ID de la bitácora",
                        "required": true,
                        "schema": {
                            "type": "string"
                        }
                    }
                ],
                "responses": {
                    "200": {
                        "description": "Muestra una bitácora específica."
                    }
                },
                "security": [
                    {
                        "bearerAuth": []
                    }
                ]
            },
            "post": {
                "tags": [
                    "Bitácoras"
                ],
                "operationId": "47d272875829788f17c65727ca946cc1",
                "parameters": [
                    {
                        "name": "id",
                        "in": "path",
                        "description": "ID de la bitácora",
                        "required": true,
                        "schema": {
                            "type": "string"
                        }
                    }
                ],
                "responses": {
                    "200": {
                        "description": "Actualiza una bitácora."
                    }
                },
                "security": [
                    {
                        "bearerAuth": []
                    }
                ]
            }
        }
    },
    "components": {
        "securitySchemes": {
            "bearerAuth": {
                "type": "http",
                "name": "bearerAuth",
                "in": "header",
                "bearerFormat": "JWT",
                "scheme": "bearer"
            }
        }
    },
    "tags": [
        {
            "name": "Bitácoras",
            "description": "Endpoints relacionados con la gestión de bitácoras"
        }
    ]
}