{
    "data": [
        {
            "name" : "Andrea Lalema",
            "consultingDoctor" : "Dr.Bernardo James",
            "treatment" : "Infertility",
            "degree" : "MBBS, MS",
            "mobile" : "+1 23 456890",
            "email" : "example@email.com",
            "date" : "01.10.2022",
            "time" : "07:30",
            "img" : "assets/img/profiles/avatar-01.jpg"
        },
        {
            "name" : "Dr.Smith Bruklin",
            "consultingDoctor" : "Dr.William Stephin",
            "treatment" : "Prostate",
            "degree" : "MBBS, MS",
            "mobile" : "+1 23 456890",
            "email" : "example@email.com",
            "date" : "01.10.2022",
            "time" : "07:30",
            "img" : "assets/img/profiles/avatar-02.jpg"
        },
        {
            "name" : "Andrea Lalema",
            "consultingDoctor" : "Dr.Galaviz Lalema",
            "treatment" : "Infertility",
            "degree" : "MBBS, MS",
            "mobile" : "+1 23 456890",
            "email" : "example@email.com",
            "date" : "01.10.2022",
            "time" : "07:30",
            "img" : "assets/img/profiles/avatar-03.jpg"
        },
        {
            "name" : "Dr.William Stephin",
            "consultingDoctor" : "Dr.Cristina Groves",
            "treatment" : "Cancer",
            "degree" : "MBBS, MS",
            "mobile" : "+1 23 456890",
            "email" : "example@email.com",
            "date" : "01.10.2022",
            "time" : "07:30",
            "img" : "assets/img/profiles/avatar-04.jpg"
        },
        {
            "name" : "Bernardo James",
            "consultingDoctor" : "Dr.Smith Bruklin",
            "treatment" : "Prostate",
            "degree" : "MBBS, MS",
            "mobile" : "+1 23 456890",
            "email" : "example@email.com",
            "date" : "01.10.2022",
            "time" : "07:30",
            "img" : "assets/img/profiles/avatar-05.jpg"
        },
        {
            "name" : "Cristina Groves",
            "consultingDoctor" : "Dr.Smith Bruklin",
            "treatment" : "Prostate",
            "degree" : "MBBS, MS",
            "mobile" : "+1 23 456890",
            "email" : "example@email.com",
            "date" : "01.10.2022",
            "time" : "07:30",
            "img" : "assets/img/profiles/avatar-06.jpg"
        },
        {
            "name" : "Mark Hay Smith",
            "consultingDoctor" : "Dr.Smith Bruklin",
            "treatment" : "Prostate",
            "degree" : "MBBS, MS",
            "mobile" : "+1 23 456890",
            "email" : "example@email.com",
            "date" : "01.10.2022",
            "time" : "07:30",
            "img" : "assets/img/profiles/avatar-07.jpg"
        },
        {
            "name" : "Andrea Lalema",
            "consultingDoctor" : "Dr.Bernardo James",
            "treatment" : "Infertility",
            "degree" : "MBBS, MS",
            "mobile" : "+1 23 456890",
            "email" : "example@email.com",
            "date" : "01.10.2022",
            "time" : "07:30",
            "img" : "assets/img/profiles/avatar-08.jpg"
        }
    ],
    "totalData":8
}