{
    "data": [
        {
            "item" : "Anaesthetic machine",
            "purchaseFrom" : "Biomedical Equipment Inc",
            "purchaseBy" : "Andrea Lalema",
            "paidBy" : "Paypal",
            "date" : "04.10.2022",
            "amount" : "$1000",
            "status" : "Approved",
            "img" : "assets/img/profiles/avatar-01.jpg"
        },
        {
            "item" : "Aspiration Pump",
            "purchaseFrom" : "Medi Pro Service",
            "purchaseBy" : "William Stephin",
            "paidBy" : "Cheque",
            "date" : "08.10.2022",
            "amount" : "$2000",
            "status" : "Rejected",
            "img" : "assets/img/profiles/avatar-02.jpg"
        },
        {
            "item" : "Anaesthetic machine",
            "purchaseFrom" : "Biomedical Equipment Inc",
            "purchaseBy" : "Smith Bruklin",
            "paidBy" : "Paypal",
            "date" : "04.10.2022",
            "amount" : "$1000",
            "status" : "Pending",
            "img" : "assets/img/profiles/avatar-03.jpg"
        },
        {
            "item" : "Anaesthetic machine",
            "purchaseFrom" : "Biomedical Equipment Inc",
            "purchaseBy" : "Bernardo James",
            "paidBy" : "Paypal",
            "date" : "04.10.2022",
            "amount" : "$1000",
            "status" : "New",
            "img" : "assets/img/profiles/avatar-04.jpg"
        },
        {
            "item" : "Medical Expenses",
            "purchaseFrom" : "Hi-life Medicals",
            "purchaseBy" : "Cristina Groves",
            "paidBy" : "Debit Card",
            "date" : "04.10.2022",
            "amount" : "$1600",
            "status" : "Approved",
            "img" : "assets/img/profiles/avatar-05.jpg"
        },
        {
            "item" : "Anaesthetic machine",
            "purchaseFrom" : "Biomedical Equipment Inc",
            "purchaseBy" : " Mark Hay Smith",
            "paidBy" : "Paypal",
            "date" : "04.10.2022",
            "amount" : "$1000",
            "status" : "Approved",
            "img" : "assets/img/profiles/avatar-06.jpg"
        },
        {
            "item" : "Aspiration Pump",
            "purchaseFrom" : "Medi Pro Service",
            "purchaseBy" : "Andrea Lalema",
            "paidBy" : "Cheque",
            "date" : "06.10.2022",
            "amount" : "$4000",
            "status" : "Rejected",
            "img" : "assets/img/profiles/avatar-07.jpg"
        },
        {
            "item" : "Medical Expenses",
            "purchaseFrom" : "Hi-life Medicals",
            "purchaseBy" : "Smith Bruklin",
            "paidBy" : "Debit Card",
            "date" : "04.10.2022",
            "amount" : "$1000",
            "status" : "Approved",
            "img" : "assets/img/profiles/avatar-08.jpg"
        }
    ],
    "totalData":8
}