{
    "data": [
        {
            "invoiceId" : "IN093439#@09",
            "category" : "Advertising",
            "createdOn" : "16 Mar 2022",
            "invoiceTo" : "Barbara Moore",
            "amount" : "$1,54,220",
            "cancelledOn" : "23 Mar 2022",
            "status" : "Overdue 7 days",
            "img" : "assets/img/profiles/avatar-04.jpg"
        },
        {
            "invoiceId" : "IN093439#@10",
            "category" : "Food",
            "createdOn" : "18 Mar 2022",
            "invoiceTo" : " Karlene Chaidez",
            "amount" : "$1,222",
            "cancelledOn" : "23 Mar 2022",
            "status" : "Overdue 4 days",
            "img" : "assets/img/profiles/avatar-06.jpg"
        },
        {
            "invoiceId" : "IN093439#@11",
            "category" : "Marketing",
            "createdOn" : "7 Mar 2022",
            "invoiceTo" : "Russell Copeland",
            "amount" : "$3,470",
            "cancelledOn" : "10 Mar 2022",
            "status" : "Overdue 3 days",
            "img" : "assets/img/profiles/avatar-08.jpg"
        },
        {
            "invoiceId" : "IN093439#@12",
            "category" : "Repairs",
            "createdOn" : "24 Mar 2022",
            "invoiceTo" : " Joseph Collins",
            "amount" : "$8,265",
            "cancelledOn" : "30 Mar 2022",
            "status" : "Overdue 6 days",
            "img" : "assets/img/profiles/avatar-10.jpg"
        },
        {
            "invoiceId" : "IN093439#@13",
            "category" : "Software",
            "createdOn" : "17 Mar 2022",
            "invoiceTo" : "Jennifer Floyd",
            "amount" : "$5,200",
            "cancelledOn" : "20 Mar 2022",
            "status" : "Overdue 3 days",
            "img" : "assets/img/profiles/avatar-11.jpg"
        }
    ],
    "totalData":5
}