{
    "data": [
        {
            "invoiceNumber" : "#INV-0001",
            "patient" : "Andrea Lalema",
            "createdDate" : "01.10.2022",
            "dueDate" : "01.10.2022",
            "amount" : "$20",
            "status" : "Paid",
            "img" : "assets/img/profiles/avatar-01.jpg"
        },
        {
            "invoiceNumber" : "#INV-0002",
            "patient" : "Smith Bruklin",
            "createdDate" : "02.10.2022",
            "dueDate" : "02.10.2022",
            "amount" : "$15",
            "status" : "Un Paid",
            "img" : "assets/img/profiles/avatar-02.jpg"
        },
        {
            "invoiceNumber" : "#INV-0003",
            "patient" : "Bernardo James",
            "createdDate" : "01.10.2022",
            "dueDate" : "01.10.2022",
            "amount" : "$20",
            "status" : "Paid",
            "img" : "assets/img/profiles/avatar-03.jpg"
        },
        {
            "invoiceNumber" : "#INV-0004",
            "patient" : "Mark Hay Smith",
            "createdDate" : "05.10.2022",
            "dueDate" : "05.10.2022",
            "amount" : "$10",
            "status" : "Partially Paid",
            "img" : "assets/img/profiles/avatar-04.jpg"
        },
        {
            "invoiceNumber" : "#INV-0005",
            "patient" : "Galaviz Lalema",
            "createdDate" : "01.10.2022",
            "dueDate" : "01.10.2022",
            "amount" : "$20",
            "status" : "Paid",
            "img" : "assets/img/profiles/avatar-05.jpg"
        },
        {
            "invoiceNumber" : "#INV-0006",
            "patient" : "Andrea Lalema",
            "createdDate" : "05.10.2022",
            "dueDate" : "05.10.2022",
            "amount" : "$10",
            "status" : "Partially Paid",
            "img" : "assets/img/profiles/avatar-06.jpg"
        },
        {
            "invoiceNumber" : "#INV-0007",
            "patient" : "William Stephin",
            "createdDate" : "10.10.2022",
            "dueDate" : "10.10.2022",
            "amount" : "$30",
            "status" : "Paid",
            "img" : "assets/img/profiles/avatar-07.jpg"
        }
    ],
    "totalData":7
}